CustomerID,Recency,Frequency,Monetary,Recency_Log,Frequency_Log,Monetary_Log,Cluster,Segment,HighValue
12346.0,326,1,77183.6,5.7899601708972535,0.6931471805599453,11.253955234248428,3,Loyal Customers,1
12347.0,2,7,4310.0,1.0986122886681098,2.0794415416798357,8.368925174747135,0,Champions,1
12348.0,75,4,1797.24,4.330733340286331,1.6094379124341003,7.494563687769957,3,Loyal Customers,1
12349.0,19,1,1757.55,2.995732273553991,0.6931471805599453,7.472244884833674,2,Potential Customers,1
12350.0,310,1,334.4,5.739792912179234,0.6931471805599453,5.815323849389109,1,At Risk Customers,0
12352.0,36,8,2506.04,3.6109179126442243,2.1972245773362196,7.826858053356098,3,Loyal Customers,1
12353.0,204,1,89.0,5.3230099791384085,0.6931471805599453,4.499809670330265,1,At Risk Customers,0
12354.0,232,1,1079.4,5.4510384535657,0.6931471805599453,6.985086621918461,1,At Risk Customers,1
12355.0,214,1,459.4,5.3706380281276624,0.6931471805599453,6.132095676847728,1,At Risk Customers,0
12356.0,23,3,2811.43,3.1780538303479458,1.3862943611198906,7.941804157314053,3,Loyal Customers,1
12357.0,33,1,6207.67,3.5263605246161616,0.6931471805599453,8.733701981297274,3,Loyal Customers,1
12358.0,2,2,1168.06,1.0986122886681098,1.0986122886681098,7.063955286074528,2,Potential Customers,1
12359.0,58,4,6310.03,4.07753744390572,1.6094379124341003,8.750054175177759,3,Loyal Customers,1
12360.0,52,3,2662.06,3.970291913552122,1.3862943611198906,7.887231116540211,3,Loyal Customers,1
12361.0,287,1,189.9,5.662960480135946,0.6931471805599453,5.251749730731702,1,At Risk Customers,0
12362.0,3,10,5226.23,1.3862943611198906,2.3978952727983707,8.56163678004062,0,Champions,1
12363.0,110,2,552.0,4.709530201312334,1.0986122886681098,6.315358001522335,1,At Risk Customers,0
12364.0,8,4,1313.1,2.1972245773362196,1.6094379124341003,7.180907299649593,2,Potential Customers,1
12365.0,291,2,641.38,5.676753802268282,1.0986122886681098,6.465180028897591,1,At Risk Customers,0
12367.0,4,1,168.9,1.6094379124341003,0.6931471805599453,5.135210028677887,2,Potential Customers,0
12370.0,51,4,3541.94,3.9512437185814275,1.6094379124341003,8.172712169921061,3,Loyal Customers,1
12371.0,45,2,1887.96,3.828641396489095,1.0986122886681098,7.543781692052325,3,Loyal Customers,1
12372.0,72,3,1298.04,4.290459441148391,1.3862943611198906,7.169380809114136,3,Loyal Customers,1
12373.0,311,1,364.6,5.7430031878094825,0.6931471805599453,5.901539839579995,1,At Risk Customers,0
12374.0,25,1,742.9300000000001,3.258096538021482,0.6931471805599453,6.6119469443852195,2,Potential Customers,1
12375.0,11,2,457.5,2.4849066497880004,1.0986122886681098,6.127960291696519,2,Potential Customers,0
12377.0,315,2,1628.12,5.755742213586912,1.0986122886681098,7.395795270713971,3,Loyal Customers,1
12378.0,130,1,4008.62,4.875197323201151,0.6931471805599453,8.29645175271804,3,Loyal Customers,1
12379.0,82,2,852.24,4.418840607796598,1.0986122886681098,6.749040867823617,3,Loyal Customers,1
12380.0,22,4,2724.81,3.1354942159291497,1.6094379124341003,7.910520910634419,3,Loyal Customers,1
12381.0,5,5,1845.31,1.791759469228055,1.791759469228055,7.520944331624911,0,Champions,1
12383.0,185,5,1850.56,5.225746673713202,1.791759469228055,7.523783805985769,3,Loyal Customers,1
12384.0,29,2,585.27,3.4011973816621555,1.0986122886681098,6.373780434317173,2,Potential Customers,0
12386.0,338,2,401.9,5.82600010738045,1.0986122886681098,5.998688392197302,1,At Risk Customers,0
12388.0,16,6,2780.66,2.833213344056216,1.9459101490553132,7.930803150780256,0,Champions,1
12390.0,80,1,549.84,4.394449154672439,0.6931471805599453,6.311444385858925,1,At Risk Customers,0
12391.0,22,1,439.66,3.1354942159291497,0.6931471805599453,6.0882736030360425,2,Potential Customers,0
12393.0,72,4,1582.6000000000001,4.290459441148391,1.6094379124341003,7.3674560152319755,3,Loyal Customers,1
12394.0,64,2,1272.48,4.174387269895637,1.0986122886681098,7.149508589545504,3,Loyal Customers,1
12395.0,19,12,3018.63,2.995732273553991,2.5649493574615367,8.012889586306857,0,Champions,1
12397.0,36,2,2409.9,3.6109179126442243,1.0986122886681098,7.7877554007552545,3,Loyal Customers,1
12398.0,46,1,1635.6599999999999,3.8501476017100584,0.6931471805599453,7.4004128587924045,3,Loyal Customers,1
12399.0,119,4,1108.65,4.787491742782046,1.6094379124341003,7.011799929268738,3,Loyal Customers,1
12401.0,303,1,84.3,5.717027701406222,0.6931471805599453,4.446174454497633,1,At Risk Customers,0
12402.0,323,1,225.6,5.780743515792329,0.6931471805599453,5.423186348593906,1,At Risk Customers,0
12403.0,50,1,427.7,3.9318256327243257,0.6931471805599453,6.0607573736039315,1,At Risk Customers,0
12405.0,149,1,1710.39,5.0106352940962555,0.6931471805599453,7.445061184797548,3,Loyal Customers,1
12406.0,22,2,3415.3,3.1354942159291497,1.0986122886681098,8.136313373066384,3,Loyal Customers,1
12407.0,50,5,1708.1200000000001,3.9318256327243257,1.791759469228055,7.4437338971514055,3,Loyal Customers,1
12408.0,33,5,2888.55,3.5263605246161616,1.791759469228055,7.968856059639959,3,Loyal Customers,1
12409.0,79,3,11072.67,4.382026634673881,1.3862943611198906,9.312325497408466,3,Loyal Customers,1
12410.0,309,2,693.3299999999999,5.736572297479192,1.0986122886681098,6.542947351813216,1,At Risk Customers,1
12412.0,75,3,1226.88,4.330733340286331,1.3862943611198906,7.1130443840624835,3,Loyal Customers,1
12413.0,67,3,758.1,4.219507705176107,1.3862943611198906,6.632133521022722,3,Loyal Customers,1
12414.0,217,3,562.41,5.384495062789089,1.3862943611198906,6.334007604663525,1,At Risk Customers,0
12415.0,24,21,124914.53,3.2188758248682006,3.091042453358316,11.735393027855736,0,Champions,1
12417.0,3,9,3649.1,1.3862943611198906,2.302585092994046,8.202509843461513,0,Champions,1
12418.0,113,1,668.58,4.736198448394496,0.6931471805599453,6.506650650150935,1,At Risk Customers,1
12420.0,64,1,600.39,4.174387269895637,0.6931471805599453,6.3992436425478765,1,At Risk Customers,0
12421.0,16,4,807.04,2.833213344056216,1.6094379124341003,6.694611562246261,2,Potential Customers,1
12422.0,96,3,803.5600000000001,4.574710978503383,1.3862943611198906,6.690295544136225,3,Loyal Customers,1
12423.0,1,8,1859.31,0.6931471805599453,2.1972245773362196,7.528498419486568,0,Champions,1
12424.0,163,2,1760.96,5.099866427824199,1.0986122886681098,7.474182104762846,3,Loyal Customers,1
12425.0,78,1,777.2,4.3694478524670215,0.6931471805599453,6.6569835605504535,1,At Risk Customers,1
12426.0,195,1,582.73,5.278114659230517,0.6931471805599453,6.369438547154207,1,At Risk Customers,0
12427.0,22,3,825.8,3.1354942159291497,1.3862943611198906,6.717562827807613,2,Potential Customers,1
12428.0,26,9,7956.46,3.295836866004329,2.302585092994046,8.981865132439246,0,Champions,1
12429.0,9,4,3750.4,2.302585092994046,1.6094379124341003,8.22988438262624,0,Champions,1
12430.0,43,1,256.4,3.784189633918261,0.6931471805599453,5.5506312951620265,1,At Risk Customers,0
12431.0,36,15,6419.95,3.6109179126442243,2.772588722239781,8.767321360814657,0,Champions,1
12432.0,43,5,5059.32,3.784189633918261,1.791759469228055,8.529185001388596,3,Loyal Customers,1
12433.0,1,7,13375.87,0.6931471805599453,2.0794415416798357,9.50128237507538,0,Champions,1
12434.0,85,2,806.14,4.454347296253507,1.0986122886681098,6.6934971352559,3,Loyal Customers,1
12435.0,80,2,7829.89,4.394449154672439,1.0986122886681098,8.965831447914955,3,Loyal Customers,1
12436.0,100,1,509.01,4.61512051684126,0.6931471805599453,6.234430333369278,1,At Risk Customers,0
12437.0,2,18,4951.41,1.0986122886681098,2.9444389791664403,8.507629605767502,0,Champions,1
12438.0,14,2,2906.85,2.70805020110221,1.0986122886681098,7.9751692554798295,3,Loyal Customers,1
12441.0,367,1,173.55,5.908082938168931,0.6931471805599453,5.162211233551045,1,At Risk Customers,0
12442.0,3,1,172.06,1.3862943611198906,0.6931471805599453,5.153638355178593,2,Potential Customers,0
12444.0,21,5,5005.46,3.091042453358316,1.791759469228055,8.518484357502437,0,Champions,1
12445.0,22,1,133.4,3.1354942159291497,0.6931471805599453,4.900820428089049,2,Potential Customers,0
12446.0,58,1,1002.3100000000001,4.07753744390572,0.6931471805599453,6.9110598129904375,1,At Risk Customers,1
12447.0,243,1,476.49,5.497168225293202,0.6931471805599453,6.168543217293113,1,At Risk Customers,0
12448.0,44,1,449.45,3.8066624897703196,0.6931471805599453,6.110247083097449,1,At Risk Customers,0
12449.0,22,4,4067.29,3.1354942159291497,1.6094379124341003,8.310978042729836,3,Loyal Customers,1
12450.0,156,2,197.88,5.056245805348308,1.0986122886681098,5.292701627762401,1,At Risk Customers,0
12451.0,11,5,9035.52,2.4849066497880004,1.791759469228055,9.109029423519523,0,Champions,1
12452.0,17,2,430.57,2.8903717578961645,1.0986122886681098,6.067429722163682,2,Potential Customers,0
12453.0,134,1,707.09,4.90527477843843,0.6931471805599453,6.562571204258897,1,At Risk Customers,1
12454.0,56,1,3528.34,4.04305126783455,0.6931471805599453,8.168866163607964,3,Loyal Customers,1
12455.0,73,6,2466.86,4.30406509320417,1.9459101490553132,7.81110665732229,3,Loyal Customers,1
12456.0,44,3,3181.04,3.8066624897703196,1.3862943611198906,8.065277779528966,3,Loyal Customers,1
12457.0,66,7,2363.23,4.204692619390966,2.0794415416798357,7.768207666517555,3,Loyal Customers,1
12458.0,71,2,947.4,4.276666119016055,1.0986122886681098,6.854776354191251,3,Loyal Customers,1
12461.0,94,2,826.88,4.553876891600541,1.0986122886681098,6.718868216346018,3,Loyal Customers,1
12462.0,19,2,1189.59,2.995732273553991,1.0986122886681098,7.082204261557526,2,Potential Customers,1
12463.0,53,4,1344.78,3.9889840465642745,1.6094379124341003,7.204729049594601,3,Loyal Customers,1
12464.0,10,8,1212.05,2.3978952727983707,2.1972245773362196,7.100893128209941,0,Champions,1
12465.0,17,2,742.1899999999999,2.8903717578961645,1.0986122886681098,6.610951732080795,2,Potential Customers,1
12468.0,188,2,729.5400000000001,5.241747015059643,1.0986122886681098,6.593783986707386,1,At Risk Customers,1
12471.0,2,30,19788.65,1.0986122886681098,3.4339872044851463,9.89291435274037,0,Champions,1
12472.0,32,7,6572.11,3.4965075614664802,2.0794415416798357,8.790742363252102,0,Champions,1
12473.0,29,5,3928.0499999999997,3.4011973816621555,1.791759469228055,8.276152945361936,3,Loyal Customers,1
12474.0,17,18,7324.09,2.8903717578961645,2.9444389791664403,8.899060720499207,0,Champions,1
12475.0,54,1,723.38,4.007333185232471,0.6931471805599453,6.585316116572351,1,At Risk Customers,1
12476.0,16,11,6816.42,2.833213344056216,2.4849066497880004,8.82723638014411,0,Champions,1
12477.0,23,6,13219.74,3.1780538303479458,1.9459101490553132,9.489542087633343,0,Champions,1
12478.0,4,1,680.99,1.6094379124341003,0.6931471805599453,6.525014994979364,2,Potential Customers,1
12479.0,11,1,527.2,2.4849066497880004,0.6931471805599453,6.269474999863032,2,Potential Customers,0
12480.0,28,4,3281.63,3.367295829986474,1.6094379124341003,8.096400209353131,3,Loyal Customers,1
12481.0,23,10,5579.82,3.1780538303479458,2.3978952727983707,8.62709099798378,0,Champions,1
12483.0,17,8,2484.98,2.8903717578961645,2.1972245773362196,7.818422226986002,0,Champions,1
12484.0,33,6,4527.32,3.5263605246161616,1.9459101490553132,8.418106288764006,3,Loyal Customers,1
12488.0,10,3,1298.66,2.3978952727983707,1.3862943611198906,7.169857970780942,2,Potential Customers,1
12489.0,336,1,334.93,5.820082930352362,0.6931471805599453,5.816902804925467,1,At Risk Customers,0
12490.0,5,10,5417.93,1.791759469228055,2.3978952727983707,8.597653657970227,0,Champions,1
12491.0,39,1,460.40000000000003,3.6888794541139363,0.6931471805599453,6.134265345739653,2,Potential Customers,0
12492.0,63,2,263.21000000000004,4.1588830833596715,1.0986122886681098,5.5767442414854775,1,At Risk Customers,0
12493.0,166,2,433.74,5.117993812416755,1.0986122886681098,6.0747481512447195,1,At Risk Customers,0
12494.0,16,7,1246.1000000000001,2.833213344056216,2.0794415416798357,7.128576134926702,3,Loyal Customers,1
12497.0,82,1,1043.1,4.418840607796598,0.6931471805599453,6.950910549296065,1,At Risk Customers,1
12498.0,21,3,403.70000000000005,3.091042453358316,1.3862943611198906,6.00314605188182,2,Potential Customers,0
12500.0,23,11,4257.82,3.1780538303479458,2.4849066497880004,8.356747405587967,0,Champions,1
12501.0,337,1,2169.39,5.823045895483019,0.6931471805599453,7.682662153888476,1,At Risk Customers,1
12502.0,96,5,3723.87,4.574710978503383,1.791759469228055,8.222787230875806,3,Loyal Customers,1
12504.0,18,2,482.04999999999995,2.9444389791664403,1.0986122886681098,6.180120167963518,2,Potential Customers,0
12506.0,233,1,73.5,5.455321115357702,0.6931471805599453,4.310799125385514,1,At Risk Customers,0
12507.0,134,3,1304.81,4.90527477843843,1.3862943611198906,7.174578816863813,3,Loyal Customers,1
12508.0,26,2,397.88,3.295836866004329,1.0986122886681098,5.988660619775247,2,Potential Customers,0
12509.0,284,1,176.5,5.652489180268651,0.6931471805599453,5.178970608915471,1,At Risk Customers,0
12510.0,143,2,982.5699999999999,4.969813299576001,1.0986122886681098,6.8911888096735625,3,Loyal Customers,1
12512.0,66,2,132.18,4.204692619390966,1.0986122886681098,4.891701596682476,1,At Risk Customers,0
12513.0,113,1,612.29,4.736198448394496,0.6931471805599453,6.418837907265026,1,At Risk Customers,0
12514.0,267,1,1017.68,5.5909869805108565,0.6931471805599453,6.926262950537876,1,At Risk Customers,1
12515.0,353,1,383.7,5.869296913133774,0.6931471805599453,5.95246380975825,1,At Risk Customers,0
12516.0,78,2,1312.06,4.3694478524670215,1.0986122886681098,7.180115570136106,3,Loyal Customers,1
12517.0,28,5,2481.6,3.367295829986474,1.791759469228055,7.817061677081847,3,Loyal Customers,1
12518.0,1,5,2056.89,0.6931471805599453,1.791759469228055,7.629436465014086,0,Champions,1
12519.0,64,1,330.84,4.174387269895637,0.6931471805599453,5.804652925041163,1,At Risk Customers,0
12520.0,79,5,2634.26,4.382026634673881,1.791759469228055,7.876737127834484,3,Loyal Customers,1
12521.0,143,1,599.68,4.969813299576001,0.6931471805599453,6.39806234681208,1,At Risk Customers,0
12522.0,39,2,192.72,3.6888794541139363,1.0986122886681098,5.266413817535028,2,Potential Customers,0
12523.0,19,11,1789.77,2.995732273553991,2.4849066497880004,7.490400973937009,0,Champions,1
12524.0,9,8,4485.72,2.302585092994046,2.1972245773362196,8.408877201532766,0,Champions,1
12526.0,1,3,1316.66,0.6931471805599453,1.3862943611198906,7.183612715167257,2,Potential Customers,1
12527.0,82,3,348.71000000000004,4.418840607796598,1.3862943611198906,5.857104239599851,1,At Risk Customers,0
12528.0,9,6,1933.48,2.302585092994046,1.9459101490553132,7.567593835498341,0,Champions,1
12530.0,60,4,1662.28,4.110873864173311,1.6094379124341003,7.416546835435133,3,Loyal Customers,1
12531.0,15,1,125.22,2.772588722239781,0.6931471805599453,4.838026416156094,2,Potential Customers,0
12532.0,30,1,349.83000000000004,3.4339872044851463,0.6931471805599453,5.860301775655642,2,Potential Customers,0
12534.0,131,1,1089.18,4.882801922586371,0.6931471805599453,6.9940980992041535,1,At Risk Customers,1
12535.0,92,2,716.35,4.532599493153256,1.0986122886681098,6.575563866544399,3,Loyal Customers,1
12536.0,43,3,12601.830000000002,3.784189633918261,1.3862943611198906,9.441676670894656,3,Loyal Customers,1
12538.0,29,1,363.95,3.4011973816621555,0.6931471805599453,5.899760357897641,2,Potential Customers,0
12539.0,22,4,5568.35,3.1354942159291497,1.6094379124341003,8.625033629522884,3,Loyal Customers,1
12540.0,20,17,13400.24,3.044522437723423,2.8903717578961645,9.503102518971122,0,Champions,1
12541.0,30,3,981.18,3.4339872044851463,1.3862943611198906,6.889774590946187,3,Loyal Customers,1
12544.0,36,1,372.7,3.6109179126442243,0.6931471805599453,5.923453336491439,2,Potential Customers,0
12545.0,75,2,1000.39,4.330733340286331,1.0986122886681098,6.9091443138264115,3,Loyal Customers,1
12546.0,47,2,1161.5,3.871201010907891,1.0986122886681098,7.058328137461511,3,Loyal Customers,1
12547.0,198,2,207.79999999999998,5.293304824724492,1.0986122886681098,5.341376856008484,1,At Risk Customers,0
12548.0,166,1,95.19999999999999,5.117993812416755,0.6931471805599453,4.566429357671661,1,At Risk Customers,0
12550.0,79,1,964.83,4.382026634673881,0.6931471805599453,6.872987835288763,1,At Risk Customers,1
12551.0,358,1,168.0,5.883322388488279,0.6931471805599453,5.1298987149230735,1,At Risk Customers,0
12552.0,39,2,437.82,3.6888794541139363,1.0986122886681098,6.084089306213804,2,Potential Customers,0
12553.0,8,10,3692.28,2.1972245773362196,2.3978952727983707,8.214270231095687,0,Champions,1
12556.0,50,2,599.56,3.9318256327243257,1.0986122886681098,6.397862553264747,3,Loyal Customers,0
12557.0,16,5,11990.960000000001,2.833213344056216,1.791759469228055,9.391991704219834,0,Champions,1
12558.0,8,1,269.96,2.1972245773362196,0.6931471805599453,5.601971208509516,2,Potential Customers,0
12559.0,311,2,561.71,5.7430031878094825,1.0986122886681098,6.33276439774036,1,At Risk Customers,0
12560.0,5,3,2134.01,1.791759469228055,1.3862943611198906,7.666226609492505,2,Potential Customers,1
12561.0,303,1,238.85,5.717027701406222,0.6931471805599453,5.480013727948073,1,At Risk Customers,0
12562.0,8,7,3781.7400000000002,2.1972245773362196,2.0794415416798357,8.23820389374878,0,Champions,1
12564.0,261,1,456.9,5.568344503761097,0.6931471805599453,6.12665081966305,1,At Risk Customers,0
12565.0,289,1,145.92,5.66988092298052,0.6931471805599453,4.989888220951467,1,At Risk Customers,0
12566.0,86,1,351.65,4.465908118654584,0.6931471805599453,5.865476063654188,1,At Risk Customers,0
12567.0,23,10,9401.28,3.1780538303479458,2.3978952727983707,9.148707492038316,0,Champions,1
12569.0,2,32,4124.69,1.0986122886681098,3.4965075614664802,8.324988557507531,0,Champions,1
12571.0,40,2,519.61,3.713572066704308,1.0986122886681098,6.255001200981438,2,Potential Customers,0
12572.0,9,2,1020.42,2.302585092994046,1.0986122886681098,6.928949094989139,2,Potential Customers,1
12573.0,227,1,160.54000000000002,5.429345628954441,0.6931471805599453,5.08475279001415,1,At Risk Customers,0
12574.0,316,1,218.45,5.75890177387728,0.6931471805599453,5.391124416134243,1,At Risk Customers,0
12576.0,36,5,1315.83,3.6109179126442243,1.791759469228055,7.182982612166326,3,Loyal Customers,1
12577.0,35,3,626.6,3.58351893845611,1.3862943611198906,6.441903020858877,3,Loyal Customers,0
12578.0,21,2,2794.51,3.091042453358316,1.0986122886681098,7.935769837637909,3,Loyal Customers,1
12579.0,78,1,440.42,4.3694478524670215,0.6931471805599453,6.0899968031722285,1,At Risk Customers,0
12580.0,247,1,415.7,5.5134287461649825,0.6931471805599453,6.032366538428407,1,At Risk Customers,0
12581.0,40,1,197.71,3.713572066704308,0.6931471805599453,5.291846475417725,1,At Risk Customers,0
12582.0,239,2,511.36,5.480638923341991,1.0986122886681098,6.239027502962935,1,At Risk Customers,0
12583.0,3,15,7281.38,1.3862943611198906,2.772588722239781,8.89321301083995,0,Champions,1
12584.0,4,9,2338.15,1.6094379124341003,2.302585092994046,7.757542894498013,0,Champions,1
12585.0,234,2,2040.1,5.459585514144159,1.0986122886681098,7.621244157199997,3,Loyal Customers,1
12586.0,17,1,196.94000000000003,2.8903717578961645,0.6931471805599453,5.2879639544685455,2,Potential Customers,0
12587.0,8,1,144.0,2.1972245773362196,0.6931471805599453,4.976733742420574,2,Potential Customers,0
12588.0,39,1,214.89999999999998,3.6888794541139363,0.6931471805599453,5.3748153375207615,1,At Risk Customers,0
12589.0,29,2,646.68,3.4011973816621555,1.0986122886681098,6.473396747218991,2,Potential Customers,0
12590.0,211,2,9864.26,5.356586274672012,1.0986122886681098,9.196774773912752,3,Loyal Customers,1
12591.0,317,1,452.84999999999997,5.762051382780177,0.6931471805599453,6.117766746972636,1,At Risk Customers,0
12592.0,92,2,437.6,4.532599493153256,1.0986122886681098,6.083587835983788,1,At Risk Customers,0
12593.0,109,3,418.09999999999997,4.700480365792417,1.3862943611198906,6.038109554931026,1,At Risk Customers,0
12594.0,38,10,3338.2200000000003,3.6635616461296463,2.3978952727983707,8.113492525763553,0,Champions,1
12596.0,51,2,618.27,3.9512437185814275,1.0986122886681098,6.428541364981557,3,Loyal Customers,0
12597.0,19,4,3811.22,2.995732273553991,1.6094379124341003,8.245966975595675,3,Loyal Customers,1
12598.0,10,8,3023.08,2.3978952727983707,2.1972245773362196,8.01436219197595,0,Champions,1
12599.0,29,7,1032.58,3.4011973816621555,2.0794415416798357,6.940783782995926,3,Loyal Customers,1
12600.0,29,10,2599.04,3.4011973816621555,2.3978952727983707,7.863282108506616,0,Champions,1
12601.0,190,5,577.0600000000001,5.25227342804663,1.791759469228055,6.359677669513258,3,Loyal Customers,0
12602.0,59,1,153.12,4.0943445622221,0.6931471805599453,5.037731519757957,1,At Risk Customers,0
12603.0,22,1,739.1999999999999,3.1354942159291497,0.6931471805599453,6.606920419952056,2,Potential Customers,1
12604.0,79,2,254.18,4.382026634673881,1.0986122886681098,5.541969178493598,1,At Risk Customers,0
12607.0,60,1,1579.51,4.110873864173311,0.6931471805599453,7.3655028587473295,3,Loyal Customers,1
12609.0,78,3,1126.85,4.3694478524670215,1.3862943611198906,7.0280684444921455,3,Loyal Customers,1
12610.0,23,5,2099.54,3.1780538303479458,1.791759469228055,7.6499497335130995,3,Loyal Customers,1
12611.0,52,1,1193.32,3.970291913552122,0.6931471805599453,7.085332264745334,3,Loyal Customers,1
12612.0,74,1,704.0400000000001,4.31748811353631,0.6931471805599453,6.558254538791405,1,At Risk Customers,1
12613.0,57,5,3344.38,4.060443010546419,1.791759469228055,8.115335568501695,3,Loyal Customers,1
12614.0,278,1,315.6,5.631211781821365,0.6931471805599453,5.757639147446912,1,At Risk Customers,0
12615.0,2,4,2291.19,1.0986122886681098,1.6094379124341003,7.73726297143202,0,Champions,1
12616.0,95,2,713.3,4.564348191467836,1.0986122886681098,6.571303042160927,1,At Risk Customers,1
12617.0,29,1,352.98,3.4011973816621555,0.6931471805599453,5.869240414362608,2,Potential Customers,0
12618.0,22,1,177.31,3.1354942159291497,0.6931471805599453,5.183523608545955,2,Potential Customers,0
12619.0,16,9,3641.24,2.833213344056216,2.302585092994046,8.200354155974704,0,Champions,1
12620.0,15,3,1339.41,2.772588722239781,1.3862943611198906,7.20073081629489,2,Potential Customers,1
12621.0,2,20,13689.67,1.0986122886681098,3.044522437723423,9.524469857917655,0,Champions,1
12622.0,232,1,180.1,5.4510384535657,0.6931471805599453,5.199049364889368,1,At Risk Customers,0
12623.0,276,1,305.1,5.6240175061873385,0.6931471805599453,5.723911845951367,1,At Risk Customers,0
12624.0,106,2,641.13,4.672828834461906,1.0986122886681098,6.464790775403018,1,At Risk Customers,0
12625.0,212,2,2683.82,5.3612921657094255,1.0986122886681098,7.895368965589599,3,Loyal Customers,1
12626.0,23,9,6620.48,3.1780538303479458,2.302585092994046,8.798074188898816,0,Champions,1
12627.0,11,7,4478.53,2.4849066497880004,2.0794415416798357,8.407273409191232,0,Champions,1
12628.0,4,3,786.46,1.6094379124341003,1.3862943611198906,6.668812575758953,2,Potential Customers,1
12630.0,10,2,1270.88,2.3978952727983707,1.0986122886681098,7.1482513998271635,2,Potential Customers,1
12631.0,57,1,640.5,4.060443010546419,0.6931471805599453,6.463809184055691,1,At Risk Customers,0
12633.0,59,4,2163.98,4.0943445622221,1.6094379124341003,7.6801664025186325,3,Loyal Customers,1
12635.0,90,2,1689.18,4.51085950651685,1.0986122886681098,7.432590311121191,3,Loyal Customers,1
12637.0,67,8,6002.9,4.219507705176107,2.1972245773362196,8.70016453705169,3,Loyal Customers,1
12638.0,33,1,671.69,3.5263605246161616,0.6931471805599453,6.511284599453549,2,Potential Customers,1
12639.0,239,1,486.1,5.480638923341991,0.6931471805599453,6.188469440812497,1,At Risk Customers,0
12640.0,24,3,1174.58,3.2188758248682006,1.3862943611198906,7.06951692181073,3,Loyal Customers,1
12641.0,115,1,185.9,4.7535901911063645,0.6931471805599453,5.230573714461517,1,At Risk Customers,0
12642.0,25,3,1013.26,3.258096538021482,1.3862943611198906,6.9219145615400475,3,Loyal Customers,1
12643.0,128,6,3344.64,4.859812404361672,1.9459101490553132,8.11541328460481,3,Loyal Customers,1
12644.0,130,1,477.91,4.875197323201151,0.6931471805599453,6.171512688316606,1,At Risk Customers,0
12645.0,34,4,1775.18,3.5553480614894135,1.6094379124341003,7.482220269767765,3,Loyal Customers,1
12646.0,5,2,1346.97,1.791759469228055,1.0986122886681098,7.206355036031724,2,Potential Customers,1
12647.0,22,12,3722.82,3.1354942159291497,2.5649493574615367,8.222505302105255,0,Champions,1
12648.0,155,1,318.05,5.049856007249537,0.6931471805599453,5.765347830314356,1,At Risk Customers,0
12649.0,107,3,623.51,4.68213122712422,1.3862943611198906,6.4369673422476765,3,Loyal Customers,0
12650.0,3,1,314.44,1.3862943611198906,0.6931471805599453,5.753968489569372,2,Potential Customers,0
12651.0,335,1,114.0,5.817111159963204,0.6931471805599453,4.74493212836325,1,At Risk Customers,0
12652.0,331,1,919.98,5.805134968916488,0.6931471805599453,6.82543832049292,1,At Risk Customers,1
12653.0,149,2,2209.85,5.0106352940962555,1.0986122886681098,7.701132335950876,3,Loyal Customers,1
12654.0,11,5,601.98,2.4849066497880004,1.791759469228055,6.401884028681278,2,Potential Customers,0
12656.0,17,5,4051.17,2.8903717578961645,1.791759469228055,8.30700781907883,0,Champions,1
12657.0,11,4,1643.18,2.4849066497880004,1.6094379124341003,7.4049970586737315,3,Loyal Customers,1
12658.0,19,1,686.05,2.995732273553991,0.6931471805599453,6.532407069777784,2,Potential Customers,1
12659.0,30,1,91.68,3.4339872044851463,0.6931471805599453,4.529152699564175,1,At Risk Customers,0
12660.0,11,1,245.1,2.4849066497880004,0.6931471805599453,5.50573795739701,2,Potential Customers,0
12662.0,1,11,3849.78,0.6931471805599453,2.4849066497880004,8.256031004164345,0,Champions,1
12664.0,8,9,4881.88,2.1972245773362196,2.302585092994046,8.49349048870337,0,Champions,1
12665.0,325,1,63.0,5.786897381366708,0.6931471805599453,4.1588830833596715,1,At Risk Customers,0
12667.0,58,1,620.13,4.07753744390572,0.6931471805599453,6.431540399799522,1,At Risk Customers,0
12668.0,12,4,3807.15,2.5649493574615367,1.6094379124341003,8.244898785891763,0,Champions,1
12669.0,151,3,2744.0299999999997,5.0238805208462765,1.3862943611198906,7.917547282845659,3,Loyal Customers,1
12670.0,10,5,2996.05,2.3978952727983707,1.791759469228055,8.005383750527514,0,Champions,1
12672.0,330,1,225.89999999999998,5.802118375377063,0.6931471805599453,5.424509391785796,1,At Risk Customers,0
12673.0,5,2,610.52,1.791759469228055,1.0986122886681098,6.415947661051908,2,Potential Customers,0
12674.0,39,4,1970.6,3.6888794541139363,1.6094379124341003,7.586600674831223,3,Loyal Customers,1
12676.0,25,6,1331.39,3.258096538021482,1.9459101490553132,7.194729601037682,3,Loyal Customers,1
12678.0,42,12,17628.46,3.7612001156935624,2.5649493574615367,9.777326645314199,0,Champions,1
12679.0,59,4,1113.02,4.0943445622221,1.6094379124341003,7.015730373647435,3,Loyal Customers,1
12680.0,1,4,862.81,0.6931471805599453,1.6094379124341003,6.761352837213469,2,Potential Customers,1
12681.0,15,22,13787.54,2.772588722239781,3.1354942159291497,9.531593091360708,0,Champions,1
12682.0,4,31,12279.82,1.6094379124341003,3.4657359027997265,9.415793974716065,0,Champions,1
12683.0,4,15,8476.57,1.6094379124341003,2.772588722239781,9.045179131116987,0,Champions,1
12684.0,8,7,2283.63,2.1972245773362196,2.0794415416798357,7.733959364615189,0,Champions,1
12685.0,28,6,2863.08,3.367295829986474,1.9459101490553132,7.960002460651312,3,Loyal Customers,1
12686.0,372,1,89.14,5.921578419643816,0.6931471805599453,4.501364017262502,1,At Risk Customers,0
12688.0,114,1,4873.8099999999995,4.74493212836325,0.6931471805599453,8.491836408313453,3,Loyal Customers,1
12689.0,26,2,1247.61,3.295836866004329,1.0986122886681098,7.1297862115656185,3,Loyal Customers,1
12690.0,206,1,389.01,5.332718793265369,0.6931471805599453,5.966172379820607,1,At Risk Customers,0
12691.0,28,6,1035.8,3.367295829986474,1.9459101490553132,6.94389432559801,3,Loyal Customers,1
12693.0,127,4,855.91,4.852030263919617,1.6094379124341003,6.753332895580138,3,Loyal Customers,1
12694.0,70,2,869.67,4.2626798770413155,1.0986122886681098,6.769263030204804,3,Loyal Customers,1
12695.0,7,4,582.1,2.0794415416798357,1.6094379124341003,6.368358698228111,2,Potential Customers,0
12697.0,29,3,957.59,3.4011973816621555,1.3862943611198906,6.865463454791294,3,Loyal Customers,1
12700.0,8,4,4939.99,2.1972245773362196,1.6094379124341003,8.505320994961897,0,Champions,1
12701.0,80,2,797.71,4.394449154672439,1.0986122886681098,6.682997926190526,3,Loyal Customers,1
12702.0,20,1,219.0,3.044522437723423,0.6931471805599453,5.393627546352362,2,Potential Customers,0
12703.0,71,1,283.55,4.276666119016055,0.6931471805599453,5.650908985049133,1,At Risk Customers,0
12704.0,7,8,2340.84,2.0794415416798357,2.1972245773362196,7.758692224146705,0,Champions,1
12705.0,15,9,6868.29,2.772588722239781,2.302585092994046,8.834816031986259,0,Champions,1
12707.0,292,1,603.42,5.680172609017068,0.6931471805599453,6.404269320519532,1,At Risk Customers,0
12708.0,30,10,2712.91,3.4339872044851463,2.3978952727983707,7.906145678459555,0,Champions,1
12709.0,15,15,9706.52,2.772588722239781,2.772588722239781,9.180656121866383,0,Champions,1
12710.0,97,3,1149.02,4.584967478670572,1.3862943611198906,7.047534612510416,3,Loyal Customers,1
12712.0,29,13,4396.13,3.4011973816621555,2.6390573296152584,8.388707334356674,0,Champions,1
12713.0,1,1,848.55,0.6931471805599453,0.6931471805599453,6.744706797531768,2,Potential Customers,1
12714.0,9,5,4708.86,2.302585092994046,1.791759469228055,8.45741346257719,0,Champions,1
12715.0,106,1,343.36,4.672828834461906,0.6931471805599453,5.841687621789754,1,At Risk Customers,0
12716.0,4,2,1053.49,1.6094379124341003,1.0986122886681098,6.960812516706486,2,Potential Customers,1
12717.0,151,2,1030.98,5.0238805208462765,1.0986122886681098,6.939234566008755,3,Loyal Customers,1
12718.0,71,1,238.25,4.276666119016055,0.6931471805599453,5.477509030333064,1,At Risk Customers,0
12719.0,5,2,644.95,1.791759469228055,1.0986122886681098,6.47072210140631,2,Potential Customers,0
12720.0,3,25,5781.73,1.3862943611198906,3.258096538021482,8.662631168498326,0,Champions,1
12721.0,32,6,2656.13,3.4965075614664802,1.9459101490553132,7.885001871924596,3,Loyal Customers,1
12722.0,85,4,997.63,4.454347296253507,1.6094379124341003,6.906384339674138,3,Loyal Customers,1
12723.0,4,5,725.07,1.6094379124341003,1.791759469228055,6.587646428909591,2,Potential Customers,1
12724.0,5,4,1031.41,1.791759469228055,1.6094379124341003,6.9396511539657,2,Potential Customers,1
12725.0,371,1,427.8,5.918893854273146,0.6931471805599453,6.060990609756592,1,At Risk Customers,0
12726.0,28,7,2609.1,3.367295829986474,2.0794415416798357,7.867143813759015,3,Loyal Customers,1
12727.0,11,7,3980.7,2.4849066497880004,2.0794415416798357,8.2894641427604,0,Champions,1
12728.0,71,4,836.33,4.276666119016055,1.6094379124341003,6.7302182580203365,3,Loyal Customers,1
12729.0,114,1,453.01,4.74493212836325,0.6931471805599453,6.118119224230488,1,At Risk Customers,0
12731.0,24,12,18895.91,3.2188758248682006,2.5649493574615367,9.846753695617958,0,Champions,1
12732.0,180,1,236.26000000000002,5.198497031265826,0.6931471805599453,5.469156586232957,1,At Risk Customers,0
12733.0,234,1,383.95,5.459585514144159,0.6931471805599453,5.953113455724059,1,At Risk Customers,0
12734.0,353,1,110.39999999999999,5.869296913133774,0.6931471805599453,4.713127327493184,1,At Risk Customers,0
12735.0,315,2,779.5699999999999,5.755742213586912,1.0986122886681098,6.660024422032584,1,At Risk Customers,1
12736.0,333,1,234.0,5.811140992976701,0.6931471805599453,5.459585514144159,1,At Risk Customers,0
12738.0,372,1,155.35,5.921578419643816,0.6931471805599453,5.05209708390385,1,At Risk Customers,0
12739.0,78,2,1013.04,4.3694478524670215,1.0986122886681098,6.921697631104842,3,Loyal Customers,1
12740.0,64,1,427.6,4.174387269895637,0.6931471805599453,6.060524083039477,1,At Risk Customers,0
12743.0,134,2,540.13,4.90527477843843,1.0986122886681098,6.293659545728696,1,At Risk Customers,0
12744.0,52,7,21279.29,3.970291913552122,2.0794415416798357,9.965536571182271,0,Champions,1
12747.0,2,11,4196.01,1.0986122886681098,2.4849066497880004,8.342127645985029,0,Champions,1
12748.0,1,209,33053.19,0.6931471805599453,5.3471075307174685,10.405903614853912,0,Champions,1
12749.0,4,5,4090.88,1.6094379124341003,1.791759469228055,8.316759801128319,0,Champions,1
12750.0,129,1,275.88,4.867534450455582,0.6931471805599453,5.623584199327089,1,At Risk Customers,0
12752.0,81,1,4366.78,4.406719247264253,0.6931471805599453,8.38201014985595,3,Loyal Customers,1
12753.0,23,6,21429.39,3.1780538303479458,1.9459101490553132,9.972565287088774,0,Champions,1
12754.0,236,3,3010.74,5.4680601411351315,1.3862943611198906,8.010273263812737,3,Loyal Customers,1
12755.0,281,2,3811.95,5.641907070938114,1.0986122886681098,8.246158446737232,3,Loyal Customers,1
12756.0,87,1,112.07999999999998,4.477336814478207,0.6931471805599453,4.72809553282539,1,At Risk Customers,0
12757.0,16,13,7834.650000000001,2.833213344056216,2.6390573296152584,8.966439112421154,0,Champions,1
12758.0,117,2,2791.59,4.770684624465665,1.0986122886681098,7.934724759609325,3,Loyal Customers,1
12759.0,52,3,1531.44,3.970291913552122,1.3862943611198906,7.334616515331031,3,Loyal Customers,1
12762.0,8,2,1898.52,2.1972245773362196,1.0986122886681098,7.549356501658852,2,Potential Customers,1
12763.0,138,2,494.08,4.9344739331306915,1.0986122886681098,6.204719365671822,1,At Risk Customers,0
12764.0,317,1,1693.88,5.762051382780177,0.6931471805599453,7.435367220848186,1,At Risk Customers,1
12766.0,4,7,6989.63,1.6094379124341003,2.0794415416798357,8.852325959921869,0,Champions,1
12769.0,239,1,1143.6,5.480638923341991,0.6931471805599453,7.042810509975002,1,At Risk Customers,1
12770.0,211,1,1351.45,5.356586274672012,0.6931471805599453,7.209673041460572,1,At Risk Customers,1
12772.0,60,1,892.47,4.110873864173311,0.6931471805599453,6.795112758210396,1,At Risk Customers,1
12775.0,17,5,1386.04,2.8903717578961645,1.791759469228055,7.23492725912033,3,Loyal Customers,1
12778.0,20,6,822.23,3.044522437723423,1.9459101490553132,6.713235627004493,3,Loyal Customers,1
12779.0,38,8,3981.36,3.6635616461296463,2.1972245773362196,8.289629887368429,0,Champions,1
12781.0,64,2,826.74,4.174387269895637,1.0986122886681098,6.718699095412067,3,Loyal Customers,1
12782.0,5,5,2330.92,1.791759469228055,1.791759469228055,7.754447241564618,0,Champions,1
12783.0,2,6,2225.91,1.0986122886681098,1.9459101490553132,7.708370253328926,0,Champions,1
12784.0,9,2,532.8199999999999,2.302585092994046,1.0986122886681098,6.280058703484731,2,Potential Customers,0
12785.0,364,1,311.95,5.8998973535824915,0.6931471805599453,5.74604343337071,1,At Risk Customers,0
12787.0,10,3,463.66,2.3978952727983707,1.3862943611198906,6.141305955347142,2,Potential Customers,0
12789.0,65,1,91.85,4.189654742026425,0.6931471805599453,4.530985287798715,1,At Risk Customers,0
12790.0,192,1,324.92,5.262690188904886,0.6931471805599453,5.786651952478496,1,At Risk Customers,0
12791.0,374,1,192.60000000000002,5.926926025970411,0.6931471805599453,5.265794174842477,1,At Risk Customers,0
12792.0,257,1,400.53999999999996,5.552959584921617,0.6931471805599453,5.995307154825432,1,At Risk Customers,0
12793.0,335,2,545.48,5.817111159963204,1.0986122886681098,6.303497710423594,1,At Risk Customers,0
12794.0,53,2,860.41,3.9889840465642745,1.0986122886681098,6.758570581561217,3,Loyal Customers,1
12795.0,19,1,430.48,2.995732273553991,0.6931471805599453,6.067221159507229,2,Potential Customers,0
12797.0,366,1,254.03,5.905361848054571,0.6931471805599453,5.541381185297377,1,At Risk Customers,0
12798.0,10,3,6977.04,2.3978952727983707,1.3862943611198906,8.85052335403181,0,Champions,1
12802.0,187,1,427.58,5.236441962829949,0.6931471805599453,6.060477418394936,1,At Risk Customers,0
12808.0,37,3,483.65000000000003,3.6375861597263857,1.3862943611198906,6.183426980938617,2,Potential Customers,0
12809.0,178,1,489.31,5.187385805840755,0.6931471805599453,6.1950378441253156,1,At Risk Customers,0
12811.0,261,3,514.85,5.568344503761097,1.3862943611198906,6.245816025546385,1,At Risk Customers,0
12812.0,45,1,229.64000000000001,3.828641396489095,0.6931471805599453,5.440858053330147,1,At Risk Customers,0
12814.0,102,1,125.92,4.634728988229636,0.6931471805599453,4.843556966714995,1,At Risk Customers,0
12815.0,148,2,1063.46,5.003946305945459,1.0986122886681098,6.970222907300612,3,Loyal Customers,1
12816.0,96,2,572.2,4.574710978503383,1.0986122886681098,6.351234695954017,1,At Risk Customers,0
12817.0,281,1,166.04,5.641907070938114,0.6931471805599453,5.118233304694274,1,At Risk Customers,0
12818.0,262,1,1542.08,5.572154032177765,0.6931471805599453,7.341535698070348,1,At Risk Customers,1
12820.0,3,4,942.34,1.3862943611198906,1.6094379124341003,6.849426769082011,2,Potential Customers,1
12821.0,214,1,92.72,5.3706380281276624,0.6931471805599453,4.540311613639595,1,At Risk Customers,0
12822.0,71,2,948.88,4.276666119016055,1.0986122886681098,6.856335660826602,3,Loyal Customers,1
12823.0,75,5,1759.5,4.330733340286331,1.791759469228055,7.473353138595107,3,Loyal Customers,1
12824.0,60,1,397.12,4.110873864173311,0.6931471805599453,5.986753467377863,1,At Risk Customers,0
12826.0,3,7,1474.72,1.3862943611198906,2.0794415416798357,7.296901285267718,0,Champions,1
12827.0,6,3,430.15000000000003,1.9459101490553132,1.3862943611198906,6.066456057398334,2,Potential Customers,0
12828.0,3,6,1018.71,1.3862943611198906,1.9459101490553132,6.927273552128017,0,Champions,1
12829.0,337,2,293.0,5.823045895483019,1.0986122886681098,5.683579767338681,1,At Risk Customers,0
12830.0,38,6,6814.64,3.6635616461296463,1.9459101490553132,8.826975250212882,3,Loyal Customers,1
12831.0,262,1,215.05,5.572154032177765,0.6931471805599453,5.3755098623779425,1,At Risk Customers,0
12832.0,32,2,383.03,3.4965075614664802,1.0986122886681098,5.950720674536128,2,Potential Customers,0
12833.0,145,1,417.38,4.983606621708336,0.6931471805599453,6.0363901104609745,1,At Risk Customers,0
12834.0,283,1,312.38,5.648974238161206,0.6931471805599453,5.7474165116762626,1,At Risk Customers,0
12836.0,59,4,2610.36,4.0943445622221,1.6094379124341003,7.867626437402386,3,Loyal Customers,1
12837.0,173,1,134.1,5.159055299214529,0.6931471805599453,4.906015244966153,1,At Risk Customers,0
12838.0,34,2,671.95,3.5553480614894135,1.0986122886681098,6.5116710326797245,2,Potential Customers,1
12839.0,3,14,5591.42,1.3862943611198906,2.70805020110221,8.629167388389371,0,Champions,1
12840.0,144,4,2726.77,4.976733742420574,1.6094379124341003,7.911239704558553,3,Loyal Customers,1
12841.0,5,25,3991.58,1.791759469228055,3.258096538021482,8.292192917458863,0,Champions,1
12842.0,70,2,1118.99,4.2626798770413155,1.0986122886681098,7.0210750356778515,3,Loyal Customers,1
12843.0,66,8,1702.26,4.204692619390966,2.1972245773362196,7.440299340765267,3,Loyal Customers,1
12844.0,29,2,325.96000000000004,3.4011973816621555,1.0986122886681098,5.789837839256022,2,Potential Customers,0
12845.0,267,4,354.09,5.5909869805108565,1.6094379124341003,5.8723712784711255,1,At Risk Customers,0
12847.0,22,1,843.64,3.1354942159291497,0.6931471805599453,6.738910501075306,2,Potential Customers,1
12849.0,31,2,1010.29,3.4657359027997265,1.0986122886681098,6.918982022596603,3,Loyal Customers,1
12851.0,97,1,131.81,4.584967478670572,0.6931471805599453,4.8889195354121595,1,At Risk Customers,0
12852.0,295,1,311.55,5.69035945432406,0.6931471805599453,5.744764456377822,1,At Risk Customers,0
12853.0,135,6,1957.1000000000001,4.912654885736052,1.9459101490553132,7.579729894309281,3,Loyal Customers,1
12854.0,79,3,1316.25,4.382026634673881,1.3862943611198906,7.183301509089395,3,Loyal Customers,1
12855.0,373,1,38.1,5.924255797414532,0.6931471805599453,3.66612246699132,1,At Risk Customers,0
12856.0,8,6,2170.78,2.1972245773362196,1.9459101490553132,7.683302386789297,0,Champions,1
12857.0,211,2,1106.4,5.356586274672012,1.0986122886681098,7.009770204388867,3,Loyal Customers,1
12863.0,52,1,521.2,3.970291913552122,0.6931471805599453,6.258050656265029,1,At Risk Customers,0
12864.0,138,1,147.12,4.9344739331306915,0.6931471805599453,4.998022756045412,1,At Risk Customers,0
12865.0,26,2,1568.23,3.295836866004329,1.0986122886681098,7.358340332174572,3,Loyal Customers,1
12866.0,283,1,559.12,5.648974238161206,0.6931471805599453,6.3281510464875765,1,At Risk Customers,0
12867.0,26,7,4009.34,3.295836866004329,2.0794415416798357,8.296631304736238,0,Champions,1
12868.0,186,6,1607.0600000000002,5.231108616854587,1.9459101490553132,7.3827837624756185,3,Loyal Customers,1
12871.0,84,2,380.64,4.442651256490317,1.0986122886681098,5.9444777558836455,1,At Risk Customers,0
12872.0,327,2,599.97,5.793013608384144,1.0986122886681098,6.398545016483998,1,At Risk Customers,0
12873.0,282,1,374.0,5.645446897643238,0.6931471805599453,5.926926025970411,1,At Risk Customers,0
12875.0,143,2,343.2300000000001,4.969813299576001,1.0986122886681098,5.841310038608051,1,At Risk Customers,0
12876.0,58,2,2218.02,4.07753744390572,1.0986122886681098,7.704820935960926,3,Loyal Customers,1
12877.0,4,12,1535.77,1.6094379124341003,2.5649493574615367,7.337438090181038,0,Champions,1
12878.0,236,2,854.99,5.4680601411351315,1.0986122886681098,6.752258693830513,1,At Risk Customers,1
12879.0,45,3,573.22,3.828641396489095,1.3862943611198906,6.353012598149689,3,Loyal Customers,0
12881.0,276,1,298.0,5.6240175061873385,0.6931471805599453,5.700443573390687,1,At Risk Customers,0
12882.0,9,2,1463.04,2.302585092994046,1.0986122886681098,7.288955016552379,2,Potential Customers,1
12883.0,25,4,703.47,3.258096538021482,1.6094379124341003,6.5574457470395595,3,Loyal Customers,1
12884.0,88,1,309.05,4.48863636973214,0.6931471805599453,5.736733574795887,1,At Risk Customers,0
12885.0,63,3,1175.22,4.1588830833596715,1.3862943611198906,7.0700611857921905,3,Loyal Customers,1
12886.0,68,2,1378.4,4.23410650459726,1.0986122886681098,7.229403900997191,3,Loyal Customers,1
12888.0,214,2,354.12,5.3706380281276624,1.0986122886681098,5.87245576052578,1,At Risk Customers,0
12890.0,24,1,376.71999999999997,3.2188758248682006,0.6931471805599453,5.934153180394868,2,Potential Customers,0
12891.0,186,3,331.0,5.231108616854587,1.3862943611198906,5.805134968916488,1,At Risk Customers,0
12893.0,31,1,176.55,3.4657359027997265,0.6931471805599453,5.179252259389097,2,Potential Customers,0
12895.0,42,2,372.8,3.7612001156935624,1.0986122886681098,5.923720895021463,2,Potential Customers,0
12897.0,205,2,216.5,5.327876168789581,1.0986122886681098,5.382198850528739,1,At Risk Customers,0
12901.0,9,28,17654.54,2.302585092994046,3.367295829986474,9.778804894130932,0,Champions,1
12902.0,265,1,138.68,5.583496308781699,0.6931471805599453,4.939354092091292,1,At Risk Customers,0
12904.0,18,2,496.06,2.9444389791664403,1.0986122886681098,6.208710743156108,2,Potential Customers,0
12906.0,12,5,2919.81,2.5649493574615367,1.791759469228055,7.979616254055095,0,Champions,1
12908.0,176,2,750.0,5.176149732573829,1.0986122886681098,6.621405651764134,1,At Risk Customers,1
12909.0,40,5,2178.67,3.713572066704308,1.791759469228055,7.686928768177821,3,Loyal Customers,1
12910.0,23,8,3075.04,3.1780538303479458,2.1972245773362196,8.031398334442155,0,Champions,1
12912.0,3,5,1662.3,1.3862943611198906,1.791759469228055,7.416558859796489,0,Champions,1
12913.0,5,5,2483.63,1.791759469228055,1.791759469228055,7.817879034084852,0,Champions,1
12915.0,149,2,363.65,5.0106352940962555,1.0986122886681098,5.898937989430242,1,At Risk Customers,0
12916.0,139,4,2944.95,4.941642422609304,1.6094379124341003,7.988186624712898,3,Loyal Customers,1
12917.0,128,1,594.0,4.859812404361672,0.6931471805599453,6.38856140554563,1,At Risk Customers,0
12919.0,8,6,1335.19,2.1972245773362196,1.9459101490553132,7.197577559553778,0,Champions,1
12920.0,17,1,162.78,2.8903717578961645,0.6931471805599453,5.098524063842042,2,Potential Customers,0
12921.0,9,37,16587.09,2.302585092994046,3.6375861597263857,9.716440246960428,0,Champions,1
12922.0,161,1,405.38,5.087596335232384,0.6931471805599453,6.007288682454868,1,At Risk Customers,0
12923.0,64,1,172.82,4.174387269895637,0.6931471805599453,5.158020281009314,1,At Risk Customers,0
12924.0,88,4,933.7,4.48863636973214,1.6094379124341003,6.840225622188537,3,Loyal Customers,1
12925.0,5,2,694.05,1.791759469228055,1.0986122886681098,6.5439837854231016,2,Potential Customers,1
12928.0,35,5,2062.7000000000003,3.58351893845611,1.791759469228055,7.632255767200078,3,Loyal Customers,1
12929.0,312,1,117.85,5.746203190540153,0.6931471805599453,4.777862193806203,1,At Risk Customers,0
12930.0,78,2,415.8,4.3694478524670215,1.0986122886681098,6.032606490439157,1,At Risk Customers,0
12931.0,22,15,42055.96,3.1354942159291497,2.772588722239781,10.646780168946005,0,Champions,1
12933.0,24,3,607.53,3.2188758248682006,1.3862943611198906,6.411046212773516,2,Potential Customers,0
12935.0,2,7,2160.7,1.0986122886681098,2.0794415416798357,7.678650228164007,0,Champions,1
12936.0,17,4,1063.9,2.8903717578961645,1.6094379124341003,6.970636177021338,3,Loyal Customers,1
12937.0,15,4,1504.27,2.772588722239781,1.6094379124341003,7.316727563085719,3,Loyal Customers,1
12938.0,26,1,114.14,3.295836866004329,0.6931471805599453,4.7461487792476635,2,Potential Customers,0
12939.0,64,8,11581.8,4.174387269895637,2.1972245773362196,9.357276518099342,0,Champions,1
12940.0,55,2,899.69,4.02535169073515,1.0986122886681098,6.803161136252212,3,Loyal Customers,1
12942.0,131,3,675.6,4.882801922586371,1.3862943611198906,6.517080256346608,3,Loyal Customers,1
12944.0,36,2,604.51,3.6109179126442243,1.0986122886681098,6.406071078133402,2,Potential Customers,0
12945.0,288,1,462.95,5.666426688112432,0.6931471805599453,6.139776787799188,1,At Risk Customers,0
12947.0,144,6,1603.99,4.976733742420574,1.9459101490553132,7.380872805015112,3,Loyal Customers,1
12948.0,16,7,2064.95,2.833213344056216,2.0794415416798357,7.63334544803145,0,Champions,1
12949.0,31,8,4167.22,3.4657359027997265,2.1972245773362196,8.335244365149629,0,Champions,1
12950.0,2,3,1843.0,1.0986122886681098,1.3862943611198906,7.519692404116539,2,Potential Customers,1
12951.0,9,6,1064.07,2.302585092994046,1.9459101490553132,6.970795803683085,0,Champions,1
12952.0,6,4,1387.79,1.9459101490553132,1.6094379124341003,7.236188143419333,2,Potential Customers,1
12953.0,10,1,329.85,2.3978952727983707,0.6931471805599453,5.801665100458068,2,Potential Customers,0
12955.0,1,11,4757.16,0.6931471805599453,2.4849066497880004,8.46761631787212,0,Champions,1
12956.0,306,1,108.07,5.726847747587197,0.6931471805599453,4.691989877940651,1,At Risk Customers,0
12957.0,10,8,4017.54,2.3978952727983707,2.1972245773362196,8.298673931566155,0,Champions,1
12962.0,7,2,266.39,2.0794415416798357,1.0986122886681098,5.588708266810736,2,Potential Customers,0
12963.0,8,8,1856.63,2.1972245773362196,2.1972245773362196,7.527056760684021,0,Champions,1
12965.0,89,1,769.8100000000001,4.499809670330265,0.6931471805599453,6.647441909990047,1,At Risk Customers,1
12966.0,10,1,160.18,2.3978952727983707,0.6931471805599453,5.0825217528963655,2,Potential Customers,0
12967.0,358,2,1660.9,5.883322388488279,1.0986122886681098,7.415716805133478,3,Loyal Customers,1
12968.0,112,1,135.95,4.727387818712341,0.6931471805599453,4.919615895709087,1,At Risk Customers,0
12970.0,7,4,405.47,2.0794415416798357,1.6094379124341003,6.00751012552645,2,Potential Customers,0
12971.0,4,86,11189.91,1.6094379124341003,4.465908118654584,9.322857120608939,0,Champions,1
12974.0,198,1,144.8,5.293304824724492,0.6931471805599453,4.982235819574558,1,At Risk Customers,0
12976.0,212,1,738.6,5.3612921657094255,0.6931471805599453,6.60610949951297,1,At Risk Customers,1
12977.0,156,1,39.239999999999995,5.056245805348308,0.6931471805599453,3.6948615257914836,1,At Risk Customers,0
12980.0,158,9,7374.900000000001,5.0689042022202315,2.302585092994046,8.905973207660795,3,Loyal Customers,1
12981.0,30,2,372.21999999999997,3.4339872044851463,1.0986122886681098,5.922168058105325,2,Potential Customers,0
12982.0,243,1,390.54,5.497168225293202,0.6931471805599453,5.970087681348397,1,At Risk Customers,0
12984.0,19,1,97.5,2.995732273553991,0.6931471805599453,4.590056548178043,2,Potential Customers,0
12985.0,1,2,1239.38,0.6931471805599453,1.0986122886681098,7.123173063265281,2,Potential Customers,1
12987.0,74,2,558.7,4.31748811353631,1.0986122886681098,6.327400925897314,1,At Risk Customers,0
12988.0,292,1,505.82,5.680172609017068,0.6931471805599453,6.228155910967461,1,At Risk Customers,0
12989.0,3,15,6924.110000000001,1.3862943611198906,2.772588722239781,8.842909215405916,0,Champions,1
12990.0,31,3,409.5,3.4657359027997265,1.3862943611198906,6.017375928892483,2,Potential Customers,0
12991.0,23,2,503.76,3.1780538303479458,1.0986122886681098,6.22408306878471,2,Potential Customers,0
12993.0,23,4,414.76,3.1780538303479458,1.6094379124341003,6.030108170700187,2,Potential Customers,0
12994.0,4,3,974.4200000000001,1.6094379124341003,1.3862943611198906,6.882868147474188,2,Potential Customers,1
12995.0,85,1,211.32,4.454347296253507,0.6931471805599453,5.358094570583897,1,At Risk Customers,0
12997.0,22,4,1226.89,3.1354942159291497,1.6094379124341003,7.113052528147638,3,Loyal Customers,1
12999.0,196,3,455.88,5.2832037287379885,1.3862943611198906,6.124420774356607,1,At Risk Customers,0
13000.0,107,3,534.85,4.68213122712422,1.3862943611198906,6.283854271159006,3,Loyal Customers,0
13001.0,4,13,9785.970000000001,1.6094379124341003,2.6390573296152584,9.18880718813043,0,Champions,1
13002.0,318,1,120.94999999999999,5.765191102784844,0.6931471805599453,4.803611124661929,1,At Risk Customers,0
13003.0,106,3,149.05,4.672828834461906,1.3862943611198906,5.010968571886377,1,At Risk Customers,0
13004.0,12,18,5655.91,2.5649493574615367,2.9444389791664403,8.640633085723934,0,Champions,1
13005.0,174,2,513.7,5.1647859739235145,1.0986122886681098,6.243584206658709,1,At Risk Customers,0
13006.0,56,1,81.57,4.04305126783455,0.6931471805599453,4.413646418429337,1,At Risk Customers,0
13008.0,323,1,229.46999999999997,5.780743515792329,0.6931471805599453,5.440120702122399,1,At Risk Customers,0
13011.0,372,1,50.550000000000004,5.921578419643816,0.6931471805599453,3.942552210462969,1,At Risk Customers,0
13012.0,9,8,1646.8400000000001,2.302585092994046,2.1972245773362196,7.407220618377492,0,Champions,1
13013.0,1,13,4810.9400000000005,0.6931471805599453,2.6390573296152584,8.478855608188903,0,Champions,1
13014.0,11,10,3466.2799999999997,2.4849066497880004,2.3978952727983707,8.151125703889235,0,Champions,1
13015.0,53,5,3339.64,3.9889840465642745,1.791759469228055,8.113917684381065,3,Loyal Customers,1
13016.0,73,3,789.89,4.30406509320417,1.3862943611198906,6.673158893621945,3,Loyal Customers,1
13017.0,7,1,204.0,2.0794415416798357,0.6931471805599453,5.3230099791384085,2,Potential Customers,0
13018.0,16,28,7277.7,2.833213344056216,3.367295829986474,8.892707553816384,0,Champions,1
13021.0,4,9,2616.38,1.6094379124341003,2.302585092994046,7.869929096421559,0,Champions,1
13023.0,64,2,689.9,4.174387269895637,1.0986122886681098,6.537995095494749,3,Loyal Customers,1
13026.0,1,5,975.36,0.6931471805599453,1.791759469228055,6.883831370862763,2,Potential Customers,1
13027.0,114,6,6912.0,4.74493212836325,1.9459101490553132,8.841158975945264,3,Loyal Customers,1
13028.0,23,2,661.3199999999999,3.1780538303479458,1.0986122886681098,6.49574882283055,2,Potential Customers,0
13029.0,31,3,1247.5,3.4657359027997265,1.3862943611198906,7.129698109719828,3,Loyal Customers,1
13030.0,11,2,752.4399999999999,2.4849066497880004,1.0986122886681098,6.6246493864952445,2,Potential Customers,1
13032.0,52,2,1010.18,3.970291913552122,1.0986122886681098,6.918873244715984,3,Loyal Customers,1
13033.0,357,1,190.55,5.8805329864007,0.6931471805599453,5.255148871146658,1,At Risk Customers,0
13034.0,55,2,642.77,4.02535169073515,1.0986122886681098,6.467341519456512,3,Loyal Customers,0
13035.0,74,2,921.88,4.31748811353631,1.0986122886681098,6.827499215216475,3,Loyal Customers,1
13037.0,138,3,881.07,4.9344739331306915,1.3862943611198906,6.782271417936915,3,Loyal Customers,1
13038.0,80,3,908.46,4.394449154672439,1.3862943611198906,6.812851016782114,3,Loyal Customers,1
13040.0,9,2,676.99,2.302585092994046,1.0986122886681098,6.519132538569087,2,Potential Customers,1
13043.0,273,1,516.42,5.6131281063880705,0.6931471805599453,6.248854923817375,1,At Risk Customers,0
13044.0,291,1,560.47,5.676753802268282,0.6931471805599453,6.330558344434147,1,At Risk Customers,0
13045.0,99,1,305.28000000000003,4.605170185988092,0.6931471805599453,5.724499716244923,1,At Risk Customers,0
13046.0,31,2,629.31,3.4657359027997265,1.0986122886681098,6.446211761854101,2,Potential Customers,0
13047.0,32,10,3237.54,3.4965075614664802,2.3978952727983707,8.082877889943946,0,Champions,1
13048.0,14,4,1819.41,2.70805020110221,1.6094379124341003,7.506817029425575,3,Loyal Customers,1
13049.0,64,2,656.6800000000001,4.174387269895637,1.0986122886681098,6.488718490843878,3,Loyal Customers,0
13050.0,15,17,5836.86,2.772588722239781,2.8903717578961645,8.672119570311168,0,Champions,1
13052.0,212,1,348.15000000000003,5.3612921657094255,0.6931471805599453,5.8555016292920445,1,At Risk Customers,0
13055.0,78,3,1214.41,4.3694478524670215,1.3862943611198906,7.102836747411359,3,Loyal Customers,1
13058.0,25,3,271.40000000000003,3.258096538021482,1.3862943611198906,5.607271574275358,2,Potential Customers,0
13059.0,250,1,183.4,5.5254529391317835,0.6931471805599453,5.2171073111224935,1,At Risk Customers,0
13060.0,254,1,307.53,5.541263545158426,0.6931471805599453,5.731819083350057,1,At Risk Customers,0
13061.0,72,1,248.61,4.290459441148391,0.6931471805599453,5.519899699795292,1,At Risk Customers,0
13062.0,191,1,346.98,5.2574953720277815,0.6931471805599453,5.85214500685857,1,At Risk Customers,0
13064.0,13,4,1105.59,2.6390573296152584,1.6094379124341003,7.009038493734221,2,Potential Customers,1
13065.0,373,1,205.86,5.924255797414532,0.6931471805599453,5.3320422359496575,1,At Risk Customers,0
13066.0,24,2,470.8,3.2188758248682006,1.0986122886681098,6.1565551669735745,2,Potential Customers,0
13067.0,82,1,115.46000000000001,4.418840607796598,0.6931471805599453,4.757547866408974,1,At Risk Customers,0
13068.0,10,2,344.0,2.3978952727983707,1.0986122886681098,5.84354441703136,2,Potential Customers,0
13069.0,1,24,4431.44,0.6931471805599453,3.2188758248682006,8.396705501477726,0,Champions,1
13070.0,192,1,228.8,5.262690188904886,0.6931471805599453,5.437209365414655,1,At Risk Customers,0
13072.0,267,1,177.15,5.5909869805108565,0.6931471805599453,5.182625892051845,1,At Risk Customers,0
13075.0,130,1,919.61,4.875197323201151,0.6931471805599453,6.825036493805135,1,At Risk Customers,1
13077.0,1,4,728.02,0.6931471805599453,1.6094379124341003,6.5917011664745795,2,Potential Customers,1
13078.0,3,26,12627.94,1.3862943611198906,3.295836866004329,9.443746284664895,0,Champions,1
13079.0,4,5,220.10000000000002,1.6094379124341003,1.791759469228055,5.3986150878634005,2,Potential Customers,0
13080.0,179,1,58.08,5.19295685089021,0.6931471805599453,4.078892457663179,1,At Risk Customers,0
13081.0,12,11,28337.38,2.5649493574615367,2.4849066497880004,10.251972348590337,0,Champions,1
13082.0,126,9,3613.63,4.844187086458591,2.302585092994046,8.192744778040643,3,Loyal Customers,1
13083.0,4,2,303.75,1.6094379124341003,1.0986122886681098,5.719491768361381,2,Potential Customers,0
13085.0,158,2,416.08000000000004,5.0689042022202315,1.0986122886681098,6.0332780499213925,1,At Risk Customers,0
13089.0,3,97,58762.08,1.3862943611198906,4.584967478670572,10.98126904552405,0,Champions,1
13090.0,9,14,8910.82,2.302585092994046,2.70805020110221,9.095133764476559,0,Champions,1
13091.0,28,1,345.82,3.367295829986474,0.6931471805599453,5.848805913370403,2,Potential Customers,0
13092.0,71,5,477.83,4.276666119016055,1.791759469228055,6.171345628362577,3,Loyal Customers,0
13093.0,276,8,7832.47,5.6240175061873385,2.1972245773362196,8.966160858120457,3,Loyal Customers,1
13094.0,21,12,1927.3200000000002,3.091042453358316,2.5649493574615367,7.564404436501881,0,Champions,1
13095.0,71,1,74.39999999999999,4.276666119016055,0.6931471805599453,4.32280727501391,1,At Risk Customers,0
13097.0,33,10,6003.22,3.5263605246161616,2.3978952727983707,8.70021783432055,0,Champions,1
13098.0,1,28,28882.44,0.6931471805599453,3.367295829986474,10.271023699486712,0,Champions,1
13099.0,99,1,207.35999999999999,4.605170185988092,0.6931471805599453,5.33926735287699,1,At Risk Customers,0
13101.0,234,1,101.19,5.459585514144159,0.6931471805599453,4.626833825624118,1,At Risk Customers,0
13102.0,1,24,6424.09,0.6931471805599453,3.2188758248682006,8.767965917447414,0,Champions,1
13103.0,40,1,243.94,3.713572066704308,0.6931471805599453,5.501013282593141,1,At Risk Customers,0
13104.0,3,6,1098.48,1.3862943611198906,1.9459101490553132,7.0025926197429715,0,Champions,1
13106.0,133,1,76.5,4.897839799950911,0.6931471805599453,4.350277936359301,1,At Risk Customers,0
13107.0,44,4,1531.6200000000001,3.8066624897703196,1.6094379124341003,7.334733968170588,3,Loyal Customers,1
13108.0,373,1,350.06,5.924255797414532,0.6931471805599453,5.8609571490281995,1,At Risk Customers,0
13109.0,60,2,786.54,4.110873864173311,1.0986122886681098,6.668914163060628,3,Loyal Customers,1
13110.0,31,7,1488.67,3.4657359027997265,2.0794415416798357,7.306309897899894,3,Loyal Customers,1
13113.0,1,24,12245.960000000001,0.6931471805599453,3.2188758248682006,9.41303302190997,0,Champions,1
13115.0,12,4,2294.78,2.5649493574615367,1.6094379124341003,7.7388279340332105,3,Loyal Customers,1
13116.0,138,1,501.14,4.9344739331306915,0.6931471805599453,6.218878965272838,1,At Risk Customers,0
13117.0,22,8,984.91,3.1354942159291497,2.1972245773362196,6.893565072546089,3,Loyal Customers,1
13118.0,20,5,1197.81,3.044522437723423,1.791759469228055,7.089084677082725,3,Loyal Customers,1
13120.0,239,1,30.599999999999998,5.480638923341991,0.6931471805599453,3.4531571205928664,1,At Risk Customers,0
13121.0,269,1,283.73,5.598421958998375,0.6931471805599453,5.6515413628105104,1,At Risk Customers,0
13122.0,94,2,922.39,4.553876891600541,1.0986122886681098,6.828051680471256,3,Loyal Customers,1
13124.0,90,3,3756.33,4.51085950651685,1.3862943611198906,8.231463877756003,3,Loyal Customers,1
13126.0,5,8,2099.64,1.791759469228055,2.1972245773362196,7.6499973391858,0,Champions,1
13127.0,78,1,259.17,4.3694478524670215,0.6931471805599453,5.561335263505108,1,At Risk Customers,0
13130.0,94,1,64.0,4.553876891600541,0.6931471805599453,4.174387269895637,1,At Risk Customers,0
13131.0,23,3,1073.3,3.1780538303479458,1.3862943611198906,6.979424565672496,3,Loyal Customers,1
13132.0,262,1,77.3,5.572154032177765,0.6931471805599453,4.360547602996758,1,At Risk Customers,0
13133.0,274,2,109.8,5.616771097666572,1.0986122886681098,4.707726774313183,1,At Risk Customers,0
13134.0,86,4,1793.58,4.465908118654584,1.6094379124341003,7.4925262902571115,3,Loyal Customers,1
13135.0,197,1,3096.0,5.288267030694535,0.6931471805599453,8.038189179973203,3,Loyal Customers,1
13136.0,56,5,2607.61,4.04305126783455,1.791759469228055,7.866572791402729,3,Loyal Customers,1
13137.0,11,8,3603.29,2.4849066497880004,2.1972245773362196,8.189880081639725,0,Champions,1
13138.0,22,6,962.39,3.1354942159291497,1.9459101490553132,6.870458314237744,3,Loyal Customers,1
13139.0,16,7,5064.94,2.833213344056216,2.0794415416798357,8.530294986827844,0,Champions,1
13140.0,108,3,422.47,4.6913478822291435,1.3862943611198906,6.048482673330305,1,At Risk Customers,0
13141.0,85,5,2388.75,4.454347296253507,1.791759469228055,7.778944036943872,3,Loyal Customers,1
13142.0,19,1,307.09,2.995732273553991,0.6931471805599453,5.7303919480814,2,Potential Customers,0
13144.0,333,1,110.95,5.811140992976701,0.6931471805599453,4.718052343044764,1,At Risk Customers,0
13145.0,40,4,618.52,3.713572066704308,1.6094379124341003,6.428944984648157,3,Loyal Customers,0
13146.0,26,1,228.91,3.295836866004329,0.6931471805599453,5.437687927995845,2,Potential Customers,0
13147.0,10,4,712.8000000000001,2.3978952727983707,1.6094379124341003,6.57060281105606,2,Potential Customers,1
13148.0,29,12,3683.26,3.4011973816621555,2.5649493574615367,8.211824970346322,0,Champions,1
13149.0,14,4,1676.06,2.70805020110221,1.6094379124341003,7.424797539358498,3,Loyal Customers,1
13151.0,296,1,1257.8700000000001,5.6937321388027,0.6931471805599453,7.1379697721602025,1,At Risk Customers,1
13153.0,6,1,486.22,1.9459101490553132,0.6931471805599453,6.188715766456242,2,Potential Customers,0
13155.0,33,4,971.76,3.5263605246161616,1.6094379124341003,6.880137391945464,3,Loyal Customers,1
13157.0,49,4,1741.22,3.912023005428146,1.6094379124341003,7.462915441057162,3,Loyal Customers,1
13158.0,95,4,1201.06,4.564348191467836,1.6094379124341003,7.091792030654675,3,Loyal Customers,1
13159.0,9,4,1429.35,2.302585092994046,1.6094379124341003,7.26567444855103,2,Potential Customers,1
13160.0,22,1,91.8,3.1354942159291497,0.6931471805599453,4.530446639792155,2,Potential Customers,0
13161.0,313,1,112.75,5.749392985908253,0.6931471805599453,4.7340030578310595,1,At Risk Customers,0
13162.0,122,4,1688.29,4.812184355372417,1.6094379124341003,7.432063601299488,3,Loyal Customers,1
13165.0,46,2,1021.48,3.8501476017100584,1.0986122886681098,6.929986327823459,3,Loyal Customers,1
13166.0,283,1,417.2,5.648974238161206,0.6931471805599453,6.035959786994534,1,At Risk Customers,0
13167.0,19,4,791.33,2.995732273553991,1.6094379124341003,6.674977971699642,2,Potential Customers,1
13168.0,36,4,1299.59,3.6109179126442243,1.6094379124341003,7.170573286646459,3,Loyal Customers,1
13169.0,64,2,712.88,4.174387269895637,1.0986122886681098,6.570714880987815,3,Loyal Customers,1
13170.0,27,1,108.81,3.332204510175204,0.6931471805599453,4.698751599609622,2,Potential Customers,0
13171.0,22,3,468.41,3.1354942159291497,1.3862943611198906,6.151476586982076,2,Potential Customers,0
13173.0,4,2,353.65,1.6094379124341003,1.0986122886681098,5.871131387648096,2,Potential Customers,0
13174.0,16,3,2742.82,2.833213344056216,1.3862943611198906,7.917106389026516,3,Loyal Customers,1
13176.0,46,1,481.49,3.8501476017100584,0.6931471805599453,6.178960195175666,1,At Risk Customers,0
13177.0,65,1,282.45,4.189654742026425,0.6931471805599453,5.6470357407703125,1,At Risk Customers,0
13178.0,26,11,5725.47,3.295836866004329,2.4849066497880004,8.652854564021988,0,Champions,1
13182.0,45,1,121.18,3.828641396489095,0.6931471805599453,4.805495367221621,1,At Risk Customers,0
13183.0,8,9,3957.78,2.1972245773362196,2.302585092994046,8.283691175973804,0,Champions,1
13184.0,15,10,1668.95,2.772588722239781,2.3978952727983707,7.420548964842826,0,Champions,1
13185.0,268,1,71.4,5.594711379601839,0.6931471805599453,4.282206299391671,1,At Risk Customers,0
13186.0,40,3,1575.89,3.713572066704308,1.3862943611198906,7.363209831835215,3,Loyal Customers,1
13187.0,337,1,236.02,5.823045895483019,0.6931471805599453,5.4681445257603025,1,At Risk Customers,0
13188.0,11,1,114.60000000000001,2.4849066497880004,0.6931471805599453,4.750135956238277,2,Potential Customers,0
13189.0,19,2,260.68,2.995732273553991,1.0986122886681098,5.567122383230129,2,Potential Customers,0
13192.0,95,2,911.94,4.564348191467836,1.0986122886681098,6.81667016102037,3,Loyal Customers,1
13193.0,61,1,112.08,4.127134385045092,0.6931471805599453,4.72809553282539,1,At Risk Customers,0
13194.0,136,1,60.7,4.919980925828125,0.6931471805599453,4.122283930911342,1,At Risk Customers,0
13196.0,11,4,1797.78,2.4849066497880004,1.6094379124341003,7.494863936311281,3,Loyal Customers,1
13198.0,10,6,3401.2400000000002,2.3978952727983707,1.9459101490553132,8.132189317204716,0,Champions,1
13199.0,4,38,9817.12,1.6094379124341003,3.6635616461296463,9.191984936991869,0,Champions,1
13200.0,19,4,870.09,2.995732273553991,1.6094379124341003,6.769745301020691,3,Loyal Customers,1
13203.0,10,4,869.46,2.3978952727983707,1.6094379124341003,6.769021807549381,2,Potential Customers,1
13207.0,15,2,250.26000000000002,2.772588722239781,1.0986122886681098,5.526488259576272,2,Potential Customers,0
13208.0,59,6,1217.65,4.0943445622221,1.9459101490553132,7.105498967663615,3,Loyal Customers,1
13209.0,30,8,5891.61,3.4339872044851463,2.1972245773362196,8.681454302434092,0,Champions,1
13210.0,94,1,353.48,4.553876891600541,0.6931471805599453,5.8706519268912345,1,At Risk Customers,0
13211.0,10,3,1095.42,2.3978952727983707,1.3862943611198906,6.999805605779951,2,Potential Customers,1
13212.0,20,3,786.83,3.044522437723423,1.3862943611198906,6.669282330542903,2,Potential Customers,1
13213.0,57,5,1520.58,4.060443010546419,1.791759469228055,7.327504547645857,3,Loyal Customers,1
13216.0,268,1,333.74,5.594711379601839,0.6931471805599453,5.813354111085492,1,At Risk Customers,0
13217.0,122,3,533.98,4.812184355372417,1.3862943611198906,6.282229363019668,3,Loyal Customers,0
13218.0,127,1,62.63999999999999,4.852030263919617,0.6931471805599453,4.153242203469586,1,At Risk Customers,0
13220.0,78,4,819.2900000000001,4.3694478524670215,1.6094379124341003,6.7096579362724444,3,Loyal Customers,1
13221.0,240,2,847.41,5.484796933490655,1.0986122886681098,6.743364009514037,1,At Risk Customers,1
13223.0,200,2,163.20000000000002,5.303304908059076,1.0986122886681098,5.101085197018328,1,At Risk Customers,0
13224.0,60,2,2155.95,4.110873864173311,1.0986122886681098,7.676450465777419,3,Loyal Customers,1
13225.0,3,7,6463.84,1.3862943611198906,2.0794415416798357,8.774133542253146,0,Champions,1
13226.0,273,1,108.21000000000001,5.6131281063880705,0.6931471805599453,4.693272634209637,1,At Risk Customers,0
13227.0,202,1,257.7,5.313205979041787,0.6931471805599453,5.5556690891919835,1,At Risk Customers,0
13228.0,81,1,358.0,4.406719247264253,0.6931471805599453,5.883322388488279,1,At Risk Customers,0
13229.0,226,1,160.95,5.424950017481403,0.6931471805599453,5.087287645617338,1,At Risk Customers,0
13230.0,4,14,2755.63,1.6094379124341003,2.70805020110221,7.921764198172896,0,Champions,1
13232.0,13,7,1328.35,2.6390573296152584,2.0794415416798357,7.192445379947863,0,Champions,1
13233.0,74,2,605.12,4.31748811353631,1.0986122886681098,6.407077986267962,1,At Risk Customers,0
13235.0,212,1,1031.07,5.3612921657094255,0.6931471805599453,6.939321773198559,1,At Risk Customers,1
13236.0,25,2,744.85,3.258096538021482,1.0986122886681098,6.614524507599939,2,Potential Customers,1
13238.0,17,4,700.73,2.8903717578961645,1.6094379124341003,6.553548714657728,2,Potential Customers,1
13239.0,262,1,329.56,5.572154032177765,0.6931471805599453,5.800788185931274,1,At Risk Customers,0
13240.0,96,4,663.65,4.574710978503383,1.6094379124341003,6.499260586313608,3,Loyal Customers,0
13242.0,112,3,270.40000000000003,4.727387818712341,1.3862943611198906,5.603593747400769,1,At Risk Customers,0
13243.0,203,1,585.12,5.318119993844216,0.6931471805599453,6.373524546769825,1,At Risk Customers,0
13244.0,93,1,121.74000000000001,4.543294782270004,0.6931471805599453,4.810068296960951,1,At Risk Customers,0
13245.0,51,1,430.5,3.9512437185814275,0.6931471805599453,6.067267510523482,1,At Risk Customers,0
13246.0,18,6,1961.52,2.9444389791664403,1.9459101490553132,7.581984640687438,3,Loyal Customers,1
13247.0,18,4,501.12,2.9444389791664403,1.6094379124341003,6.218839134950008,2,Potential Customers,0
13248.0,125,2,465.68,4.836281906951478,1.0986122886681098,6.145643797955656,1,At Risk Customers,0
13249.0,92,3,711.41,4.532599493153256,1.3862943611198906,6.56865358837482,3,Loyal Customers,1
13253.0,157,2,1030.4,5.062595033026967,1.0986122886681098,6.9386723816168585,3,Loyal Customers,1
13255.0,9,2,399.51,2.302585092994046,1.0986122886681098,5.992738734985712,2,Potential Customers,0
13258.0,12,3,672.83,2.5649493574615367,1.3862943611198906,6.512977853578813,2,Potential Customers,1
13259.0,62,1,283.18,4.143134726391533,0.6931471805599453,5.64960784020993,1,At Risk Customers,0
13260.0,61,1,557.62,4.127134385045092,0.6931471805599453,6.325469456665338,1,At Risk Customers,0
13261.0,269,2,944.1,5.598421958998375,1.0986122886681098,6.8512907420010105,1,At Risk Customers,1
13262.0,263,1,200.29,5.575949103146316,0.6931471805599453,5.3047466543129405,1,At Risk Customers,0
13263.0,1,35,7436.93,0.6931471805599453,3.58351893845611,8.914347863308706,0,Champions,1
13265.0,53,5,2092.66,3.9889840465642745,1.791759469228055,7.646669009574865,3,Loyal Customers,1
13266.0,11,12,3834.2599999999998,2.4849066497880004,2.5649493574615367,8.251992508113439,0,Champions,1
13267.0,3,19,4521.49,1.3862943611198906,2.995732273553991,8.416818006100614,0,Champions,1
13268.0,18,11,3174.75,2.9444389791664403,2.4849066497880004,8.06329910390357,0,Champions,1
13269.0,1,15,5343.28,0.6931471805599453,2.772588722239781,8.583782109053482,0,Champions,1
13270.0,366,1,590.0,5.905361848054571,0.6931471805599453,6.3818160174060985,1,At Risk Customers,0
13271.0,37,1,211.49,3.6375861597263857,0.6931471805599453,5.358894928433641,1,At Risk Customers,0
13272.0,31,2,276.56,3.4657359027997265,1.0986122886681098,5.626037126031348,2,Potential Customers,0
13273.0,113,1,138.98,4.736198448394496,0.6931471805599453,4.941499555261394,1,At Risk Customers,0
13276.0,64,2,590.9300000000001,4.174387269895637,1.0986122886681098,6.383388384649479,3,Loyal Customers,0
13277.0,16,4,258.4,2.833213344056216,1.6094379124341003,5.5583712718823435,2,Potential Customers,0
13278.0,41,1,542.73,3.7376696182833684,0.6931471805599453,6.298452800117238,2,Potential Customers,0
13279.0,78,1,137.75,4.3694478524670215,0.6931471805599453,4.932673752626544,1,At Risk Customers,0
13280.0,122,3,798.46,4.812184355372417,1.3862943611198906,6.68393649975286,3,Loyal Customers,1
13282.0,18,3,1132.14,2.9444389791664403,1.3862943611198906,7.032747819149021,2,Potential Customers,1
13283.0,60,2,93.66,4.110873864173311,1.0986122886681098,4.5502915244781015,1,At Risk Customers,0
13284.0,331,1,201.19,5.805134968916488,0.6931471805599453,5.309207849379209,1,At Risk Customers,0
13285.0,23,4,2709.12,3.1780538303479458,1.6094379124341003,7.904748193336201,3,Loyal Customers,1
13291.0,156,1,361.11,5.056245805348308,0.6931471805599453,5.8919480330707374,1,At Risk Customers,0
13292.0,39,2,578.9399999999999,3.6888794541139363,1.0986122886681098,6.362924649913461,2,Potential Customers,0
13294.0,190,2,873.74,5.25227342804663,1.0986122886681098,6.773926699344786,1,At Risk Customers,1
13295.0,360,1,201.20000000000002,5.8888779583328805,0.6931471805599453,5.309257306586371,1,At Risk Customers,0
13296.0,137,1,87.4,4.927253685157205,0.6931471805599453,4.481871969643598,1,At Risk Customers,0
13297.0,8,4,2089.85,2.1972245773362196,1.6094379124341003,7.645325960844005,0,Champions,1
13298.0,1,1,360.0,0.6931471805599453,0.6931471805599453,5.8888779583328805,2,Potential Customers,0
13299.0,268,1,142.5,5.594711379601839,0.6931471805599453,4.966335035199676,1,At Risk Customers,0
13300.0,169,1,371.89,5.135798437050262,0.6931471805599453,5.921283469984221,1,At Risk Customers,0
13301.0,104,4,618.09,4.653960350157523,1.6094379124341003,6.428250657915328,3,Loyal Customers,0
13302.0,155,1,63.75,5.049856007249537,0.6931471805599453,4.1705337005796475,1,At Risk Customers,0
13304.0,351,1,300.42,5.863631175598097,0.6931471805599453,5.7085046409915305,1,At Risk Customers,0
13305.0,4,10,2000.86,1.6094379124341003,2.3978952727983707,7.601832027360015,0,Champions,1
13307.0,120,1,15.0,4.795790545596741,0.6931471805599453,2.772588722239781,1,At Risk Customers,0
13308.0,23,3,1385.51,3.1780538303479458,1.3862943611198906,7.23454507743516,3,Loyal Customers,1
13309.0,7,5,1456.79,2.0794415416798357,1.791759469228055,7.2846768692730555,0,Champions,1
13310.0,28,3,1132.03,3.367295829986474,1.3862943611198906,7.032650739053453,3,Loyal Customers,1
13311.0,4,2,598.57,1.6094379124341003,1.0986122886681098,6.396212731621162,2,Potential Customers,0
13313.0,22,5,1555.32,3.1354942159291497,1.791759469228055,7.35007933912113,3,Loyal Customers,1
13314.0,2,3,775.94,1.0986122886681098,1.3862943611198906,6.655363127308804,2,Potential Customers,1
13316.0,37,4,5732.93,3.6375861597263857,1.6094379124341003,8.654156438485995,3,Loyal Customers,1
13317.0,66,6,2273.68,4.204692619390966,1.9459101490553132,7.729594662150938,3,Loyal Customers,1
13318.0,1,3,640.76,0.6931471805599453,1.3862943611198906,6.464214402021743,2,Potential Customers,0
13319.0,5,26,10845.550000000001,1.791759469228055,3.295836866004329,9.29160233605445,0,Champions,1
13320.0,78,4,1532.2,4.3694478524670215,1.6094379124341003,7.3351123335064,3,Loyal Customers,1
13321.0,72,2,567.36,4.290459441148391,1.0986122886681098,6.342755020769874,1,At Risk Customers,0
13322.0,17,1,199.48000000000002,2.8903717578961645,0.6931471805599453,5.300714491147758,2,Potential Customers,0
13323.0,3,5,787.85,1.3862943611198906,1.791759469228055,6.670576188703463,2,Potential Customers,1
13324.0,36,10,7121.95,3.6109179126442243,2.3978952727983707,8.871077244439467,0,Champions,1
13325.0,82,1,675.3,4.418840607796598,0.6931471805599453,6.516636764580894,1,At Risk Customers,1
13327.0,39,8,3627.77,3.6888794541139363,2.1972245773362196,8.196649026863438,0,Champions,1
13328.0,316,1,1308.48,5.75890177387728,0.6931471805599453,7.17738539082617,1,At Risk Customers,1
13329.0,32,2,789.0,3.4965075614664802,1.0986122886681098,6.672032945461067,2,Potential Customers,1
13330.0,93,3,1140.93,4.543294782270004,1.3862943611198906,7.040475092365302,3,Loyal Customers,1
13332.0,14,1,350.9,2.70805020110221,0.6931471805599453,5.863347044327539,2,Potential Customers,0
13334.0,82,3,3502.32,4.418840607796598,1.3862943611198906,8.161466369296502,3,Loyal Customers,1
13336.0,77,1,795.12,4.356708826689592,0.6931471805599453,6.679749928251019,1,At Risk Customers,1
13338.0,158,1,487.02,5.0689042022202315,0.6931471805599453,6.190356388619899,1,At Risk Customers,0
13339.0,201,1,860.12,5.308267697401205,0.6931471805599453,6.758233867538541,1,At Risk Customers,1
13340.0,45,7,10736.48,3.828641396489095,2.0794415416798357,9.28149570365981,0,Champions,1
13341.0,261,1,775.85,5.568344503761097,0.6931471805599453,6.65524728153801,1,At Risk Customers,1
13343.0,178,1,353.43,5.187385805840755,0.6931471805599453,5.870510865261174,1,At Risk Customers,0
13344.0,68,3,2511.69,4.23410650459726,1.3862943611198906,7.829109171398687,3,Loyal Customers,1
13345.0,288,1,389.5,5.666426688112432,0.6931471805599453,5.967427969279741,1,At Risk Customers,0
13347.0,70,1,341.36,4.2626798770413155,0.6931471805599453,5.835862815013409,1,At Risk Customers,0
13348.0,64,1,233.76,4.174387269895637,0.6931471805599453,5.458563715690134,1,At Risk Customers,0
13349.0,11,1,247.32,2.4849066497880004,0.6931471805599453,5.514718236994854,2,Potential Customers,0
13350.0,16,2,979.12,2.833213344056216,1.0986122886681098,6.887675013147945,2,Potential Customers,1
13351.0,66,1,373.94,4.204692619390966,0.6931471805599453,5.926766013169045,1,At Risk Customers,0
13352.0,60,1,397.97999999999996,4.110873864173311,0.6931471805599453,5.988911290320265,1,At Risk Customers,0
13354.0,71,1,743.53,4.276666119016055,0.6931471805599453,6.612753146812557,1,At Risk Customers,1
13355.0,122,1,674.7,4.812184355372417,0.6931471805599453,6.515749190558129,1,At Risk Customers,1
13356.0,80,1,768.24,4.394449154672439,0.6931471805599453,6.645403014442647,1,At Risk Customers,1
13357.0,257,1,609.4,5.552959584921617,0.6931471805599453,6.414114479970247,1,At Risk Customers,0
13358.0,269,1,439.03,5.598421958998375,0.6931471805599453,6.086842906406214,1,At Risk Customers,0
13359.0,64,1,439.56,4.174387269895637,0.6931471805599453,6.088046644954226,1,At Risk Customers,0
13362.0,9,4,3090.7400000000002,2.302585092994046,1.6094379124341003,8.036489318202769,0,Champions,1
13363.0,18,2,992.5,2.9444389791664403,1.0986122886681098,6.901234061991872,2,Potential Customers,1
13364.0,71,1,134.95999999999998,4.276666119016055,0.6931471805599453,4.9123607248279155,1,At Risk Customers,0
13365.0,34,2,2225.37,3.5553480614894135,1.0986122886681098,7.708127735453272,3,Loyal Customers,1
13366.0,50,1,56.160000000000004,3.9318256327243257,0.6931471805599453,4.045854353061666,1,At Risk Customers,0
13368.0,257,2,623.4,5.552959584921617,1.0986122886681098,6.436791188641277,1,At Risk Customers,0
13369.0,366,1,308.28000000000003,5.905361848054571,0.6931471805599453,5.734247015460021,1,At Risk Customers,0
13370.0,372,1,754.87,5.921578419643816,0.6931471805599453,6.62786940372116,1,At Risk Customers,1
13372.0,90,1,378.64,4.51085950651685,0.6931471805599453,5.939223435262291,1,At Risk Customers,0
13373.0,61,3,3312.25,4.127134385045092,1.3862943611198906,8.105684859760789,3,Loyal Customers,1
13375.0,89,1,778.65,4.499809670330265,0.6931471805599453,6.658845101030894,1,At Risk Customers,1
13376.0,99,3,1019.76,4.605170185988092,1.3862943611198906,6.928302726869797,3,Loyal Customers,1
13379.0,26,3,572.56,3.295836866004329,1.3862943611198906,6.351862551846838,2,Potential Customers,0
13381.0,32,6,3639.31,3.4965075614664802,1.9459101490553132,8.199824121839633,3,Loyal Customers,1
13382.0,281,1,222.99,5.641907070938114,0.6931471805599453,5.411601408001375,1,At Risk Customers,0
13384.0,31,7,4151.93,3.4657359027997265,2.0794415416798357,8.331569388203366,0,Champions,1
13385.0,330,1,534.57,5.802118375377063,0.6931471805599453,6.283331600299074,1,At Risk Customers,0
13388.0,131,2,677.1,4.882801922586371,1.0986122886681098,6.519294769689797,1,At Risk Customers,1
13389.0,11,3,797.96,2.4849066497880004,1.3862943611198906,6.683310881934879,2,Potential Customers,1
13390.0,75,1,544.08,4.330733340286331,0.6931471805599453,6.30093257288162,1,At Risk Customers,0
13391.0,204,1,59.8,5.3230099791384085,0.6931471805599453,4.107589788972121,1,At Risk Customers,0
13394.0,2,8,2520.02,1.0986122886681098,2.1972245773362196,7.832418860516229,0,Champions,1
13395.0,185,1,307.72,5.225746673713202,0.6931471805599453,5.7324347172293635,1,At Risk Customers,0
13396.0,29,2,1360.99,3.4011973816621555,1.0986122886681098,7.216702144538598,3,Loyal Customers,1
13397.0,73,5,1544.13,4.30406509320417,1.791759469228055,7.342863328186895,3,Loyal Customers,1
13398.0,192,1,457.34,5.262690188904886,0.6931471805599453,6.127611266781323,1,At Risk Customers,0
13402.0,127,2,621.23,4.852030263919617,1.0986122886681098,6.433309799308897,1,At Risk Customers,0
13403.0,18,1,75.0,2.9444389791664403,0.6931471805599453,4.330733340286331,2,Potential Customers,0
13404.0,1,2,252.49,0.6931471805599453,1.0986122886681098,5.5353243745214,2,Potential Customers,0
13405.0,74,3,572.451,4.31748811353631,1.3862943611198906,6.351672492640208,3,Loyal Customers,0
13408.0,2,62,28117.04,1.0986122886681098,4.143134726391533,10.244166642215127,0,Champions,1
13410.0,24,5,1003.06,3.2188758248682006,1.791759469228055,6.911807059422235,3,Loyal Customers,1
13411.0,107,1,213.55,4.68213122712422,0.6931471805599453,5.368542811437534,1,At Risk Customers,0
13414.0,134,3,1390.5,4.90527477843843,1.3862943611198906,7.238137580965946,3,Loyal Customers,1
13416.0,44,2,712.5,3.8066624897703196,1.0986122886681098,6.570182436916891,3,Loyal Customers,1
13417.0,5,2,640.83,1.791759469228055,1.0986122886681098,6.4643234711171225,2,Potential Customers,0
13418.0,12,18,6127.43,2.5649493574615367,2.9444389791664403,8.720693878671442,0,Champions,1
13419.0,64,1,221.06,4.174387269895637,0.6931471805599453,5.40294761562612,1,At Risk Customers,0
13420.0,150,2,159.85,5.017279836814924,1.0986122886681098,5.080472253685035,1,At Risk Customers,0
13421.0,40,2,1833.71,3.713572066704308,1.0986122886681098,7.514641709852188,3,Loyal Customers,1
13422.0,64,1,2626.3,4.174387269895637,0.6931471805599453,7.8737119818711125,3,Loyal Customers,1
13425.0,108,3,1624.21,4.6913478822291435,1.3862943611198906,7.393392317183492,3,Loyal Customers,1
13426.0,1,10,3641.32,0.6931471805599453,2.3978952727983707,8.200376120238847,0,Champions,1
13427.0,19,3,582.6,2.995732273553991,1.3862943611198906,6.369215816648631,2,Potential Customers,0
13428.0,10,1,201.78,2.3978952727983707,0.6931471805599453,5.3121216475244335,2,Potential Customers,0
13429.0,11,4,1006.8,2.4849066497880004,1.6094379124341003,6.915525016246498,2,Potential Customers,1
13430.0,19,2,679.45,2.995732273553991,1.0986122886681098,6.5227543440063265,2,Potential Customers,1
13431.0,67,2,1269.1,4.219507705176107,1.0986122886681098,7.146850916510274,3,Loyal Customers,1
13434.0,74,2,534.24,4.31748811353631,1.0986122886681098,6.282715244436788,1,At Risk Customers,0
13435.0,5,7,3809.8900000000003,1.791759469228055,2.0794415416798357,8.245618036642021,0,Champions,1
13436.0,2,1,196.89,1.0986122886681098,0.6931471805599453,5.287711320760812,2,Potential Customers,0
13437.0,14,7,3408.06,2.70805020110221,2.0794415416798357,8.134191872452362,0,Champions,1
13439.0,255,1,283.71,5.545177444479562,0.6931471805599453,5.651471118359793,1,At Risk Customers,0
13441.0,92,1,296.64,4.532599493153256,0.6931471805599453,5.69588470252906,1,At Risk Customers,0
13447.0,23,3,1129.14,3.1780538303479458,1.3862943611198906,7.030096797837492,3,Loyal Customers,1
13448.0,17,6,3534.69,2.8903717578961645,1.9459101490553132,8.170663750231064,0,Champions,1
13449.0,24,1,291.88,3.2188758248682006,0.6931471805599453,5.679762968811981,2,Potential Customers,0
13450.0,27,6,2043.7199999999998,3.332204510175204,1.9459101490553132,7.623016139787193,3,Loyal Customers,1
13451.0,26,5,2898.2599999999998,3.295836866004329,1.791759469228055,7.972210810998752,3,Loyal Customers,1
13452.0,259,2,590.0,5.560681631015528,1.0986122886681098,6.3818160174060985,1,At Risk Customers,0
13453.0,166,2,356.97999999999996,5.117993812416755,1.0986122886681098,5.880477118918353,1,At Risk Customers,0
13455.0,25,2,1058.34,3.258096538021482,1.0986122886681098,6.965401351674954,2,Potential Customers,1
13456.0,18,6,1766.72,2.9444389791664403,1.9459101490553132,7.477445859614847,3,Loyal Customers,1
13458.0,7,14,9646.57,2.0794415416798357,2.70805020110221,9.174461349151194,0,Champions,1
13460.0,29,2,183.44,3.4011973816621555,1.0986122886681098,5.217324207338505,2,Potential Customers,0
13461.0,39,3,1445.0,3.6888794541139363,1.3862943611198906,7.27655640271871,3,Loyal Customers,1
13462.0,253,1,151.5,5.537334267018537,0.6931471805599453,5.0271645960474665,1,At Risk Customers,0
13464.0,58,1,674.68,4.07753744390572,0.6931471805599453,6.515719591185634,1,At Risk Customers,1
13466.0,184,1,307.9,5.220355825078324,0.6931471805599453,5.733017599924536,1,At Risk Customers,0
13467.0,11,2,1071.91,2.4849066497880004,1.0986122886681098,6.978129862132399,2,Potential Customers,1
13468.0,2,37,5704.97,1.0986122886681098,3.6375861597263857,8.64926827413607,0,Champions,1
13470.0,99,2,165.0,4.605170185988092,1.0986122886681098,5.111987788356544,1,At Risk Customers,0
13471.0,1,4,2501.84,0.6931471805599453,1.6094379124341003,7.825181366096544,0,Champions,1
13473.0,61,2,422.64,4.127134385045092,1.0986122886681098,6.048884037975468,1,At Risk Customers,0
13474.0,236,1,226.84,5.4680601411351315,0.6931471805599453,5.428643628223611,1,At Risk Customers,0
13475.0,191,4,1431.78,5.2574953720277815,1.6094379124341003,7.2673718919667785,3,Loyal Customers,1
13476.0,179,2,1238.47,5.19295685089021,1.0986122886681098,7.122439147874555,3,Loyal Customers,1
13477.0,38,6,1454.58,3.6635616461296463,1.9459101490553132,7.283159725605137,3,Loyal Customers,1
13479.0,201,2,300.95,5.308267697401205,1.0986122886681098,5.71026144075391,1,At Risk Customers,0
13481.0,46,5,1804.56,3.8501476017100584,1.791759469228055,7.498626071957096,3,Loyal Customers,1
13482.0,232,1,184.64,5.4510384535657,0.6931471805599453,5.223809314372975,1,At Risk Customers,0
13483.0,66,1,140.34,4.204692619390966,0.6931471805599453,4.951168335262708,1,At Risk Customers,0
13484.0,241,1,313.8,5.488937726156687,0.6931471805599453,5.751937516543248,1,At Risk Customers,0
13485.0,233,1,454.24,5.455321115357702,0.6931471805599453,6.120824752413689,1,At Risk Customers,0
13486.0,78,3,1122.41,4.3694478524670215,1.3862943611198906,7.024123981607583,3,Loyal Customers,1
13487.0,58,3,575.4,4.07753744390572,1.3862943611198906,6.356801864125367,3,Loyal Customers,0
13488.0,17,13,8968.31,2.8903717578961645,2.6390573296152584,9.101564029017187,0,Champions,1
13489.0,105,4,449.52,4.663439094112067,1.6094379124341003,6.110402471179496,3,Loyal Customers,0
13491.0,52,10,1215.82,3.970291913552122,2.3978952727983707,7.103996177364903,3,Loyal Customers,1
13492.0,136,3,1269.84,4.919980925828125,1.3862943611198906,7.147433378135437,3,Loyal Customers,1
13493.0,275,2,618.63,5.62040086571715,1.0986122886681098,6.429122525704993,1,At Risk Customers,0
13494.0,312,1,316.26000000000005,5.746203190540153,0.6931471805599453,5.759721626980309,1,At Risk Customers,0
13495.0,8,5,2044.8700000000001,2.1972245773362196,1.791759469228055,7.623578405880983,0,Champions,1
13496.0,11,2,653.33,2.4849066497880004,1.0986122886681098,6.483611811351871,2,Potential Customers,0
13497.0,283,2,348.05,5.648974238161206,1.0986122886681098,5.855215178416411,1,At Risk Customers,0
13499.0,18,5,1159.11,2.9444389791664403,1.791759469228055,7.056270107190766,3,Loyal Customers,1
13500.0,23,3,1166.77,3.1780538303479458,1.3862943611198906,7.062851226189096,3,Loyal Customers,1
13501.0,288,1,1340.32,5.666426688112432,0.6931471805599453,7.201409482704207,1,At Risk Customers,1
13502.0,17,3,292.0,2.8903717578961645,1.3862943611198906,5.680172609017068,2,Potential Customers,0
13503.0,71,1,216.85,4.276666119016055,0.6931471805599453,5.383806752563451,1,At Risk Customers,0
13504.0,64,1,295.93,4.174387269895637,0.6931471805599453,5.693496420787701,1,At Risk Customers,0
13505.0,73,4,4393.63,4.30406509320417,1.6094379124341003,8.388138619999735,3,Loyal Customers,1
13506.0,316,2,458.52,5.75890177387728,1.0986122886681098,6.130182466419805,1,At Risk Customers,0
13507.0,3,4,2479.16,1.3862943611198906,1.6094379124341003,7.816078353206984,0,Champions,1
13508.0,244,1,110.97,5.501258210544727,0.6931471805599453,4.718230978272105,1,At Risk Customers,0
13509.0,9,7,979.72,2.302585092994046,2.0794415416798357,6.888286995786739,0,Champions,1
13510.0,1,4,1791.56,0.6931471805599453,1.6094379124341003,7.491400044716921,0,Champions,1
13512.0,261,1,251.21,5.568344503761097,0.6931471805599453,5.530262073815315,1,At Risk Customers,0
13513.0,127,1,205.1,4.852030263919617,0.6931471805599453,5.328361487896413,1,At Risk Customers,0
13514.0,74,1,152.20000000000002,4.31748811353631,0.6931471805599453,5.031744257306491,1,At Risk Customers,0
13515.0,73,4,891.12,4.30406509320417,1.6094379124341003,6.793600652679757,3,Loyal Customers,1
13516.0,21,3,1389.41,3.091042453358316,1.3862943611198906,7.2373539466601775,3,Loyal Customers,1
13517.0,60,3,2128.42,4.110873864173311,1.3862943611198906,7.663604921153483,3,Loyal Customers,1
13518.0,86,1,627.16,4.465908118654584,0.6931471805599453,6.442794911088096,1,At Risk Customers,0
13519.0,78,1,122.75,4.3694478524670215,0.6931471805599453,4.8182634014487995,1,At Risk Customers,0
13520.0,59,6,3624.35,4.0943445622221,1.9459101490553132,8.195706114352095,3,Loyal Customers,1
13521.0,1,3,1071.73,0.6931471805599453,1.3862943611198906,6.977962080025035,2,Potential Customers,1
13522.0,30,1,125.80000000000001,3.4339872044851463,0.6931471805599453,4.842611042003125,2,Potential Customers,0
13523.0,33,5,3964.88,3.5263605246161616,1.791759469228055,8.285483051435902,3,Loyal Customers,1
13524.0,41,5,680.1800000000001,3.7376696182833684,1.791759469228055,6.523826588404497,3,Loyal Customers,1
13525.0,15,2,628.78,2.772588722239781,1.0986122886681098,6.445370552049637,2,Potential Customers,0
13527.0,34,7,2242.36,3.5553480614894135,2.0794415416798357,7.7157300209728215,3,Loyal Customers,1
13529.0,79,2,307.76,4.382026634673881,1.0986122886681098,5.732564276081653,1,At Risk Customers,0
13531.0,205,2,483.8,5.327876168789581,1.0986122886681098,6.1837364347551045,1,At Risk Customers,0
13532.0,34,1,210.31,3.5553480614894135,0.6931471805599453,5.353326249578836,2,Potential Customers,0
13533.0,183,3,269.09,5.214935757608986,1.3862943611198906,5.598755236788495,1,At Risk Customers,0
13534.0,2,25,5870.08,1.0986122886681098,3.258096538021482,8.677793882270105,0,Champions,1
13536.0,1,7,3444.39,0.6931471805599453,2.0794415416798357,8.144792384587438,0,Champions,1
13538.0,43,7,1280.85,3.784189633918261,2.0794415416798357,7.156059625954846,3,Loyal Customers,1
13539.0,86,3,631.34,4.465908118654584,1.3862943611198906,6.449427224173901,3,Loyal Customers,0
13544.0,40,2,276.06,3.713572066704308,1.0986122886681098,5.624234089229733,2,Potential Customers,0
13546.0,12,3,621.09,2.5649493574615367,1.3862943611198906,6.433084776805697,2,Potential Customers,0
13548.0,96,2,678.16,4.574710978503383,1.0986122886681098,6.520856740447811,1,At Risk Customers,1
13549.0,26,7,918.2,3.295836866004329,2.0794415416798357,6.823503726534546,3,Loyal Customers,1
13551.0,319,1,91.80000000000001,5.768320995793772,0.6931471805599453,4.530446639792155,1,At Risk Customers,0
13552.0,66,12,3740.07,4.204692619390966,2.5649493574615367,8.227126945747532,0,Champions,1
13555.0,74,4,4098.88,4.31748811353631,1.6094379124341003,8.318712983971391,3,Loyal Customers,1
13557.0,28,2,584.06,3.367295829986474,1.0986122886681098,6.371714406075083,2,Potential Customers,0
13558.0,6,4,594.52,1.9459101490553132,1.6094379124341003,6.389434973453886,2,Potential Customers,0
13560.0,7,1,171.42000000000002,2.0794415416798357,0.6931471805599453,5.149933360781779,2,Potential Customers,0
13561.0,216,1,141.85999999999999,5.37989735354046,0.6931471805599453,4.961865129726826,1,At Risk Customers,0
13562.0,82,3,1799.33,4.418840607796598,1.3862943611198906,7.495725260414088,3,Loyal Customers,1
13563.0,84,2,777.53,4.442651256490317,1.0986122886681098,6.657407526177046,3,Loyal Customers,1
13564.0,144,3,1724.67,4.976733742420574,1.3862943611198906,7.453370659852556,3,Loyal Customers,1
13565.0,19,2,240.22,2.995732273553991,1.0986122886681098,5.485709380155097,2,Potential Customers,0
13566.0,41,2,856.84,3.7376696182833684,1.0986122886681098,6.75441760191189,3,Loyal Customers,1
13568.0,173,1,187.05,5.159055299214529,0.6931471805599453,5.2367078849163455,1,At Risk Customers,0
13569.0,17,2,338.62,2.8903717578961645,1.0986122886681098,5.8278273455181555,2,Potential Customers,0
13570.0,243,1,239.49,5.497168225293202,0.6931471805599453,5.482678508639762,1,At Risk Customers,0
13571.0,13,12,2088.94,2.6390573296152584,2.5649493574615367,7.644890636412799,0,Champions,1
13572.0,206,1,1384.25,5.332718793265369,0.6931471805599453,7.233635907747459,1,At Risk Customers,1
13573.0,50,2,290.25,3.9318256327243257,1.0986122886681098,5.674182004879911,1,At Risk Customers,0
13575.0,23,5,732.0699999999999,3.1780538303479458,1.791759469228055,6.597241195280628,3,Loyal Customers,1
13576.0,10,18,6717.34,2.3978952727983707,2.9444389791664403,8.812596379192264,0,Champions,1
13577.0,25,4,1687.6000000000001,3.258096538021482,1.6094379124341003,7.4316550622354,3,Loyal Customers,1
13579.0,15,2,467.04,2.772588722239781,1.0986122886681098,6.148553762350757,2,Potential Customers,0
13581.0,309,1,118.0,5.736572297479192,0.6931471805599453,4.77912349311153,1,At Risk Customers,0
13583.0,156,1,781.03,5.056245805348308,0.6931471805599453,6.661893102980819,1,At Risk Customers,1
13584.0,307,1,142.4,5.730099782973574,0.6931471805599453,4.96563792816552,1,At Risk Customers,0
13587.0,64,1,712.4,4.174387269895637,0.6931471805599453,6.570042272924791,1,At Risk Customers,1
13588.0,16,9,2478.95,2.833213344056216,2.302585092994046,7.815993677665464,0,Champions,1
13589.0,15,2,379.65,2.772588722239781,1.0986122886681098,5.941880317752221,2,Potential Customers,0
13590.0,11,6,1981.92,2.4849066497880004,1.9459101490553132,7.592325784791223,0,Champions,1
13591.0,65,3,1117.13,4.189654742026425,1.3862943611198906,7.019412926024925,3,Loyal Customers,1
13592.0,36,4,247.95999999999998,3.6109179126442243,1.6094379124341003,5.5172922409900265,2,Potential Customers,0
13593.0,108,5,2011.88,4.6913478822291435,1.791759469228055,7.607321811344266,3,Loyal Customers,1
13594.0,53,1,396.97,3.9889840465642745,0.6931471805599453,5.986376625559036,1,At Risk Customers,0
13596.0,6,2,664.11,1.9459101490553132,1.0986122886681098,6.499952440510379,2,Potential Customers,0
13598.0,47,1,160.04,3.871201010907891,0.6931471805599453,5.081652781331536,1,At Risk Customers,0
13599.0,1,21,5149.92,0.6931471805599453,3.091042453358316,8.546930618480117,0,Champions,1
13600.0,312,1,219.52,5.746203190540153,0.6931471805599453,5.395988393721483,1,At Risk Customers,0
13601.0,45,2,693.32,3.828641396489095,1.0986122886681098,6.54293294933599,3,Loyal Customers,1
13602.0,65,1,428.89,4.189654742026425,0.6931471805599453,6.063529362008149,1,At Risk Customers,0
13603.0,26,1,164.34,3.295836866004329,0.6931471805599453,5.108003959824529,2,Potential Customers,0
13606.0,29,3,276.75,3.4011973816621555,1.3862943611198906,5.6267214285197396,2,Potential Customers,0
13607.0,40,1,675.51,3.713572066704308,0.6931471805599453,6.516947229467592,2,Potential Customers,1
13610.0,12,7,1082.33,2.5649493574615367,2.0794415416798357,6.987794909727863,0,Champions,1
13611.0,89,3,1154.4,4.499809670330265,1.3862943611198906,7.052201883347165,3,Loyal Customers,1
13614.0,24,4,1585.46,3.2188758248682006,1.6094379124341003,7.369260397972974,3,Loyal Customers,1
13615.0,319,1,417.69,5.768320995793772,0.6931471805599453,6.037130789291114,1,At Risk Customers,0
13617.0,40,3,544.18,3.713572066704308,1.3862943611198906,6.301116015363744,3,Loyal Customers,0
13618.0,174,1,177.34,5.1647859739235145,0.6931471805599453,5.183691840706733,1,At Risk Customers,0
13621.0,117,1,213.85,4.770684624465665,0.6931471805599453,5.3699401102210045,1,At Risk Customers,0
13623.0,31,5,727.74,3.4657359027997265,1.791759469228055,6.591317015443623,3,Loyal Customers,1
13626.0,253,1,257.23,5.537334267018537,0.6931471805599453,5.5538506606638975,1,At Risk Customers,0
13627.0,59,5,1638.47,4.0943445622221,1.791759469228055,7.402128297855622,3,Loyal Customers,1
13629.0,23,11,7792.36,3.1780538303479458,2.4849066497880004,8.961027368080067,0,Champions,1
13630.0,5,7,2031.78,1.791759469228055,2.0794415416798357,7.617159593311352,0,Champions,1
13631.0,100,11,3070.42,4.61512051684126,2.4849066497880004,8.029895274358873,3,Loyal Customers,1
13632.0,25,5,2118.93,3.258096538021482,1.791759469228055,7.659138348252998,3,Loyal Customers,1
13634.0,33,5,1547.3600000000001,3.5263605246161616,1.791759469228055,7.344951585251755,3,Loyal Customers,1
13635.0,68,1,1071.03,4.23410650459726,0.6931471805599453,6.977309326313799,1,At Risk Customers,1
13636.0,37,5,949.12,3.6375861597263857,1.791759469228055,6.856588292406893,3,Loyal Customers,1
13637.0,52,3,804.3,3.970291913552122,1.3862943611198906,6.6912148788015,3,Loyal Customers,1
13638.0,16,1,122.64,2.833213344056216,0.6931471805599453,4.817374117263916,2,Potential Customers,0
13639.0,74,1,1033.34,4.31748811353631,0.6931471805599453,6.941518821134943,1,At Risk Customers,1
13642.0,216,1,312.28,5.37989735354046,0.6931471805599453,5.7470973593421455,1,At Risk Customers,0
13643.0,31,3,519.44,3.4657359027997265,1.3862943611198906,6.254674607635275,2,Potential Customers,0
13644.0,16,4,2624.26,2.833213344056216,1.6094379124341003,7.87293521773988,3,Loyal Customers,1
13645.0,120,1,252.1,4.795790545596741,0.6931471805599453,5.533784667551078,1,At Risk Customers,0
13647.0,10,4,1648.1200000000001,2.3978952727983707,1.6094379124341003,7.4079970912884825,3,Loyal Customers,1
13649.0,257,2,346.6,5.552959584921617,1.0986122886681098,5.851052393391237,1,At Risk Customers,0
13650.0,17,6,1836.34,2.8903717578961645,1.9459101490553132,7.516074152465826,3,Loyal Customers,1
13651.0,35,2,94.2,3.58351893845611,1.0986122886681098,4.55597994179732,2,Potential Customers,0
13652.0,46,3,1095.08,3.8501476017100584,1.3862943611198906,6.999495457544853,3,Loyal Customers,1
13654.0,43,6,2707.33,3.784189633918261,1.9459101490553132,7.90408748775984,3,Loyal Customers,1
13655.0,114,2,932.97,4.74493212836325,1.0986122886681098,6.83944431779864,3,Loyal Customers,1
13656.0,165,2,379.65,5.111987788356544,1.0986122886681098,5.941880317752221,1,At Risk Customers,0
13657.0,11,2,382.14,2.4849066497880004,1.0986122886681098,5.948400457636955,2,Potential Customers,0
13658.0,10,5,2639.17,2.3978952727983707,1.791759469228055,7.878598588006555,0,Champions,1
13659.0,206,2,1563.0,5.332718793265369,1.0986122886681098,7.355001921105257,3,Loyal Customers,1
13662.0,86,3,881.26,4.465908118654584,1.3862943611198906,6.782486797146853,3,Loyal Customers,1
13663.0,179,1,189.47,5.19295685089021,0.6931471805599453,5.249494701850468,1,At Risk Customers,0
13666.0,60,3,84.65,4.110873864173311,1.3862943611198906,4.450269224770129,1,At Risk Customers,0
13667.0,149,1,299.05,5.0106352940962555,0.6931471805599453,5.703949127435522,1,At Risk Customers,0
13668.0,3,21,6309.83,1.3862943611198906,3.091042453358316,8.750022484127467,0,Champions,1
13669.0,51,2,218.55,3.9512437185814275,1.0986122886681098,5.391579997007726,1,At Risk Customers,0
13670.0,75,1,349.7,4.330733340286331,0.6931471805599453,5.859931157146132,1,At Risk Customers,0
13672.0,301,2,186.39000000000001,5.71042701737487,1.0986122886681098,5.233192006587575,1,At Risk Customers,0
13673.0,19,2,387.44,2.995732273553991,1.0986122886681098,5.962138717726154,2,Potential Customers,0
13675.0,151,2,486.82000000000005,5.0238805208462765,1.0986122886681098,6.189946485351331,1,At Risk Customers,0
13678.0,152,1,232.6,5.030437921392435,0.6931471805599453,5.453610250954072,1,At Risk Customers,0
13680.0,1,4,3719.12,0.6931471805599453,1.6094379124341003,8.221511204811428,0,Champions,1
13681.0,18,4,827.83,2.9444389791664403,1.6094379124341003,6.720015067761323,2,Potential Customers,1
13682.0,187,1,59.5,5.236441962829949,0.6931471805599453,4.102643365036796,1,At Risk Customers,0
13684.0,286,1,65.13,5.659482215759621,0.6931471805599453,4.191622501686571,1,At Risk Customers,0
13685.0,3,7,3119.44,1.3862943611198906,2.0794415416798357,8.045729296501372,0,Champions,1
13686.0,183,1,72.0,5.214935757608986,0.6931471805599453,4.290459441148391,1,At Risk Customers,0
13689.0,63,1,910.0,4.1588830833596715,0.6931471805599453,6.814542897259958,1,At Risk Customers,1
13690.0,59,1,172.25,4.0943445622221,0.6931471805599453,5.1547356380700124,1,At Risk Customers,0
13692.0,25,3,1488.32,3.258096538021482,1.3862943611198906,7.30607491892943,3,Loyal Customers,1
13694.0,4,50,65039.62,1.6094379124341003,3.9318256327243257,11.082767276771584,0,Champions,1
13695.0,31,15,2504.13,3.4657359027997265,2.772588722239781,7.826095908379989,0,Champions,1
13697.0,39,1,151.29999999999998,3.6888794541139363,0.6931471805599453,5.025852259901116,1,At Risk Customers,0
13699.0,155,1,308.58000000000004,5.049856007249537,0.6931471805599453,5.735216540145732,1,At Risk Customers,0
13700.0,26,10,2248.63,3.295836866004329,2.3978952727983707,7.718521037231551,0,Champions,1
13703.0,318,1,99.5,5.765191102784844,0.6931471805599453,4.61015772749913,1,At Risk Customers,0
13704.0,5,9,2308.06,1.791759469228055,2.302585092994046,7.744595794291895,0,Champions,1
13705.0,8,3,711.86,2.1972245773362196,1.3862943611198906,6.569285047698251,2,Potential Customers,1
13706.0,303,1,330.79,5.717027701406222,0.6931471805599453,5.8045022386644325,1,At Risk Customers,0
13707.0,267,2,806.41,5.5909869805108565,1.0986122886681098,6.693831593776871,1,At Risk Customers,1
13708.0,271,1,285.33,5.605802066295998,0.6931471805599453,5.657144991804844,1,At Risk Customers,0
13709.0,4,13,6307.650000000001,1.6094379124341003,2.6390573296152584,8.74967698652825,0,Champions,1
13710.0,32,1,180.48,3.4965075614664802,0.6931471805599453,5.201145454795763,2,Potential Customers,0
13711.0,219,2,252.06,5.393627546352362,1.0986122886681098,5.5336266147611175,1,At Risk Customers,0
13712.0,247,1,228.84,5.5134287461649825,0.6931471805599453,5.437383414671034,1,At Risk Customers,0
13715.0,281,5,1077.39,5.641907070938114,1.791759469228055,6.983224467118015,3,Loyal Customers,1
13716.0,269,1,138.28,5.598421958998375,0.6931471805599453,4.936486295459933,1,At Risk Customers,0
13717.0,32,6,1445.01,3.4965075614664802,1.9459101490553132,7.276563318324119,3,Loyal Customers,1
13718.0,246,2,306.55,5.5093883366279774,1.0986122886681098,5.728637675654378,1,At Risk Customers,0
13719.0,15,5,1041.68,2.772588722239781,1.791759469228055,6.949549600639115,3,Loyal Customers,1
13720.0,117,4,799.9,4.770684624465665,1.6094379124341003,6.685736095329637,3,Loyal Customers,1
13721.0,36,1,524.14,3.6109179126442243,0.6931471805599453,6.263664893709055,2,Potential Customers,0
13722.0,132,3,2375.41,4.890349128221754,1.3862943611198906,7.773346224518516,3,Loyal Customers,1
13723.0,217,1,199.85000000000002,5.384495062789089,0.6931471805599453,5.302558360805292,1,At Risk Customers,0
13725.0,50,8,1980.56,3.9318256327243257,2.1972245773362196,7.5916396922628975,3,Loyal Customers,1
13726.0,39,2,1079.6599999999999,3.6888794541139363,1.0986122886681098,6.985327244577021,3,Loyal Customers,1
13727.0,29,2,333.48,3.4011973816621555,1.0986122886681098,5.81257708704831,2,Potential Customers,0
13728.0,37,6,1016.14,3.6375861597263857,1.9459101490553132,6.924750046357999,3,Loyal Customers,1
13730.0,136,2,752.6,4.919980925828125,1.0986122886681098,6.624861723262153,1,At Risk Customers,1
13731.0,219,2,610.59,5.393627546352362,1.0986122886681098,6.416062123365316,1,At Risk Customers,0
13732.0,28,1,491.86,3.367295829986474,0.6931471805599453,6.200225158054739,2,Potential Customers,0
13735.0,25,4,2883.54,3.258096538021482,1.6094379124341003,7.967120720822151,3,Loyal Customers,1
13736.0,5,2,729.8,1.791759469228055,1.0986122886681098,6.594139824503851,2,Potential Customers,1
13737.0,200,1,339.59999999999997,5.303304908059076,0.6931471805599453,5.830708768228588,1,At Risk Customers,0
13739.0,18,1,216.9,2.9444389791664403,0.6931471805599453,5.384036241950574,2,Potential Customers,0
13740.0,241,1,350.75,5.488937726156687,0.6931471805599453,5.862920695994498,1,At Risk Customers,0
13741.0,72,3,668.4300000000001,4.290459441148391,1.3862943611198906,6.50642660402637,3,Loyal Customers,0
13742.0,17,12,3107.87,2.8903717578961645,2.5649493574615367,8.04201459509639,0,Champions,1
13743.0,3,7,1341.6,1.3862943611198906,2.0794415416798357,7.2023633115046515,0,Champions,1
13744.0,95,2,1080.52,4.564348191467836,1.0986122886681098,6.9861227380561495,3,Loyal Customers,1
13745.0,162,1,300.04,5.093750200806762,0.6931471805599453,5.707243146285182,1,At Risk Customers,0
13747.0,374,1,79.6,5.926926025970411,0.6931471805599453,4.389498649512583,1,At Risk Customers,0
13748.0,96,5,948.25,4.574710978503383,1.791759469228055,6.855672199111912,3,Loyal Customers,1
13750.0,54,5,1647.26,4.007333185232471,1.791759469228055,7.407475465015805,3,Loyal Customers,1
13751.0,288,1,296.25,5.666426688112432,0.6931471805599453,5.694573535570891,1,At Risk Customers,0
13752.0,124,6,1175.38,4.8283137373023015,1.9459101490553132,7.07019720551526,3,Loyal Customers,1
13753.0,288,1,741.26,5.666426688112432,0.6931471805599453,6.609699586102796,1,At Risk Customers,1
13754.0,152,2,282.59999999999997,5.030437921392435,1.0986122886681098,5.647564794657972,1,At Risk Customers,0
13755.0,4,9,2108.06,1.6094379124341003,2.302585092994046,7.653997629576229,0,Champions,1
13756.0,2,14,5189.52,1.0986122886681098,2.70805020110221,8.55458916381921,0,Champions,1
13758.0,12,7,3190.55,2.5649493574615367,2.0794415416798357,8.068261971187837,0,Champions,1
13759.0,33,2,659.4100000000001,3.5263605246161616,1.0986122886681098,6.492860854269306,2,Potential Customers,0
13760.0,54,2,286.79,4.007333185232471,1.0986122886681098,5.662231047497966,1,At Risk Customers,0
13761.0,50,2,1070.65,3.9318256327243257,1.0986122886681098,6.976954795783142,3,Loyal Customers,1
13762.0,219,1,306.72,5.393627546352362,0.6931471805599453,5.729190278590734,1,At Risk Customers,0
13763.0,63,1,1714.96,4.1588830833596715,0.6931471805599453,7.447727969752915,3,Loyal Customers,1
13764.0,71,3,1519.42,4.276666119016055,1.3862943611198906,7.3267418914616185,3,Loyal Customers,1
13767.0,2,37,17220.36,1.0986122886681098,3.6375861597263857,9.753905752795765,0,Champions,1
13769.0,2,10,2796.51,1.0986122886681098,2.3978952727983707,7.936485014799888,0,Champions,1
13771.0,64,4,2634.45,4.174387269895637,1.6094379124341003,7.876809224383177,3,Loyal Customers,1
13772.0,34,3,1122.63,3.5553480614894135,1.3862943611198906,7.024319794766853,3,Loyal Customers,1
13774.0,82,1,345.0,4.418840607796598,0.6931471805599453,5.846438775057725,1,At Risk Customers,0
13777.0,1,33,25977.16,0.6931471805599453,3.5263605246161616,10.165011464005927,0,Champions,1
13778.0,103,1,178.7,4.6443908991413725,0.6931471805599453,5.191288793789513,1,At Risk Customers,0
13780.0,7,2,360.01,2.0794415416798357,1.0986122886681098,5.888905658780245,2,Potential Customers,0
13781.0,251,1,127.84,5.529429087511423,0.6931471805599453,4.858571324462998,1,At Risk Customers,0
13782.0,13,6,908.86,2.6390573296152584,1.9459101490553132,6.8132907415215165,3,Loyal Customers,1
13784.0,10,11,2462.79,2.3978952727983707,2.4849066497880004,7.809456093748633,0,Champions,1
13786.0,367,1,230.39999999999998,5.908082938168931,0.6931471805599453,5.444147814759576,1,At Risk Customers,0
13787.0,76,2,309.04,4.343805421853684,1.0986122886681098,5.736701321413311,1,At Risk Customers,0
13790.0,4,1,348.8,1.6094379124341003,0.6931471805599453,5.857361562584502,2,Potential Customers,0
13791.0,128,2,1516.0,4.859812404361672,1.0986122886681098,7.324489979348532,3,Loyal Customers,1
13792.0,66,2,195.55,4.204692619390966,1.0986122886681098,5.280916851867869,1,At Risk Customers,0
13798.0,1,57,37153.85,0.6931471805599453,4.060443010546419,10.522849593441716,0,Champions,1
13799.0,117,2,688.86,4.770684624465665,1.0986122886681098,6.5364886784538845,1,At Risk Customers,1
13800.0,310,1,558.32,5.739792912179234,0.6931471805599453,6.32672176017265,1,At Risk Customers,0
13801.0,67,1,324.8,4.219507705176107,0.6931471805599453,5.786283696167945,1,At Risk Customers,0
13802.0,139,3,4599.42,4.941642422609304,1.3862943611198906,8.433902882657025,3,Loyal Customers,1
13803.0,255,1,277.07,5.545177444479562,0.6931471805599453,5.627872880555851,1,At Risk Customers,0
13804.0,31,7,2588.39,3.4657359027997265,2.0794415416798357,7.85917760571858,3,Loyal Customers,1
13805.0,52,2,924.6,3.970291913552122,1.0986122886681098,6.830442175879467,3,Loyal Customers,1
13806.0,64,1,256.38,4.174387269895637,0.6931471805599453,5.550553592065519,1,At Risk Customers,0
13807.0,367,1,112.6,5.908082938168931,0.6931471805599453,4.732683506287051,1,At Risk Customers,0
13808.0,6,5,1747.66,1.9459101490553132,1.791759469228055,7.466605059322925,0,Champions,1
13809.0,305,1,155.05,5.723585101952381,0.6931471805599453,5.0501764687167885,1,At Risk Customers,0
13810.0,29,3,1499.01,3.4011973816621555,1.3862943611198906,7.313227053734746,3,Loyal Customers,1
13811.0,184,3,814.5,5.220355825078324,1.3862943611198906,6.703801422061068,3,Loyal Customers,1
13812.0,42,3,539.0,3.7612001156935624,1.3862943611198906,6.29156913955832,3,Loyal Customers,0
13813.0,40,4,1366.8600000000001,3.713572066704308,1.6094379124341003,7.221002753764198,3,Loyal Customers,1
13814.0,92,2,1579.12,4.532599493153256,1.0986122886681098,7.365256072504094,3,Loyal Customers,1
13815.0,22,4,4027.36,3.1354942159291497,1.6094379124341003,8.301114624224146,3,Loyal Customers,1
13816.0,24,2,571.6700000000001,3.2188758248682006,1.0986122886681098,6.3503096345809205,2,Potential Customers,0
13817.0,29,2,382.98,3.4011973816621555,1.0986122886681098,5.950590467898009,2,Potential Customers,0
13819.0,302,3,1140.35,5.713732805509369,1.3862943611198906,7.039967051290641,3,Loyal Customers,1
13821.0,145,2,385.64,4.983606621708336,1.0986122886681098,5.957494027536828,1,At Risk Customers,0
13822.0,6,2,632.0,1.9459101490553132,1.0986122886681098,6.450470422144176,2,Potential Customers,0
13823.0,19,2,957.66,2.995732273553991,1.0986122886681098,6.865536476045727,2,Potential Customers,1
13824.0,33,5,1698.94,3.5263605246161616,1.791759469228055,7.438348235303808,3,Loyal Customers,1
13826.0,176,1,189.5,5.176149732573829,0.6931471805599453,5.249652194566756,1,At Risk Customers,0
13827.0,58,3,409.8,4.07753744390572,1.3862943611198906,6.018106478054404,3,Loyal Customers,0
13828.0,22,1,209.49,3.1354942159291497,0.6931471805599453,5.349438146055751,2,Potential Customers,0
13831.0,16,6,2198.45,2.833213344056216,1.9459101490553132,7.695962608091198,0,Champions,1
13832.0,19,1,52.199999999999996,2.995732273553991,0.6931471805599453,3.9740583963475986,2,Potential Customers,0
13833.0,159,1,383.85,5.075173815233827,0.6931471805599453,5.9528536479803265,1,At Risk Customers,0
13835.0,25,4,834.57,3.258096538021482,1.6094379124341003,6.728114126692287,3,Loyal Customers,1
13837.0,212,2,266.59000000000003,5.3612921657094255,1.0986122886681098,5.589455958348054,1,At Risk Customers,0
13838.0,6,4,674.82,1.9459101490553132,1.6094379124341003,6.515926768396882,2,Potential Customers,1
13841.0,253,1,85.0,5.537334267018537,0.6931471805599453,4.454347296253507,1,At Risk Customers,0
13842.0,59,9,3385.62,4.0943445622221,2.302585092994046,8.127587652841866,3,Loyal Customers,1
13844.0,11,1,361.62,2.4849066497880004,0.6931471805599453,5.893355453997663,2,Potential Customers,0
13845.0,65,1,312.98,4.189654742026425,0.6931471805599453,5.749329289612172,1,At Risk Customers,0
13846.0,25,3,865.0600000000001,3.258096538021482,1.3862943611198906,6.763954190227071,3,Loyal Customers,1
13848.0,92,3,1255.0,4.532599493153256,1.3862943611198906,7.135687347028144,3,Loyal Customers,1
13849.0,52,2,1537.95,3.970291913552122,1.0986122886681098,7.338855644682132,3,Loyal Customers,1
13850.0,129,1,1595.48,4.867534450455582,0.6931471805599453,7.375556484672672,3,Loyal Customers,1
13851.0,96,3,2651.46,4.574710978503383,1.3862943611198906,7.883242790261331,3,Loyal Customers,1
13853.0,57,1,1090.14,4.060443010546419,0.6931471805599453,6.994978300240205,3,Loyal Customers,1
13854.0,9,25,8109.5199999999995,2.302585092994046,3.258096538021482,9.000917263426343,0,Champions,1
13856.0,169,3,388.5,5.135798437050262,1.3862943611198906,5.964863865310803,1,At Risk Customers,0
13858.0,57,1,216.17,4.060443010546419,0.6931471805599453,5.38068045697316,1,At Risk Customers,0
13859.0,326,1,201.16,5.7899601708972535,0.6931471805599453,5.309059463079938,1,At Risk Customers,0
13860.0,1,5,1245.9,0.6931471805599453,1.791759469228055,7.1284157500025405,0,Champions,1
13862.0,18,8,2209.36,2.9444389791664403,2.1972245773362196,7.700910677173299,0,Champions,1
13863.0,248,1,305.78,5.517452896464707,0.6931471805599453,5.726130878319963,1,At Risk Customers,0
13865.0,58,4,501.56,4.07753744390572,1.6094379124341003,6.219715035790337,3,Loyal Customers,0
13866.0,74,1,145.67000000000002,4.31748811353631,0.6931471805599453,4.988185165258664,1,At Risk Customers,0
13867.0,31,3,1005.09,3.4657359027997265,1.3862943611198906,6.913826809878765,3,Loyal Customers,1
13868.0,7,2,3192.54,2.0794415416798357,1.0986122886681098,8.068885298365506,2,Potential Customers,1
13869.0,123,4,3083.65,4.820281565605037,1.6094379124341003,8.034193477715295,3,Loyal Customers,1
13870.0,2,8,2770.94,1.0986122886681098,2.1972245773362196,7.927302715053892,0,Champions,1
13871.0,23,13,6403.25,3.1780538303479458,2.6390573296152584,8.764717111455825,0,Champions,1
13873.0,120,3,389.6,4.795790545596741,1.3862943611198906,5.967684018442578,1,At Risk Customers,0
13874.0,358,1,540.45,5.883322388488279,0.6931471805599453,6.294250726074389,1,At Risk Customers,0
13875.0,54,5,1786.79,4.007333185232471,1.791759469228055,7.488735499171278,3,Loyal Customers,1
13876.0,64,1,122.7,4.174387269895637,0.6931471805599453,4.8178592793984425,1,At Risk Customers,0
13877.0,86,1,117.24,4.465908118654584,0.6931471805599453,4.772716457199891,1,At Risk Customers,0
13878.0,55,1,1271.57,4.02535169073515,0.6931471805599453,7.148793756734876,3,Loyal Customers,1
13880.0,21,13,3219.77,3.091042453358316,2.6390573296152584,8.077375740386112,0,Champions,1
13881.0,4,20,17159.52,1.6094379124341003,3.044522437723423,9.75036667561313,0,Champions,1
13882.0,3,5,1191.13,1.3862943611198906,1.791759469228055,7.083496902081326,0,Champions,1
13883.0,11,5,2674.48,2.4849066497880004,1.791759469228055,7.891884082485146,0,Champions,1
13884.0,7,5,787.6,2.0794415416798357,1.791759469228055,6.670259221443527,2,Potential Customers,1
13885.0,189,2,506.8,5.247024072160486,1.0986122886681098,6.230087669270578,1,At Risk Customers,0
13886.0,71,1,243.56,4.276666119016055,0.6931471805599453,5.499460677582579,1,At Risk Customers,0
13887.0,204,1,349.55,5.3230099791384085,0.6931471805599453,5.859503349652977,1,At Risk Customers,0
13888.0,120,2,595.67,4.795790545596741,1.0986122886681098,6.391364196743265,1,At Risk Customers,0
13889.0,93,1,416.90000000000003,4.543294782270004,0.6931471805599453,6.03524216945387,1,At Risk Customers,0
13890.0,1,10,1883.8100000000002,0.6931471805599453,2.3978952727983707,7.54158229904591,0,Champions,1
13892.0,27,4,632.97,3.332204510175204,1.6094379124341003,6.4520016347056774,3,Loyal Customers,0
13893.0,298,1,821.1,5.700443573390687,0.6931471805599453,6.711862042158088,1,At Risk Customers,1
13894.0,24,3,564.62,3.2188758248682006,1.3862943611198906,6.337922474636114,2,Potential Customers,0
13895.0,28,4,2593.07,3.367295829986474,1.6094379124341003,7.860983349863101,3,Loyal Customers,1
13897.0,50,1,311.16,3.9318256327243257,0.6931471805599453,5.743515876874802,1,At Risk Customers,0
13898.0,326,1,155.93,5.7899601708972535,0.6931471805599453,5.055799846050629,1,At Risk Customers,0
13899.0,16,2,388.52,2.833213344056216,1.0986122886681098,5.9649152118744455,2,Potential Customers,0
13900.0,183,3,740.95,5.214935757608986,1.3862943611198906,6.609281855452135,3,Loyal Customers,1
13901.0,72,5,2867.2,4.290459441148391,1.791759469228055,7.961439934295112,3,Loyal Customers,1
13904.0,37,2,332.64,3.6375861597263857,1.0986122886681098,5.810062567373411,2,Potential Customers,0
13908.0,80,4,2369.55,4.394449154672439,1.6094379124341003,7.770877274716226,3,Loyal Customers,1
13911.0,57,9,2580.91,4.060443010546419,2.302585092994046,7.856284714098846,3,Loyal Customers,1
13914.0,12,2,626.45,2.5649493574615367,1.0986122886681098,6.441663986556317,2,Potential Customers,0
13917.0,50,2,272.04,3.9318256327243257,1.0986122886681098,5.609618304598452,1,At Risk Customers,0
13918.0,50,2,1212.8400000000001,3.9318256327243257,1.0986122886681098,7.101544167216986,3,Loyal Customers,1
13919.0,59,2,384.81,4.0943445622221,1.0986122886681098,5.955345020301596,1,At Risk Customers,0
13922.0,352,1,172.25,5.8664680569332965,0.6931471805599453,5.1547356380700124,1,At Risk Customers,0
13923.0,54,1,351.13,4.007333185232471,0.6931471805599453,5.864000425598742,1,At Risk Customers,0
13924.0,2,6,1838.8500000000001,1.0986122886681098,1.9459101490553132,7.517439325540823,0,Champions,1
13925.0,93,4,678.25,4.543294782270004,1.6094379124341003,6.520989248306457,3,Loyal Customers,1
13926.0,23,1,223.85000000000002,3.1780538303479458,0.6931471805599453,5.415433513216716,2,Potential Customers,0
13927.0,75,1,348.99,4.330733340286331,0.6931471805599453,5.857904582646717,1,At Risk Customers,0
13928.0,11,4,464.57,2.4849066497880004,1.6094379124341003,6.143262461351643,2,Potential Customers,0
13929.0,169,2,842.65,5.135798437050262,1.0986122886681098,6.737737716644347,1,At Risk Customers,1
13930.0,58,2,337.34,4.07753744390572,1.0986122886681098,5.824051307047146,1,At Risk Customers,0
13931.0,96,2,1237.53,4.574710978503383,1.0986122886681098,7.121680471486267,3,Loyal Customers,1
13932.0,295,1,307.4,5.69035945432406,0.6931471805599453,5.731397641689174,1,At Risk Customers,0
13933.0,109,2,608.7900000000001,4.700480365792417,1.0986122886681098,6.413114635600407,1,At Risk Customers,0
13934.0,264,1,922.1,5.579729825986222,0.6931471805599453,6.8277375709961055,1,At Risk Customers,1
13936.0,180,1,376.58,5.198497031265826,0.6931471805599453,5.933782466766897,1,At Risk Customers,0
13937.0,169,1,158.85,5.135798437050262,0.6931471805599453,5.074235875505851,1,At Risk Customers,0
13938.0,35,1,71.66,3.58351893845611,0.6931471805599453,4.2857910267930555,1,At Risk Customers,0
13939.0,23,3,568.55,3.1780538303479458,1.3862943611198906,6.344846575345921,2,Potential Customers,0
13940.0,17,4,839.14,2.8903717578961645,1.6094379124341003,6.73356854461668,2,Potential Customers,1
13941.0,22,5,5112.96,3.1354942159291497,1.791759469228055,8.539729334154528,0,Champions,1
13946.0,79,3,561.5699999999999,4.382026634673881,1.3862943611198906,6.332515570780452,3,Loyal Customers,0
13947.0,65,1,90.6,4.189654742026425,0.6931471805599453,4.517431271680085,1,At Risk Customers,0
13948.0,361,1,102.0,5.8916442118257715,0.6931471805599453,4.634728988229636,1,At Risk Customers,0
13949.0,3,6,2427.32,1.3862943611198906,1.9459101490553132,7.794954939211736,0,Champions,1
13950.0,11,4,745.06,2.4849066497880004,1.6094379124341003,6.61480602592395,2,Potential Customers,1
13951.0,176,3,674.45,5.176149732573829,1.3862943611198906,6.5153791354156905,3,Loyal Customers,1
13952.0,218,2,3251.071,5.389071729816501,1.0986122886681098,8.087047303147697,3,Loyal Customers,1
13953.0,7,7,3515.68,2.0794415416798357,2.0794415416798357,8.16527264169811,0,Champions,1
13954.0,2,2,439.92,1.0986122886681098,1.0986122886681098,6.088863453095115,2,Potential Customers,0
13955.0,154,2,322.96,5.043425116919247,1.0986122886681098,5.780620051380789,1,At Risk Customers,0
13956.0,5,5,1019.27,1.791759469228055,1.791759469228055,6.927822577132249,2,Potential Customers,1
13959.0,79,3,594.04,4.382026634673881,1.3862943611198906,6.388628630176759,3,Loyal Customers,0
13960.0,21,2,230.22,3.091042453358316,1.0986122886681098,5.443369638247176,2,Potential Customers,0
13962.0,22,2,169.55,3.1354942159291497,1.0986122886681098,5.139028508864655,2,Potential Customers,0
13963.0,308,4,664.54,5.733341276897746,1.6094379124341003,6.500598741212994,3,Loyal Customers,0
13967.0,146,1,80.7,4.990432586778736,0.6931471805599453,4.403054001865957,1,At Risk Customers,0
13969.0,7,18,9024.17,2.0794415416798357,2.9444389791664403,9.107772619588772,0,Champions,1
13971.0,19,8,2758.26,2.995732273553991,2.1972245773362196,7.922717806819661,0,Champions,1
13972.0,71,2,190.25,4.276666119016055,1.0986122886681098,5.253581472706645,1,At Risk Customers,0
13973.0,287,1,264.7,5.662960480135946,0.6931471805599453,5.582367852765768,1,At Risk Customers,0
13974.0,49,1,413.59000000000003,3.912023005428146,0.6931471805599453,6.027290080077415,1,At Risk Customers,0
13975.0,31,6,2461.2400000000002,3.4657359027997265,1.9459101490553132,7.808826783715542,3,Loyal Customers,1
13976.0,207,1,357.98,5.337538079701318,0.6931471805599453,5.8832666766299955,1,At Risk Customers,0
13978.0,15,2,196.79000000000002,2.772588722239781,1.0986122886681098,5.287205861793318,2,Potential Customers,0
13979.0,73,1,869.87,4.30406509320417,0.6931471805599453,6.769492711981713,1,At Risk Customers,1
13980.0,60,1,200.14,4.110873864173311,0.6931471805599453,5.304001183016334,1,At Risk Customers,0
13982.0,39,4,1871.81,3.6888794541139363,1.6094379124341003,7.535195255760907,3,Loyal Customers,1
13983.0,30,12,2603.43,3.4339872044851463,2.5649493574615367,7.864969120264265,0,Champions,1
13984.0,27,5,920.51,3.332204510175204,1.791759469228055,6.8260136289229445,3,Loyal Customers,1
13985.0,4,15,7060.13,1.6094379124341003,2.772588722239781,8.862360374336811,0,Champions,1
13986.0,17,1,320.46,2.8903717578961645,0.6931471805599453,5.7728731191409945,2,Potential Customers,0
13988.0,20,6,4147.96,3.044522437723423,1.9459101490553132,8.330612979409075,0,Champions,1
13989.0,66,2,1266.08,4.204692619390966,1.0986122886681098,7.144470319606423,3,Loyal Customers,1
13990.0,213,1,311.3,5.365976015021851,0.6931471805599453,5.7439642642890325,1,At Risk Customers,0
13991.0,12,6,852.88,2.5649493574615367,1.9459101490553132,6.749790668692898,3,Loyal Customers,1
13992.0,30,1,76.8,3.4339872044851463,0.6931471805599453,4.354141431184346,1,At Risk Customers,0
13993.0,43,9,3466.36,3.784189633918261,2.302585092994046,8.151148776464021,0,Champions,1
13994.0,4,6,2274.14,1.6094379124341003,1.9459101490553132,7.729796867953175,0,Champions,1
13995.0,15,5,1393.69,2.772588722239781,1.791759469228055,7.240427447338227,3,Loyal Customers,1
13999.0,10,12,3901.81,2.3978952727983707,2.5649493574615367,8.269452085493503,0,Champions,1
14000.0,211,1,635.66,5.356586274672012,0.6931471805599453,6.456235761113554,1,At Risk Customers,0
14001.0,46,3,2043.0800000000002,3.8501476017100584,1.3862943611198906,7.622703089500935,3,Loyal Customers,1
14002.0,134,2,529.73,4.90527477843843,1.0986122886681098,6.274253417348632,1,At Risk Customers,0
14004.0,43,7,4582.64,3.784189633918261,2.0794415416798357,8.430248721279204,3,Loyal Customers,1
14005.0,10,5,2874.72,2.3978952727983707,1.791759469228055,7.964058356660503,0,Champions,1
14006.0,116,3,962.19,4.762173934797756,1.3862943611198906,6.870250692440862,3,Loyal Customers,1
14009.0,198,2,695.61,5.293304824724492,1.0986122886681098,6.546225713269575,1,At Risk Customers,1
14012.0,278,1,328.8,5.631211781821365,0.6931471805599453,5.7984864101254985,1,At Risk Customers,0
14013.0,110,3,473.02,4.709530201312334,1.3862943611198906,6.161249514897758,1,At Risk Customers,0
14014.0,77,1,505.18,4.356708826689592,0.6931471805599453,6.226892337255411,1,At Risk Customers,0
14015.0,53,1,917.34,3.9889840465642745,0.6931471805599453,6.8225676924206855,1,At Risk Customers,1
14016.0,162,4,4341.21,5.093750200806762,1.6094379124341003,8.376138714077541,3,Loyal Customers,1
14019.0,47,3,1421.61,3.871201010907891,1.3862943611198906,7.260248491657529,3,Loyal Customers,1
14020.0,17,2,642.8,2.8903717578961645,1.0986122886681098,6.467388118864708,2,Potential Customers,0
14021.0,155,3,631.9,5.049856007249537,1.3862943611198906,6.45031243178126,3,Loyal Customers,0
14022.0,225,1,440.0,5.420534999272286,0.6931471805599453,6.089044875446846,1,At Risk Customers,0
14023.0,7,2,584.07,2.0794415416798357,1.0986122886681098,6.371731498193053,2,Potential Customers,0
14024.0,122,2,327.7,4.812184355372417,1.0986122886681098,5.795145480670174,1,At Risk Customers,0
14027.0,61,1,104.82,4.127134385045092,0.6931471805599453,4.661739537475985,1,At Risk Customers,0
14029.0,63,2,467.66,4.1588830833596715,1.0986122886681098,6.149877558850261,1,At Risk Customers,0
14030.0,18,8,2358.84,2.9444389791664403,2.1972245773362196,7.766349099111192,0,Champions,1
14031.0,7,19,17286.86,2.0794415416798357,2.995732273553991,9.757759800051202,0,Champions,1
14032.0,2,11,2975.59,1.0986122886681098,2.4849066497880004,7.998533628991687,0,Champions,1
14034.0,22,3,648.89,3.1354942159291497,1.3862943611198906,6.476803117799309,2,Potential Customers,0
14035.0,29,5,1428.02,3.4011973816621555,1.791759469228055,7.264744173633186,3,Loyal Customers,1
14036.0,285,1,626.65,5.655991810819852,0.6931471805599453,6.441982686264217,1,At Risk Customers,0
14037.0,176,2,147.20000000000002,5.176149732573829,1.0986122886681098,4.998562712861987,1,At Risk Customers,0
14038.0,78,3,1560.38,4.3694478524670215,1.3862943611198906,7.353325324586606,3,Loyal Customers,1
14039.0,33,1,152.2,3.5263605246161616,0.6931471805599453,5.0317442573064906,1,At Risk Customers,0
14040.0,41,12,3560.32,3.7376696182833684,2.5649493574615367,8.177886541638598,0,Champions,1
14041.0,266,1,141.41,5.58724865840025,0.6931471805599453,4.958710221231336,1,At Risk Customers,0
14044.0,27,4,646.42,3.332204510175204,1.6094379124341003,6.472995233816948,3,Loyal Customers,0
14045.0,109,4,1659.75,4.700480365792417,1.6094379124341003,7.415024586545351,3,Loyal Customers,1
14046.0,284,1,154.99,5.652489180268651,0.6931471805599453,5.049791902630777,1,At Risk Customers,0
14047.0,9,5,1308.6100000000001,2.302585092994046,1.791759469228055,7.177484661947137,3,Loyal Customers,1
14048.0,305,1,409.93,5.723585101952381,0.6931471805599453,6.018422883689063,1,At Risk Customers,0
14049.0,17,4,5578.72,2.8903717578961645,1.6094379124341003,8.626893874904868,3,Loyal Customers,1
14050.0,32,2,746.36,3.4965075614664802,1.0986122886681098,6.616546996753798,2,Potential Customers,1
14051.0,1,23,15610.390000000001,0.6931471805599453,3.1780538303479458,9.655756055028828,0,Champions,1
14052.0,20,1,225.36,3.044522437723423,0.6931471805599453,5.422126652274323,2,Potential Customers,0
14053.0,124,2,260.25,4.8283137373023015,1.0986122886681098,5.565477803279021,1,At Risk Customers,0
14054.0,65,1,92.46,4.189654742026425,0.6931471805599453,4.53753353727228,1,At Risk Customers,0
14055.0,106,1,725.6400000000001,4.672828834461906,0.6931471805599453,6.588431169193958,1,At Risk Customers,1
14056.0,1,23,8152.71,0.6931471805599453,3.1780538303479458,9.006228317380044,0,Champions,1
14057.0,24,17,6211.66,3.2188758248682006,2.8903717578961645,8.734344424600405,0,Champions,1
14059.0,267,1,183.6,5.5909869805108565,0.6931471805599453,5.218191322068752,1,At Risk Customers,0
14060.0,5,19,6140.42,1.791759469228055,2.995732273553991,8.722811264760628,0,Champions,1
14062.0,10,12,10464.85,2.3978952727983707,2.5649493574615367,9.255872854706382,0,Champions,1
14064.0,29,5,1334.34,3.4011973816621555,1.791759469228055,7.1969412200564244,3,Loyal Customers,1
14066.0,267,1,152.55,5.5909869805108565,0.6931471805599453,5.034026246886832,1,At Risk Customers,0
14067.0,64,2,374.7,4.174387269895637,1.0986122886681098,5.928790952579924,1,At Risk Customers,0
14068.0,320,1,265.85,5.771441123130016,0.6931471805599453,5.586686702779954,1,At Risk Customers,0
14071.0,4,8,1437.57,1.6094379124341003,2.1972245773362196,7.271404843608142,0,Champions,1
14073.0,32,1,151.04,3.4965075614664802,0.6931471805599453,5.024143644121048,2,Potential Customers,0
14075.0,5,3,942.26,1.791759469228055,1.3862943611198906,6.849341960431477,2,Potential Customers,1
14076.0,129,1,118.67,4.867534450455582,0.6931471805599453,4.784737954585425,1,At Risk Customers,0
14077.0,41,5,499.41999999999996,3.7376696182833684,1.791759469228055,6.2154477458196355,3,Loyal Customers,0
14078.0,102,6,1049.37,4.634728988229636,1.9459101490553132,6.956897762032364,3,Loyal Customers,1
14079.0,125,1,375.1,4.836281906951478,0.6931471805599453,5.929855065476291,1,At Risk Customers,0
14080.0,33,1,45.599999999999994,3.5263605246161616,0.6931471805599453,3.8416005411316,1,At Risk Customers,0
14081.0,302,2,921.62,5.713732805509369,1.0986122886681098,6.827217448755657,1,At Risk Customers,1
14082.0,365,1,182.25,5.902633333401366,0.6931471805599453,5.2108513407667605,1,At Risk Customers,0
14083.0,4,9,1002.9,1.6094379124341003,2.302585092994046,6.911647693697481,0,Champions,1
14085.0,2,18,4421.29,1.0986122886681098,2.9444389791664403,8.394412940452025,0,Champions,1
14087.0,3,1,191.47,1.3862943611198906,0.6931471805599453,5.259940297427033,2,Potential Customers,0
14088.0,10,13,50491.81,2.3978952727983707,2.6390573296152584,10.829586228889369,0,Champions,1
14089.0,57,1,158.75,4.060443010546419,0.6931471805599453,5.073610093257644,1,At Risk Customers,0
14090.0,325,1,76.32000000000001,5.786897381366708,0.6931471805599453,4.34795265434013,1,At Risk Customers,0
14092.0,8,14,4076.91,2.1972245773362196,2.70805020110221,8.313339881248881,0,Champions,1
14093.0,12,1,433.86,2.5649493574615367,0.6931471805599453,6.075024140206913,2,Potential Customers,0
14096.0,4,17,65164.79,1.6094379124341003,2.8903717578961645,11.084689916963537,0,Champions,1
14098.0,37,1,147.35,3.6375861597263857,0.6931471805599453,4.999574346736831,1,At Risk Customers,0
14099.0,16,11,3104.17,2.833213344056216,2.4849066497880004,8.040823743271407,0,Champions,1
14100.0,138,1,191.95000000000002,4.9344739331306915,0.6931471805599453,5.262431087983628,1,At Risk Customers,0
14101.0,74,6,5976.79,4.31748811353631,1.9459101490553132,8.695806213421232,3,Loyal Customers,1
14102.0,5,5,1105.8799999999999,1.791759469228055,1.791759469228055,7.009300525748804,2,Potential Customers,1
14104.0,155,2,216.20999999999998,5.049856007249537,1.0986122886681098,5.380864627515602,1,At Risk Customers,0
14105.0,239,1,1266.23,5.480638923341991,0.6931471805599453,7.144588695022355,1,At Risk Customers,1
14107.0,52,7,2703.23,3.970291913552122,2.0794415416798357,7.902572492717126,3,Loyal Customers,1
14108.0,31,2,597.91,3.4657359027997265,1.0986122886681098,6.395111336409363,2,Potential Customers,0
14109.0,73,1,144.2,4.30406509320417,0.6931471805599453,4.978112102390695,1,At Risk Customers,0
14110.0,4,12,5683.15,1.6094379124341003,2.5649493574615367,8.645436878735076,0,Champions,1
14111.0,14,4,692.85,2.70805020110221,1.6094379124341003,6.54225579881702,2,Potential Customers,1
14112.0,23,7,2915.15,3.1780538303479458,2.0794415416798357,7.978019532134758,0,Champions,1
14113.0,4,4,1840.42,1.6094379124341003,1.6094379124341003,7.518292292095946,0,Champions,1
14114.0,274,2,386.53,5.616771097666572,1.0986122886681098,5.959793265151517,1,At Risk Customers,0
14116.0,20,5,1382.74,3.044522437723423,1.791759469228055,7.2325452572578,3,Loyal Customers,1
14117.0,144,1,90.0,4.976733742420574,0.6931471805599453,4.51085950651685,1,At Risk Customers,0
14121.0,4,4,2780.15,1.6094379124341003,1.6094379124341003,7.930619790211972,0,Champions,1
14124.0,84,1,419.58000000000004,4.442651256490317,0.6931471805599453,6.041634711020558,1,At Risk Customers,0
14125.0,11,3,2720.63,2.4849066497880004,1.3862943611198906,7.908986244508535,3,Loyal Customers,1
14126.0,8,3,706.1300000000001,2.1972245773362196,1.3862943611198906,6.56121452452395,2,Potential Customers,1
14127.0,123,3,709.71,4.820281565605037,1.3862943611198906,6.566264470368445,3,Loyal Customers,1
14128.0,61,2,637.5,4.127134385045092,1.0986122886681098,6.459121675472594,3,Loyal Customers,0
14129.0,2,5,1123.8600000000001,1.0986122886681098,1.791759469228055,7.025413862450224,0,Champions,1
14130.0,319,1,480.91,5.768320995793772,0.6931471805599453,6.177757374624178,1,At Risk Customers,0
14132.0,2,11,3586.0299999999997,1.0986122886681098,2.4849066497880004,8.185079841032296,0,Champions,1
14133.0,130,3,605.64,4.875197323201151,1.3862943611198906,6.4079355343926805,3,Loyal Customers,0
14135.0,2,15,4690.31,1.0986122886681098,2.772588722239781,8.453467140135627,0,Champions,1
14138.0,2,2,965.8800000000001,1.0986122886681098,1.0986122886681098,6.874074392613249,2,Potential Customers,1
14139.0,46,1,415.82,3.8501476017100584,0.6931471805599453,6.032654473932845,1,At Risk Customers,0
14140.0,4,2,935.05,1.6094379124341003,1.0986122886681098,6.841668893854277,2,Potential Customers,1
14141.0,3,4,915.13,1.3862943611198906,1.6094379124341003,6.820158276001622,2,Potential Customers,1
14142.0,373,1,311.81,5.924255797414532,0.6931471805599453,5.745595977469612,1,At Risk Customers,0
14143.0,134,1,115.8,4.90527477843843,0.6931471805599453,4.760463070394127,1,At Risk Customers,0
14145.0,47,4,3742.2,3.871201010907891,1.6094379124341003,8.227696139552007,3,Loyal Customers,1
14146.0,9,5,4191.0,2.302585092994046,1.791759469228055,8.340933226000878,0,Champions,1
14147.0,78,2,483.4,4.3694478524670215,1.0986122886681098,6.182911011678937,1,At Risk Customers,0
14148.0,234,1,157.2,5.459585514144159,0.6931471805599453,5.063860055333554,1,At Risk Customers,0
14149.0,221,1,446.62,5.402677381872279,0.6931471805599453,6.103944658191983,1,At Risk Customers,0
14150.0,36,2,658.64,3.6109179126442243,1.0986122886681098,6.49169423166057,2,Potential Customers,0
14152.0,75,2,621.29,4.330733340286331,1.0986122886681098,6.433406222026163,1,At Risk Customers,0
14154.0,239,2,1345.62,5.480638923341991,1.0986122886681098,7.205353028221294,3,Loyal Customers,1
14155.0,266,1,118.75,5.58724865840025,0.6931471805599453,4.785406236291025,1,At Risk Customers,0
14156.0,10,55,117210.08,2.3978952727983707,4.02535169073515,11.671731690905643,0,Champions,1
14157.0,20,2,424.89000000000004,3.044522437723423,1.0986122886681098,6.054181096963448,2,Potential Customers,0
14158.0,40,1,507.66,3.713572066704308,0.6931471805599453,6.231779816930511,2,Potential Customers,0
14159.0,20,11,4630.35,3.044522437723423,2.4849066497880004,8.44060368125393,0,Champions,1
14161.0,216,3,1097.6200000000001,5.37989735354046,1.3862943611198906,7.001810125730978,3,Loyal Customers,1
14162.0,174,2,289.36,5.1647859739235145,1.0986122886681098,5.67112153241664,1,At Risk Customers,0
14163.0,87,4,2445.91,4.477336814478207,1.6094379124341003,7.802581283035999,3,Loyal Customers,1
14164.0,71,2,1631.77,4.276666119016055,1.0986122886681098,7.398033237980444,3,Loyal Customers,1
14165.0,276,1,120.44,5.6240175061873385,0.6931471805599453,4.79942031364732,1,At Risk Customers,0
14167.0,39,4,562.59,3.6888794541139363,1.6094379124341003,6.334327036786916,3,Loyal Customers,0
14171.0,98,1,363.79,4.59511985013459,0.6931471805599453,5.899321845543751,1,At Risk Customers,0
14173.0,11,4,450.84,2.4849066497880004,1.6094379124341003,6.1133281348648225,2,Potential Customers,0
14174.0,33,1,134.46,3.5263605246161616,0.6931471805599453,4.908676393786758,1,At Risk Customers,0
14175.0,60,3,3222.3,4.110873864173311,1.3862943611198906,8.078160958464125,3,Loyal Customers,1
14176.0,297,4,576.9000000000001,5.697093486505405,1.6094379124341003,6.359400843323733,1,At Risk Customers,0
14177.0,86,4,549.46,4.465908118654584,1.6094379124341003,6.310754292305705,3,Loyal Customers,0
14178.0,9,7,1600.26,2.302585092994046,2.0794415416798357,7.378546098312443,0,Champions,1
14179.0,41,2,701.57,3.7376696182833684,1.0986122886681098,6.554745040371868,2,Potential Customers,1
14180.0,11,25,4748.52,2.4849066497880004,3.258096538021482,8.465798839290947,0,Champions,1
14184.0,67,1,452.89,4.219507705176107,0.6931471805599453,6.1178548779353035,1,At Risk Customers,0
14185.0,331,1,197.65,5.805134968916488,0.6931471805599453,5.291544482260608,1,At Risk Customers,0
14188.0,31,6,2054.36,3.4657359027997265,1.9459101490553132,7.628206294069428,3,Loyal Customers,1
14189.0,2,15,4654.08,1.0986122886681098,2.772588722239781,8.44571437538519,0,Champions,1
14191.0,2,13,4684.76,1.0986122886681098,2.6390573296152584,8.452283401366893,0,Champions,1
14193.0,68,2,853.39,4.23410650459726,1.0986122886681098,6.750387764017586,3,Loyal Customers,1
14194.0,5,21,11349.52,1.791759469228055,3.091042453358316,9.337018836838048,0,Champions,1
14195.0,202,2,1012.0,5.313205979041787,1.0986122886681098,6.920671504248683,1,At Risk Customers,1
14196.0,107,1,335.52,4.68213122712422,0.6931471805599453,5.818657582682612,1,At Risk Customers,0
14198.0,18,4,701.4,2.9444389791664403,1.6094379124341003,6.554503042320907,2,Potential Customers,1
14199.0,218,1,185.39999999999998,5.389071729816501,0.6931471805599453,5.2278949022514904,1,At Risk Customers,0
14201.0,60,7,747.44,4.110873864173311,2.0794415416798357,6.617991040326031,3,Loyal Customers,1
14204.0,2,1,150.61,1.0986122886681098,0.6931471805599453,5.021311434093491,2,Potential Customers,0
14205.0,17,2,466.7,2.8903717578961645,1.0986122886681098,6.147827064731841,2,Potential Customers,0
14206.0,239,1,328.15999999999997,5.480638923341991,0.6931471805599453,5.796543954737512,1,At Risk Customers,0
14208.0,95,1,151.74,4.564348191467836,0.6931471805599453,5.0287371294602385,1,At Risk Customers,0
14209.0,11,6,2073.43,2.4849066497880004,1.9459101490553132,7.637441696132993,0,Champions,1
14210.0,106,6,1905.8400000000001,4.672828834461906,1.9459101490553132,7.553202700664662,3,Loyal Customers,1
14211.0,53,9,2241.1,3.9889840465642745,2.302585092994046,7.715168205670426,3,Loyal Customers,1
14212.0,90,1,1070.48,4.51085950651685,0.6931471805599453,6.976796149317125,1,At Risk Customers,1
14214.0,31,5,1004.38,3.4657359027997265,1.791759469228055,6.913120858480547,3,Loyal Customers,1
14215.0,12,6,1789.72,2.5649493574615367,1.9459101490553132,7.490373052597007,0,Champions,1
14216.0,3,4,1839.3,1.3862943611198906,1.6094379124341003,7.517683880791149,0,Champions,1
14217.0,2,17,2004.98,1.0986122886681098,2.8903717578961645,7.603887998382448,0,Champions,1
14218.0,43,1,169.48000000000002,3.784189633918261,0.6931471805599453,5.1386179877903615,1,At Risk Customers,0
14219.0,4,1,89.94,1.6094379124341003,0.6931471805599453,4.510199948396864,2,Potential Customers,0
14220.0,247,2,632.4,5.5134287461649825,1.0986122886681098,6.45110213410454,1,At Risk Customers,0
14221.0,42,9,3432.8,3.7612001156935624,2.302585092994046,8.141422798643111,0,Champions,1
14222.0,177,1,683.17,5.181783550292085,0.6931471805599453,6.528206424753791,1,At Risk Customers,1
14223.0,92,3,991.13,4.532599493153256,1.3862943611198906,6.89985414708588,3,Loyal Customers,1
14224.0,110,4,1009.73,4.709530201312334,1.6094379124341003,6.918428121038441,3,Loyal Customers,1
14226.0,29,5,2214.79,3.4011973816621555,1.791759469228055,7.703364278033695,3,Loyal Customers,1
14227.0,26,10,3350.96,3.295836866004329,2.3978952727983707,8.117300528356548,0,Champions,1
14229.0,52,3,1547.2,3.970291913552122,1.3862943611198906,7.344848244770613,3,Loyal Customers,1
14231.0,184,3,925.71,5.220355825078324,1.3862943611198906,6.831640679513165,3,Loyal Customers,1
14232.0,43,5,2048.07,3.784189633918261,1.791759469228055,7.625141310661702,3,Loyal Customers,1
14233.0,49,4,1462.72,3.912023005428146,1.6094379124341003,7.288736419398735,3,Loyal Customers,1
14234.0,22,4,754.12,3.1354942159291497,1.6094379124341003,6.626876677016689,3,Loyal Customers,1
14235.0,75,5,3144.86,4.330733340286331,1.791759469228055,8.053842581674434,3,Loyal Customers,1
14236.0,81,2,490.86,4.406719247264253,1.0986122886681098,6.198194123153937,1,At Risk Customers,0
14237.0,373,1,161.0,5.924255797414532,0.6931471805599453,5.087596335232384,1,At Risk Customers,0
14238.0,326,1,146.85,5.7899601708972535,0.6931471805599453,4.996198246298486,1,At Risk Customers,0
14239.0,43,11,2380.85,3.784189633918261,2.4849066497880004,7.775632775640216,0,Champions,1
14240.0,30,2,890.34,3.4339872044851463,1.0986122886681098,6.792725948397371,2,Potential Customers,1
14241.0,184,1,213.70000000000002,5.220355825078324,0.6931471805599453,5.369241704884735,1,At Risk Customers,0
14242.0,235,2,280.55,5.4638318050256105,1.0986122886681098,5.640310051700627,1,At Risk Customers,0
14243.0,9,10,2588.77,2.302585092994046,2.3978952727983707,7.859324347661553,0,Champions,1
14245.0,220,2,1693.45,5.3981627015177525,1.0986122886681098,7.435113483382488,3,Loyal Customers,1
14246.0,111,3,1474.06,4.718498871295094,1.3862943611198906,7.296453945912696,3,Loyal Customers,1
14247.0,278,1,136.76999999999998,5.631211781821365,0.6931471805599453,4.925585628056507,1,At Risk Customers,0
14248.0,318,1,302.58,5.765191102784844,0.6931471805599453,5.715645167198713,1,At Risk Customers,0
14250.0,7,3,1904.05,2.0794415416798357,1.3862943611198906,7.552263533935522,2,Potential Customers,1
14251.0,2,5,2879.7000000000003,1.0986122886681098,1.791759469228055,7.965788599152331,0,Champions,1
14256.0,260,2,969.0600000000001,5.564520407322694,1.0986122886681098,6.8773579252545485,1,At Risk Customers,1
14257.0,64,5,3099.7200000000003,4.174387269895637,1.791759469228055,8.039389621570026,3,Loyal Customers,1
14258.0,9,9,12669.98,2.302585092994046,2.302585092994046,9.447069618390275,0,Champions,1
14259.0,142,1,120.0,4.962844630259907,0.6931471805599453,4.795790545596741,1,At Risk Customers,0
14261.0,51,2,1163.45,3.9512437185814275,1.0986122886681098,7.060004151519799,3,Loyal Customers,1
14262.0,8,8,2618.23,2.1972245773362196,2.1972245773362196,7.870635660430322,0,Champions,1
14264.0,155,2,333.97,5.049856007249537,1.0986122886681098,5.814040975576219,1,At Risk Customers,0
14265.0,109,2,530.18,4.700480365792417,1.0986122886681098,6.275100946851013,1,At Risk Customers,0
14267.0,163,3,1516.24,5.099866427824199,1.3862943611198906,7.3246481738226015,3,Loyal Customers,1
14270.0,332,1,492.65000000000003,5.808142489980444,0.6931471805599453,6.201826764057459,1,At Risk Customers,0
14271.0,226,1,112.32,5.424950017481403,0.6931471805599453,4.730215674962316,1,At Risk Customers,0
14272.0,74,2,437.96,4.31748811353631,1.0986122886681098,6.0844082927507195,1,At Risk Customers,0
14273.0,51,4,559.97,3.9512437185814275,1.6094379124341003,6.329667428156979,3,Loyal Customers,0
14276.0,99,3,1119.74,4.605170185988092,1.3862943611198906,7.021744460399267,3,Loyal Customers,1
14277.0,15,3,4188.0,2.772588722239781,1.3862943611198906,8.340217320947035,3,Loyal Customers,1
14280.0,197,1,134.04,5.288267030694535,0.6931471805599453,4.905571030847647,1,At Risk Customers,0
14282.0,3,15,3701.44,1.3862943611198906,2.772588722239781,8.216747340743936,0,Champions,1
14284.0,31,2,595.25,3.4657359027997265,1.0986122886681098,6.390660042202551,2,Potential Customers,0
14285.0,21,4,1910.01,3.091042453358316,1.6094379124341003,7.555387177088957,3,Loyal Customers,1
14286.0,24,3,4628.75,3.2188758248682006,1.3862943611198906,8.440258149942116,3,Loyal Customers,1
14287.0,8,3,176.63,2.1972245773362196,1.3862943611198906,5.179702735211794,2,Potential Customers,0
14288.0,213,1,426.6,5.365976015021851,0.6931471805599453,6.05818817915089,1,At Risk Customers,0
14289.0,9,6,911.26,2.302585092994046,1.9459101490553132,6.815925037163848,2,Potential Customers,1
14290.0,11,5,2314.65,2.4849066497880004,1.791759469228055,7.747445704647496,0,Champions,1
14291.0,2,11,3883.25,1.0986122886681098,2.4849066497880004,8.264685193972111,0,Champions,1
14292.0,8,9,4871.93,2.1972245773362196,2.302585092994046,8.491450677872692,0,Champions,1
14293.0,3,4,1046.56,1.3862943611198906,1.6094379124341003,6.954218929392177,2,Potential Customers,1
14295.0,40,1,166.20000000000002,3.713572066704308,0.6931471805599453,5.119190700650601,1,At Risk Customers,0
14297.0,18,4,1305.33,2.9444389791664403,1.6094379124341003,7.174976957856922,3,Loyal Customers,1
14298.0,8,44,51527.3,2.1972245773362196,3.8066624897703196,10.849886450287096,0,Champions,1
14299.0,8,9,3965.62,2.1972245773362196,2.302585092994046,8.285669625656425,0,Champions,1
14300.0,19,1,43.2,2.995732273553991,0.6931471805599453,3.7887247890836524,2,Potential Customers,0
14301.0,117,1,640.14,4.770684624465665,0.6931471805599453,6.463247841809304,1,At Risk Customers,0
14304.0,223,1,383.45,5.4116460518550396,0.6931471805599453,5.9518137414781895,1,At Risk Customers,0
14305.0,71,3,1858.96,4.276666119016055,1.3862943611198906,7.528310261099659,3,Loyal Customers,1
14306.0,51,2,2093.32,3.9512437185814275,1.0986122886681098,7.646984197329087,3,Loyal Customers,1
14307.0,89,6,2995.72,4.499809670330265,1.9459101490553132,8.005273636192019,3,Loyal Customers,1
14309.0,8,9,2352.53,2.1972245773362196,2.302585092994046,7.763671607732549,0,Champions,1
14311.0,243,1,310.26,5.497168225293202,0.6931471805599453,5.740628575776864,1,At Risk Customers,0
14312.0,47,6,1611.59,3.871201010907891,1.9459101490553132,7.385596861065875,3,Loyal Customers,1
14314.0,107,1,120.0,4.68213122712422,0.6931471805599453,4.795790545596741,1,At Risk Customers,0
14315.0,45,6,2481.13,3.828641396489095,1.9459101490553132,7.816872341508149,3,Loyal Customers,1
14317.0,65,1,508.58000000000004,4.189654742026425,0.6931471805599453,6.233586857019973,1,At Risk Customers,0
14320.0,207,2,477.79,5.337538079701318,1.0986122886681098,6.17126208791851,1,At Risk Customers,0
14321.0,11,5,1530.75,2.4849066497880004,1.791759469228055,7.334166151605764,3,Loyal Customers,1
14323.0,115,2,605.0600000000001,4.7535901911063645,1.0986122886681098,6.406978991069148,1,At Risk Customers,0
14326.0,242,1,183.85,5.493061443340548,0.6931471805599453,5.219544685382641,1,At Risk Customers,0
14327.0,163,1,311.65,5.099866427824199,0.6931471805599453,5.745084354013307,1,At Risk Customers,0
14329.0,17,7,4975.24,2.8903717578961645,2.0794415416798357,8.512429864767167,0,Champions,1
14331.0,124,2,462.65999999999997,4.8283137373023015,1.0986122886681098,6.139151525006747,1,At Risk Customers,0
14332.0,23,3,840.21,3.1780538303479458,1.3862943611198906,6.734841331537249,2,Potential Customers,1
14333.0,68,1,415.2,4.23410650459726,0.6931471805599453,6.031165913959534,1,At Risk Customers,0
14334.0,17,8,2552.21,2.8903717578961645,2.1972245773362196,7.845106670027843,0,Champions,1
14335.0,16,2,454.86,2.833213344056216,1.0986122886681098,6.1221857448309915,2,Potential Customers,0
14336.0,17,4,1614.91,2.8903717578961645,1.6094379124341003,7.387653544460817,3,Loyal Customers,1
14338.0,161,2,588.22,5.087596335232384,1.0986122886681098,6.3787996283436765,1,At Risk Customers,0
14339.0,243,1,309.52,5.497168225293202,0.6931471805599453,5.73824831153748,1,At Risk Customers,0
14340.0,219,1,134.7,5.393627546352362,0.6931471805599453,4.9104465668408235,1,At Risk Customers,0
14341.0,45,8,2166.98,3.828641396489095,2.1972245773362196,7.6815511374247345,3,Loyal Customers,1
14342.0,21,4,668.5600000000001,3.091042453358316,1.6094379124341003,6.506620780234419,2,Potential Customers,0
14344.0,127,8,889.9300000000001,4.852030263919617,2.1972245773362196,6.7922658609726465,3,Loyal Customers,1
14345.0,39,1,108.97999999999999,3.6888794541139363,0.6931471805599453,4.700298531079668,1,At Risk Customers,0
14346.0,121,2,1021.58,4.804021044733257,1.0986122886681098,6.9300841244652,3,Loyal Customers,1
14348.0,260,1,409.57,5.564520407322694,0.6931471805599453,6.017546438106483,1,At Risk Customers,0
14349.0,10,1,133.5,2.3978952727983707,0.6931471805599453,4.901564199041894,2,Potential Customers,0
14350.0,274,1,282.93,5.616771097666572,0.6931471805599453,5.6487277289070565,1,At Risk Customers,0
14351.0,165,1,51.0,5.111987788356544,0.6931471805599453,3.9512437185814275,1,At Risk Customers,0
14352.0,157,4,1078.96,5.062595033026967,1.6094379124341003,6.984679282395341,3,Loyal Customers,1
14353.0,215,1,90.6,5.375278407684165,0.6931471805599453,4.517431271680085,1,At Risk Customers,0
14354.0,6,2,163.62,1.9459101490553132,1.0986122886681098,5.103639787544498,2,Potential Customers,0
14355.0,366,1,174.4,5.905361848054571,0.6931471805599453,5.1670690799380825,1,At Risk Customers,0
14356.0,80,2,701.23,4.394449154672439,1.0986122886681098,6.5542609856927125,3,Loyal Customers,1
14357.0,43,1,225.12,3.784189633918261,0.6931471805599453,5.42106583180709,1,At Risk Customers,0
14359.0,19,3,912.18,2.995732273553991,1.3862943611198906,6.816933013408364,2,Potential Customers,1
14360.0,32,4,2118.03,3.4965075614664802,1.6094379124341003,7.658713715789601,3,Loyal Customers,1
14362.0,22,1,151.5,3.1354942159291497,0.6931471805599453,5.0271645960474665,2,Potential Customers,0
14364.0,109,8,3717.35,4.700480365792417,2.1972245773362196,8.221035300483413,3,Loyal Customers,1
14367.0,8,16,9227.82,2.1972245773362196,2.833213344056216,9.13008647533716,0,Champions,1
14368.0,320,1,155.0,5.771441123130016,0.6931471805599453,5.049856007249537,1,At Risk Customers,0
14371.0,295,1,100.5,5.69035945432406,0.6931471805599453,4.620058798481842,1,At Risk Customers,0
14373.0,358,1,76.55,5.883322388488279,0.6931471805599453,4.350922889622548,1,At Risk Customers,0
14375.0,185,1,235.56,5.225746673713202,0.6931471805599453,5.466201875544222,1,At Risk Customers,0
14377.0,191,2,617.05,5.2574953720277815,1.0986122886681098,6.426569360333832,1,At Risk Customers,0
14379.0,44,2,348.1,3.8066624897703196,1.0986122886681098,5.855358414110991,2,Potential Customers,0
14381.0,52,1,202.68,3.970291913552122,0.6931471805599453,5.316550134809097,1,At Risk Customers,0
14382.0,26,1,615.49,3.295836866004329,0.6931471805599453,6.424042101872682,2,Potential Customers,0
14383.0,38,3,1247.69,3.6635616461296463,1.3862943611198906,7.129850280760371,3,Loyal Customers,1
14385.0,9,3,202.11,2.302585092994046,1.3862943611198906,5.3137477042033945,2,Potential Customers,0
14386.0,297,1,142.4,5.697093486505405,0.6931471805599453,4.96563792816552,1,At Risk Customers,0
14387.0,33,3,1727.6,3.5263605246161616,1.3862943611198906,7.455067111318538,3,Loyal Customers,1
14388.0,10,8,3212.84,2.3978952727983707,2.1972245773362196,8.07522176285542,0,Champions,1
14389.0,65,2,1043.46,4.189654742026425,1.0986122886681098,6.9512552844279885,3,Loyal Customers,1
14390.0,10,9,4642.57,2.3978952727983707,2.302585092994046,8.443238745938231,0,Champions,1
14393.0,218,1,67.95,5.389071729816501,0.6931471805599453,4.233381604239311,1,At Risk Customers,0
14395.0,2,9,3479.91,1.0986122886681098,2.302585092994046,8.15504903283773,0,Champions,1
14396.0,65,2,487.99,4.189654742026425,1.0986122886681098,6.192342039368019,1,At Risk Customers,0
14397.0,3,19,2612.96,1.3862943611198906,2.995732273553991,7.868621591848266,0,Champions,1
14400.0,149,1,574.7,5.0106352940962555,0.6931471805599453,6.355586691681764,1,At Risk Customers,0
14401.0,4,13,4051.48,1.6094379124341003,2.6390573296152584,8.307084318372484,0,Champions,1
14403.0,130,4,1475.81,4.875197323201151,1.6094379124341003,7.297639635123279,3,Loyal Customers,1
14404.0,34,6,1449.32,3.5553480614894135,1.9459101490553132,7.2795395007214125,3,Loyal Customers,1
14406.0,119,1,156.75,4.787491742782046,0.6931471805599453,5.061011501421323,1,At Risk Customers,0
14407.0,107,6,2157.73,4.68213122712422,1.9459101490553132,7.677275364797242,3,Loyal Customers,1
14408.0,11,7,2599.03,2.4849066497880004,2.0794415416798357,7.8632782624045445,0,Champions,1
14409.0,71,6,2059.4500000000003,4.276666119016055,1.9459101490553132,7.630679684529584,3,Loyal Customers,1
14410.0,92,9,1100.27,4.532599493153256,2.302585092994046,7.004219338265954,3,Loyal Customers,1
14411.0,311,1,1063.0,5.7430031878094825,0.6931471805599453,6.96979066990159,1,At Risk Customers,1
14412.0,43,2,770.03,3.784189633918261,1.0986122886681098,6.647727283312172,3,Loyal Customers,1
14413.0,362,1,121.05,5.8944028342648505,0.6931471805599453,4.804430796838969,1,At Risk Customers,0
14414.0,92,7,1496.98,4.532599493153256,2.0794415416798357,7.311872812853191,3,Loyal Customers,1
14415.0,1,13,5855.57,0.6931471805599453,2.6390573296152584,8.675319386969873,0,Champions,1
14416.0,22,2,490.22,3.1354942159291497,1.0986122886681098,6.1968920926164115,2,Potential Customers,0
14418.0,4,3,1937.25,1.6094379124341003,1.3862943611198906,7.569540783099068,2,Potential Customers,1
14419.0,11,6,1051.79,2.4849066497880004,1.9459101490553132,6.959199062045698,3,Loyal Customers,1
14420.0,99,1,387.52,4.605170185988092,0.6931471805599453,5.962344648534129,1,At Risk Customers,0
14421.0,57,2,813.11,4.060443010546419,1.0986122886681098,6.702095492007746,3,Loyal Customers,1
14422.0,1,6,4263.64,0.6931471805599453,1.9459101490553132,8.358113048391361,0,Champions,1
14423.0,218,1,265.2,5.389071729816501,0.6931471805599453,5.5842479059610115,1,At Risk Customers,0
14424.0,18,1,322.08,2.9444389791664403,0.6931471805599453,5.777899970574095,2,Potential Customers,0
14426.0,24,10,4481.67,3.2188758248682006,2.3978952727983707,8.407974130025062,0,Champions,1
14427.0,50,2,363.34000000000003,3.9318256327243257,1.0986122886681098,5.898087497602683,1,At Risk Customers,0
14428.0,7,5,1224.06,2.0794415416798357,1.791759469228055,7.110745101371203,2,Potential Customers,1
14431.0,303,1,470.36,5.717027701406222,0.6931471805599453,6.1556221332742656,1,At Risk Customers,0
14432.0,10,6,2248.5,2.3978952727983707,1.9459101490553132,7.7184632482812265,0,Champions,1
14434.0,22,6,1372.8,3.1354942159291497,1.9459101490553132,7.225335901779781,3,Loyal Customers,1
14436.0,99,1,89.06,4.605170185988092,0.6931471805599453,4.500476114873425,1,At Risk Customers,0
14437.0,366,1,63.0,5.905361848054571,0.6931471805599453,4.1588830833596715,1,At Risk Customers,0
14438.0,306,1,131.9,5.726847747587197,0.6931471805599453,4.8895969657192,1,At Risk Customers,0
14439.0,320,1,2661.24,5.771441123130016,0.6931471805599453,7.8869231526671975,3,Loyal Customers,1
14440.0,8,5,2357.6800000000003,2.1972245773362196,1.791759469228055,7.765857419506838,0,Champions,1
14441.0,1,4,1712.89,0.6931471805599453,1.6094379124341003,7.446520919735376,0,Champions,1
14442.0,205,2,1589.82,5.327876168789581,1.0986122886681098,7.372004885545176,3,Loyal Customers,1
14443.0,54,4,1420.2,4.007333185232471,1.6094379124341003,7.259256864146872,3,Loyal Customers,1
14446.0,1,4,1010.35,0.6931471805599453,1.6094379124341003,6.9190413509991044,2,Potential Customers,1
14447.0,19,5,1163.23,2.995732273553991,1.791759469228055,7.059815203273879,3,Loyal Customers,1
14448.0,9,2,375.35,2.302585092994046,1.0986122886681098,5.930519561480541,2,Potential Customers,0
14449.0,19,4,885.8,2.995732273553991,1.6094379124341003,6.787619477742156,3,Loyal Customers,1
14450.0,181,3,483.25,5.204006687076795,1.3862943611198906,6.182601302287106,1,At Risk Customers,0
14451.0,60,2,643.9,4.110873864173311,1.0986122886681098,6.469095266016332,3,Loyal Customers,0
14452.0,11,2,259.05,2.4849066497880004,1.0986122886681098,5.560873920219081,2,Potential Customers,0
14453.0,190,1,119.93,5.25227342804663,0.6931471805599453,4.795211865797184,1,At Risk Customers,0
14456.0,5,9,3017.28,1.791759469228055,2.302585092994046,8.012442411697599,0,Champions,1
14457.0,311,1,113.64,5.7430031878094825,0.6931471805599453,4.741796783519916,1,At Risk Customers,0
14459.0,155,1,1837.92,5.049856007249537,0.6931471805599453,7.516933721754878,3,Loyal Customers,1
14460.0,110,3,434.34,4.709530201312334,1.3862943611198906,6.076127334986691,1,At Risk Customers,0
14461.0,148,3,2103.06,5.003946305945459,1.3862943611198906,7.651624090561262,3,Loyal Customers,1
14462.0,66,11,1980.57,4.204692619390966,2.4849066497880004,7.591644738779161,3,Loyal Customers,1
14463.0,98,3,529.62,4.59511985013459,1.3862943611198906,6.2740461341708045,3,Loyal Customers,0
14465.0,247,3,1038.44,5.5134287461649825,1.3862943611198906,6.946437385574481,3,Loyal Customers,1
14466.0,29,7,2272.4,3.4011973816621555,2.0794415416798357,7.72903178725261,3,Loyal Customers,1
14467.0,18,4,596.26,2.9444389791664403,1.6094379124341003,6.392352529473033,2,Potential Customers,0
14470.0,12,2,461.19,2.5649493574615367,1.0986122886681098,6.135976061950666,2,Potential Customers,0
14472.0,104,8,1852.67,4.653960350157523,2.1972245773362196,7.524922736755564,3,Loyal Customers,1
14473.0,74,2,234.34000000000003,4.31748811353631,1.0986122886681098,5.461031277035783,1,At Risk Customers,0
14474.0,46,1,547.66,3.8501476017100584,0.6931471805599453,6.3074789418267985,1,At Risk Customers,0
14475.0,72,3,925.85,4.290459441148391,1.3862943611198906,6.831791740175098,3,Loyal Customers,1
14476.0,257,1,193.0,5.552959584921617,0.6931471805599453,5.267858159063328,1,At Risk Customers,0
14477.0,20,4,1309.6,3.044522437723423,1.6094379124341003,7.178240326605397,3,Loyal Customers,1
14479.0,254,2,316.25,5.541263545158426,1.0986122886681098,5.759690106594497,1,At Risk Customers,0
14480.0,11,1,279.05,2.4849066497880004,0.6931471805599453,5.634968158655841,2,Potential Customers,0
14481.0,165,2,636.51,5.111987788356544,1.0986122886681098,6.457569963184063,1,At Risk Customers,0
14482.0,18,6,2022.81,2.9444389791664403,1.9459101490553132,7.6127371524831755,3,Loyal Customers,1
14483.0,282,1,137.1,5.645446897643238,0.6931471805599453,4.9279780604152466,1,At Risk Customers,0
14484.0,50,1,321.92,3.9318256327243257,0.6931471805599453,5.777404614526815,1,At Risk Customers,0
14485.0,39,1,162.8,3.6888794541139363,0.6931471805599453,5.098646171418969,1,At Risk Customers,0
14487.0,27,6,1165.48,3.332204510175204,1.9459101490553132,7.06174594600803,3,Loyal Customers,1
14488.0,68,1,1064.28,4.23410650459726,0.6931471805599453,6.97099295438666,1,At Risk Customers,1
14489.0,207,1,463.38,5.337538079701318,0.6931471805599453,6.14070318257422,1,At Risk Customers,0
14491.0,175,2,340.93,5.170483995038151,1.0986122886681098,5.834606037750557,1,At Risk Customers,0
14493.0,7,5,2383.2400000000002,2.0794415416798357,1.791759469228055,7.7766356942591806,0,Champions,1
14494.0,26,1,139.56,3.295836866004329,0.6931471805599453,4.945634443878841,2,Potential Customers,0
14495.0,51,2,123.8,3.9512437185814275,1.0986122886681098,4.826712455935327,1,At Risk Customers,0
14496.0,312,2,538.8100000000001,5.746203190540153,1.0986122886681098,6.2912172257920815,1,At Risk Customers,0
14497.0,309,1,475.37,5.736572297479192,0.6931471805599453,6.166194863206115,1,At Risk Customers,0
14498.0,43,5,1957.32,3.784189633918261,1.791759469228055,7.579842241810434,3,Loyal Customers,1
14499.0,26,3,808.44,3.295836866004329,1.3862943611198906,6.696342650543626,3,Loyal Customers,1
14500.0,88,3,356.85,4.48863636973214,1.3862943611198906,5.880113904184607,1,At Risk Customers,0
14501.0,184,2,251.21,5.220355825078324,1.0986122886681098,5.530262073815315,1,At Risk Customers,0
14502.0,20,11,2429.83,3.044522437723423,2.4849066497880004,7.795988041800972,0,Champions,1
14503.0,3,6,3543.26,1.3862943611198906,1.9459101490553132,8.173084672465158,0,Champions,1
14504.0,47,4,673.26,3.871201010907891,1.6094379124341003,6.513615793203887,3,Loyal Customers,1
14505.0,17,8,5859.43,2.8903717578961645,2.1972245773362196,8.675978258718553,0,Champions,1
14506.0,17,5,1960.65,2.8903717578961645,1.791759469228055,7.5815412348134545,3,Loyal Customers,1
14507.0,24,6,1367.88,3.2188758248682006,1.9459101490553132,7.221748166223715,3,Loyal Customers,1
14508.0,22,2,268.05,3.1354942159291497,1.0986122886681098,5.594897235935429,2,Potential Customers,0
14511.0,11,5,1314.81,2.4849066497880004,1.791759469228055,7.182207724562218,3,Loyal Customers,1
14512.0,188,2,275.28,5.241747015059643,1.0986122886681098,5.621414844220772,1,At Risk Customers,0
14513.0,101,3,455.59000000000003,4.624972813284271,1.3862943611198906,6.1237858328484185,1,At Risk Customers,0
14514.0,61,3,990.2,4.127134385045092,1.3862943611198906,6.898916330314933,3,Loyal Customers,1
14515.0,18,6,2076.89,2.9444389791664403,1.9459101490553132,7.63910823474312,3,Loyal Customers,1
14517.0,33,2,330.45,3.5263605246161616,1.0986122886681098,5.8034769686874,2,Potential Customers,0
14518.0,64,1,174.37,4.174387269895637,0.6931471805599453,5.166898027681201,1,At Risk Customers,0
14520.0,2,2,270.6,1.0986122886681098,1.0986122886681098,5.604330395684541,2,Potential Customers,0
14522.0,24,4,974.54,3.2188758248682006,1.6094379124341003,6.882991163835519,3,Loyal Customers,1
14523.0,108,1,241.09,4.6913478822291435,0.6931471805599453,5.489309557845162,1,At Risk Customers,0
14524.0,32,9,1843.83,3.4965075614664802,2.302585092994046,7.520142411307983,3,Loyal Customers,1
14525.0,20,9,4215.9,3.044522437723423,2.302585092994046,8.346855539924958,0,Champions,1
14527.0,3,55,8507.13,1.3862943611198906,4.02535169073515,9.048777455940112,0,Champions,1
14528.0,37,1,364.21999999999997,3.6375861597263857,0.6931471805599453,5.900499911733888,2,Potential Customers,0
14529.0,60,3,578.61,4.110873864173311,1.3862943611198906,6.362355463575814,3,Loyal Customers,0
14530.0,26,6,2862.11,3.295836866004329,1.9459101490553132,7.959663725596504,3,Loyal Customers,1
14532.0,236,4,932.85,5.4680601411351315,1.6094379124341003,6.839315825759616,3,Loyal Customers,1
14533.0,25,7,1949.72,3.258096538021482,2.0794415416798357,7.575953814178117,3,Loyal Customers,1
14534.0,3,18,4397.3,1.3862943611198906,2.9444389791664403,8.38897338161233,0,Champions,1
14535.0,60,3,2854.84,4.110873864173311,1.3862943611198906,7.957121299481198,3,Loyal Customers,1
14536.0,260,1,170.95,5.564520407322694,0.6931471805599453,5.147203736878275,1,At Risk Customers,0
14537.0,58,1,355.56,4.07753744390572,0.6931471805599453,5.876502528638301,1,At Risk Customers,0
14538.0,65,2,388.25,4.189654742026425,1.0986122886681098,5.964221810714108,1,At Risk Customers,0
14539.0,16,2,537.48,2.833213344056216,1.0986122886681098,6.288750355702458,2,Potential Customers,0
14540.0,10,3,952.66,2.3978952727983707,1.3862943611198906,6.860307213794826,2,Potential Customers,1
14541.0,59,8,1453.35,4.0943445622221,2.1972245773362196,7.282314344394418,3,Loyal Customers,1
14542.0,186,1,103.25,5.231108616854587,0.6931471805599453,4.646791860678911,1,At Risk Customers,0
14543.0,29,16,3599.73,3.4011973816621555,2.833213344056216,8.188891881665345,0,Champions,1
14544.0,24,2,2004.3,3.2188758248682006,1.0986122886681098,7.603548954482988,3,Loyal Customers,1
14546.0,5,5,2573.93,1.791759469228055,1.791759469228055,7.853577628262313,0,Champions,1
14547.0,4,8,3974.75,1.6094379124341003,2.1972245773362196,8.287968688536026,0,Champions,1
14548.0,151,2,652.8,5.0238805208462765,1.0986122886681098,6.48280149429011,1,At Risk Customers,0
14549.0,311,1,289.24,5.7430031878094825,0.6931471805599453,5.670708166926771,1,At Risk Customers,0
14550.0,11,2,757.37,2.4849066497880004,1.0986122886681098,6.631171393196389,2,Potential Customers,1
14551.0,18,2,186.23,2.9444389791664403,1.0986122886681098,5.232337807614061,2,Potential Customers,0
14552.0,152,1,164.22,5.030437921392435,0.6931471805599453,5.10727791913436,1,At Risk Customers,0
14553.0,19,5,859.27,2.995732273553991,1.791759469228055,6.757246293462842,3,Loyal Customers,1
14554.0,10,4,2279.4900000000002,2.3978952727983707,1.6094379124341003,7.7321456111388525,3,Loyal Customers,1
14555.0,57,2,312.54,4.060443010546419,1.0986122886681098,5.747926943640385,1,At Risk Customers,0
14557.0,85,1,788.38,4.454347296253507,0.6931471805599453,6.671247827209794,1,At Risk Customers,1
14560.0,7,22,2237.77,2.0794415416798357,3.1354942159291497,7.71368188689169,0,Champions,1
14561.0,76,3,1080.76,4.343805421853684,1.3862943611198906,6.986344623342368,3,Loyal Customers,1
14562.0,4,18,5006.77,1.6094379124341003,2.9444389791664403,8.518745985207708,0,Champions,1
14565.0,96,4,3099.12,4.574710978503383,1.6094379124341003,8.039196099401456,3,Loyal Customers,1
14566.0,111,1,1432.0,4.718498871295094,0.6931471805599453,7.267525427828172,1,At Risk Customers,1
14567.0,57,2,1530.3600000000001,4.060443010546419,1.0986122886681098,7.3339115084475965,3,Loyal Customers,1
14569.0,1,1,227.39,0.6931471805599453,0.6931471805599453,5.431054693986231,2,Potential Customers,0
14570.0,281,2,218.06,5.641907070938114,1.0986122886681098,5.3893456648956,1,At Risk Customers,0
14572.0,3,7,2804.54,1.3862943611198906,2.0794415416798357,7.93935131279746,0,Champions,1
14573.0,180,9,1639.82,5.198497031265826,2.302585092994046,7.402951395859895,3,Loyal Customers,1
14576.0,372,1,35.400000000000006,5.921578419643816,0.6931471805599453,3.594568774642695,1,At Risk Customers,0
14577.0,13,4,859.71,2.6390573296152584,1.6094379124341003,6.757757630038034,2,Potential Customers,1
14578.0,3,1,168.63,1.3862943611198906,0.6931471805599453,5.133619594507631,2,Potential Customers,0
14581.0,17,1,138.6,2.8903717578961645,0.6931471805599453,4.938781190328272,2,Potential Customers,0
14582.0,41,1,114.11,3.7376696182833684,0.6931471805599453,4.74588819292697,1,At Risk Customers,0
14583.0,6,5,986.96,1.9459101490553132,1.791759469228055,6.895642211098335,2,Potential Customers,1
14584.0,169,4,1033.06,5.135798437050262,1.6094379124341003,6.941248080464172,3,Loyal Customers,1
14585.0,50,1,157.05,3.9318256327243257,0.6931471805599453,5.062911438661627,1,At Risk Customers,0
14586.0,277,1,237.36,5.627621113690637,0.6931471805599453,5.473782135878778,1,At Risk Customers,0
14587.0,19,9,1580.29,2.995732273553991,2.302585092994046,7.365996248598568,0,Champions,1
14589.0,372,1,39.75,5.921578419643816,0.6931471805599453,3.7074558396868715,1,At Risk Customers,0
14591.0,15,4,1320.21,2.772588722239781,1.6094379124341003,7.18630326236477,3,Loyal Customers,1
14592.0,35,3,557.94,3.58351893845611,1.3862943611198906,6.326042132868397,2,Potential Customers,0
14593.0,22,3,617.15,3.1354942159291497,1.3862943611198906,6.426731146452936,2,Potential Customers,0
14594.0,7,2,363.33,2.0794415416798357,1.0986122886681098,5.898060050335743,2,Potential Customers,0
14595.0,20,6,1740.6,3.044522437723423,1.9459101490553132,7.462559509920338,3,Loyal Customers,1
14597.0,11,2,866.24,2.4849066497880004,1.0986122886681098,6.76531575508289,2,Potential Customers,1
14598.0,44,1,221.97,3.8066624897703196,0.6931471805599453,5.40703723326228,1,At Risk Customers,0
14600.0,306,1,393.33000000000004,5.726847747587197,0.6931471805599453,5.977188122189173,1,At Risk Customers,0
14601.0,11,1,213.96,2.4849066497880004,0.6931471805599453,5.370451964307236,2,Potential Customers,0
14603.0,275,1,660.0,5.62040086571715,0.6931471805599453,6.493753839851686,1,At Risk Customers,0
14606.0,1,93,12076.15,0.6931471805599453,4.543294782270004,9.399070516501299,0,Champions,1
14607.0,16,14,16209.5,2.833213344056216,2.70805020110221,9.69341445941133,0,Champions,1
14608.0,4,4,1785.15,1.6094379124341003,1.6094379124341003,7.48781774447192,0,Champions,1
14609.0,72,4,601.56,4.290459441148391,1.6094379124341003,6.401187245468788,3,Loyal Customers,0
14616.0,243,3,406.08000000000004,5.497168225293202,1.3862943611198906,6.009009726323731,1,At Risk Customers,0
14618.0,9,3,553.44,2.302585092994046,1.3862943611198906,6.317958595345153,2,Potential Customers,0
14619.0,246,1,394.44,5.5093883366279774,0.6931471805599453,5.979999068998704,1,At Risk Customers,0
14620.0,206,2,412.78000000000003,5.332718793265369,1.0986122886681098,6.0253344316155975,1,At Risk Customers,0
14621.0,1,5,1788.3600000000001,0.6931471805599453,1.791759469228055,7.489613293002015,0,Champions,1
14622.0,185,1,320.58000000000004,5.225746673713202,0.6931471805599453,5.773246346316266,1,At Risk Customers,0
14623.0,32,5,886.7,3.4965075614664802,1.791759469228055,6.788633848074274,3,Loyal Customers,1
14624.0,57,2,225.85,4.060443010546419,1.0986122886681098,5.424289006109973,1,At Risk Customers,0
14625.0,196,2,899.63,5.2832037287379885,1.0986122886681098,6.803094518438584,1,At Risk Customers,1
14626.0,24,4,2791.27,3.2188758248682006,1.6094379124341003,7.934610164077709,3,Loyal Customers,1
14628.0,91,2,671.96,4.5217885770490405,1.0986122886681098,6.511685892514335,1,At Risk Customers,1
14629.0,4,2,955.26,1.6094379124341003,1.0986122886681098,6.863029842602406,2,Potential Customers,1
14631.0,51,3,1006.98,3.9512437185814275,1.3862943611198906,6.915703607164632,3,Loyal Customers,1
14632.0,263,1,114.56,5.575949103146316,0.6931471805599453,4.749789875598035,1,At Risk Customers,0
14633.0,266,1,344.90000000000003,5.58724865840025,0.6931471805599453,5.846149715943123,1,At Risk Customers,0
14636.0,36,2,609.85,3.6109179126442243,1.0986122886681098,6.414851429850069,2,Potential Customers,0
14638.0,51,1,443.6,3.9512437185814275,0.6931471805599453,6.097175001530096,1,At Risk Customers,0
14639.0,52,6,2984.49,3.970291913552122,1.9459101490553132,8.001519166458744,3,Loyal Customers,1
14640.0,24,6,2107.38,3.2188758248682006,1.9459101490553132,7.653675159070001,3,Loyal Customers,1
14641.0,22,1,110.46,3.1354942159291497,0.6931471805599453,4.7136657821413905,2,Potential Customers,0
14642.0,59,1,96.12,4.0943445622221,0.6931471805599453,4.575947327311188,1,At Risk Customers,0
14643.0,170,2,693.8100000000001,5.14166355650266,1.0986122886681098,6.54363842689435,1,At Risk Customers,1
14644.0,68,2,830.76,4.23410650459726,1.0986122886681098,6.723543937669715,3,Loyal Customers,1
14645.0,157,2,597.09,5.062595033026967,1.0986122886681098,6.393741244298632,1,At Risk Customers,0
14646.0,2,73,280206.02,1.0986122886681098,4.30406509320417,12.5432839661044,0,Champions,1
14647.0,201,1,236.04000000000002,5.308267697401205,0.6931471805599453,5.4682289032653095,1,At Risk Customers,0
14649.0,5,4,1402.59,1.791759469228055,1.6094379124341003,7.246788519146775,2,Potential Customers,1
14651.0,67,2,653.75,4.219507705176107,1.0986122886681098,6.484253483387821,3,Loyal Customers,0
14652.0,77,1,114.18,4.356708826689592,0.6931471805599453,4.7464961220785264,1,At Risk Customers,0
14653.0,1,7,1926.65,0.6931471805599453,2.0794415416798357,7.56405692342126,0,Champions,1
14655.0,8,4,1932.23,2.1972245773362196,1.6094379124341003,7.5669474581621285,3,Loyal Customers,1
14656.0,169,2,291.05,5.135798437050262,1.0986122886681098,5.676925020486318,1,At Risk Customers,0
14657.0,18,4,848.22,2.9444389791664403,1.6094379124341003,6.744318281129723,3,Loyal Customers,1
14658.0,5,2,247.15,1.791759469228055,1.0986122886681098,5.51403340203345,2,Potential Customers,0
14659.0,9,9,2529.93,2.302585092994046,2.302585092994046,7.836342103110113,0,Champions,1
14660.0,87,2,285.74,4.477336814478207,1.0986122886681098,5.6585758818181215,1,At Risk Customers,0
14661.0,27,1,107.95,3.332204510175204,0.6931471805599453,4.690889061390629,2,Potential Customers,0
14662.0,29,4,741.37,3.4011973816621555,1.6094379124341003,6.609847771172747,3,Loyal Customers,1
14664.0,20,2,636.24,3.044522437723423,1.0986122886681098,6.4571463507046944,2,Potential Customers,0
14665.0,61,5,1835.7,4.127134385045092,1.791759469228055,7.5157257621344895,3,Loyal Customers,1
14666.0,24,1,195.25,3.2188758248682006,0.6931471805599453,5.279389356662517,2,Potential Customers,0
14667.0,11,25,9175.04,2.4849066497880004,3.258096538021482,9.124351017997613,0,Champions,1
14669.0,242,3,1259.24,5.493061443340548,1.3862943611198906,7.139057457997714,3,Loyal Customers,1
14670.0,280,2,392.86,5.638354669333745,1.0986122886681098,5.97599551620405,1,At Risk Customers,0
14672.0,235,2,765.55,5.4638318050256105,1.0986122886681098,6.641899927756463,1,At Risk Customers,1
14673.0,3,5,1736.4,1.3862943611198906,1.791759469228055,7.46014502182582,0,Champions,1
14675.0,16,1,596.36,2.833213344056216,0.6931471805599453,6.392519946727447,2,Potential Customers,0
14676.0,31,6,2548.2400000000002,3.4657359027997265,1.9459101490553132,7.843550554514272,3,Loyal Customers,1
14680.0,25,16,28754.11,3.258096538021482,2.833213344056216,10.266570769562204,0,Champions,1
14681.0,71,3,498.95,4.276666119016055,1.3862943611198906,6.214508093421858,3,Loyal Customers,0
14682.0,188,2,52.0,5.241747015059643,1.0986122886681098,3.970291913552122,1,At Risk Customers,0
14684.0,26,5,1201.51,3.295836866004329,1.791759469228055,7.092166317953654,3,Loyal Customers,1
14687.0,107,1,628.38,4.68213122712422,0.6931471805599453,6.444735207830545,1,At Risk Customers,0
14688.0,8,21,5579.1,2.1972245773362196,3.091042453358316,8.626961976361729,0,Champions,1
14689.0,209,1,112.8,5.3471075307174685,0.6931471805599453,4.73444252169223,1,At Risk Customers,0
14690.0,44,2,355.05,3.8066624897703196,1.0986122886681098,5.875071170428134,2,Potential Customers,0
14691.0,31,5,2114.33,3.4657359027997265,1.791759469228055,7.656966107678013,3,Loyal Customers,1
14692.0,137,4,591.55,4.927253685157205,1.6094379124341003,6.384435257634458,3,Loyal Customers,0
14693.0,265,1,172.9,5.583496308781699,0.6931471805599453,5.158480421360237,1,At Risk Customers,0
14696.0,4,7,2078.95,1.6094379124341003,2.0794415416798357,7.640099133944896,0,Champions,1
14697.0,218,2,188.60999999999999,5.389071729816501,1.0986122886681098,5.2449693310461125,1,At Risk Customers,0
14698.0,2,5,1217.27,1.0986122886681098,1.791759469228055,7.105187098580444,0,Champions,1
14699.0,214,1,109.13000000000001,5.3706380281276624,0.6931471805599453,4.701661486176853,1,At Risk Customers,0
14700.0,32,3,2195.1,3.4965075614664802,1.3862943611198906,7.694438338933248,3,Loyal Customers,1
14701.0,11,9,2526.09,2.4849066497880004,2.302585092994046,7.834823722108157,0,Champions,1
14702.0,1,17,3251.79,0.6931471805599453,2.8903717578961645,8.087268368594886,0,Champions,1
14703.0,15,1,318.17,2.772588722239781,0.6931471805599453,5.765723876196384,2,Potential Customers,0
14704.0,11,9,1493.96,2.4849066497880004,2.302585092994046,7.309854729614,0,Champions,1
14705.0,199,1,179.0,5.298317366548036,0.6931471805599453,5.19295685089021,1,At Risk Customers,0
14708.0,3,3,1126.37,1.3862943611198906,1.3862943611198906,7.027642765394543,2,Potential Customers,1
14709.0,15,13,4921.04,2.772588722239781,2.6390573296152584,8.501478357695712,0,Champions,1
14710.0,14,4,599.48,2.70805020110221,1.6094379124341003,6.39772933538671,2,Potential Customers,0
14711.0,10,11,2839.62,2.3978952727983707,2.4849066497880004,7.951777617188277,0,Champions,1
14712.0,29,3,917.07,3.4011973816621555,1.3862943611198906,6.822273640436711,3,Loyal Customers,1
14713.0,9,11,2662.2,2.302585092994046,2.4849066497880004,7.887283686260815,0,Champions,1
14714.0,24,1,160.19,3.2188758248682006,0.6931471805599453,5.08258379340884,2,Potential Customers,0
14715.0,25,4,867.38,3.258096538021482,1.6094379124341003,6.766629406877568,3,Loyal Customers,1
14716.0,43,2,307.51,3.784189633918261,1.0986122886681098,5.73175425773095,2,Potential Customers,0
14719.0,2,5,1581.84,1.0986122886681098,1.791759469228055,7.366975980862403,0,Champions,1
14720.0,6,3,663.81,1.9459101490553132,1.3862943611198906,6.499501285546037,2,Potential Customers,0
14722.0,147,1,180.42000000000002,4.997212273764115,0.6931471805599453,5.2008147851867985,1,At Risk Customers,0
14723.0,10,6,1122.3600000000001,2.3978952727983707,1.9459101490553132,7.024079473268939,0,Champions,1
14725.0,25,1,655.58,3.258096538021482,0.6931471805599453,6.487044544658406,2,Potential Customers,0
14727.0,274,1,268.58,5.616771097666572,0.6931471805599453,5.596865192310124,1,At Risk Customers,0
14729.0,374,1,313.49,5.926926025970411,0.6931471805599453,5.750952279132591,1,At Risk Customers,0
14730.0,1,8,1897.57,0.6931471805599453,2.1972245773362196,7.548856250206247,0,Champions,1
14731.0,47,3,380.02,3.871201010907891,1.3862943611198906,5.942851867187289,2,Potential Customers,0
14732.0,8,8,2702.4900000000002,2.1972245773362196,2.1972245773362196,7.902298809906397,0,Champions,1
14733.0,16,12,9585.91,2.833213344056216,2.5649493574615367,9.168153905320404,0,Champions,1
14735.0,4,32,6065.69,1.6094379124341003,3.4965075614664802,8.710568430543226,0,Champions,1
14737.0,4,3,1164.55,1.6094379124341003,1.3862943611198906,7.060948357598531,2,Potential Customers,1
14738.0,43,7,1314.45,3.784189633918261,2.0794415416798357,7.181934091396172,3,Loyal Customers,1
14739.0,4,7,3902.28,1.6094379124341003,2.0794415416798357,8.269572504294867,0,Champions,1
14740.0,197,3,1448.21,5.288267030694535,1.3862943611198906,7.278773859355933,3,Loyal Customers,1
14741.0,12,6,1400.34,2.5649493574615367,1.9459101490553132,7.245184200691345,0,Champions,1
14744.0,16,7,1099.98,2.833213344056216,2.0794415416798357,7.00395597125342,3,Loyal Customers,1
14745.0,113,5,1220.26,4.736198448394496,1.791759469228055,7.107638391655096,3,Loyal Customers,1
14747.0,249,1,328.2,5.521460917862246,0.6931471805599453,5.796665468802915,1,At Risk Customers,0
14748.0,29,5,1415.75,3.4011973816621555,1.791759469228055,7.256120795049728,3,Loyal Customers,1
14752.0,44,1,389.64,3.8066624897703196,0.6931471805599453,5.967786419753405,1,At Risk Customers,0
14753.0,87,1,563.15,4.477336814478207,0.6931471805599453,6.335320173584455,1,At Risk Customers,0
14754.0,45,2,638.05,3.828641396489095,1.0986122886681098,6.459982698577723,2,Potential Customers,0
14755.0,10,11,5010.28,2.3978952727983707,2.4849066497880004,8.519446650469105,0,Champions,1
14756.0,15,1,738.96,2.772588722239781,0.6931471805599453,6.606596130683188,2,Potential Customers,1
14757.0,75,1,420.5,4.330733340286331,0.6931471805599453,6.04381977744191,1,At Risk Customers,0
14758.0,145,4,1484.06,4.983606621708336,1.6094379124341003,7.303210454460983,3,Loyal Customers,1
14759.0,5,3,1625.97,1.791759469228055,1.3862943611198906,7.394474668204541,2,Potential Customers,1
14760.0,297,1,89.2,5.697093486505405,0.6931471805599453,4.502029427068578,1,At Risk Customers,0
14761.0,59,2,255.9,4.0943445622221,1.0986122886681098,5.548686904115838,1,At Risk Customers,0
14762.0,264,1,300.52,5.579729825986222,0.6931471805599453,5.70883634895888,1,At Risk Customers,0
14764.0,47,1,278.3,3.871201010907891,0.6931471805599453,5.632286472951131,1,At Risk Customers,0
14765.0,29,3,254.11,3.4011973816621555,1.3862943611198906,5.541694824693056,2,Potential Customers,0
14766.0,8,6,2473.37,2.1972245773362196,1.9459101490553132,7.813741097146052,0,Champions,1
14768.0,17,2,192.60000000000002,2.8903717578961645,1.0986122886681098,5.265794174842477,2,Potential Customers,0
14769.0,3,8,10416.98,1.3862943611198906,2.1972245773362196,9.251288438549023,0,Champions,1
14770.0,232,2,876.42,5.4510384535657,1.0986122886681098,6.7769857830927895,1,At Risk Customers,1
14772.0,112,1,139.26,4.727387818712341,0.6931471805599453,4.943497843108764,1,At Risk Customers,0
14775.0,58,3,1011.9,4.07753744390572,1.3862943611198906,6.9205727826927514,3,Loyal Customers,1
14776.0,51,11,2538.3,3.9512437185814275,2.4849066497880004,7.839643731479347,0,Champions,1
14778.0,127,2,730.86,4.852030263919617,1.0986122886681098,6.595589238838791,1,At Risk Customers,1
14779.0,281,3,386.15,5.641907070938114,1.3862943611198906,5.958812214832733,1,At Risk Customers,0
14780.0,55,2,447.68,4.02535169073515,1.0986122886681098,6.106309938777023,1,At Risk Customers,0
14782.0,320,1,200.10000000000002,5.771441123130016,0.6931471805599453,5.303802296778606,1,At Risk Customers,0
14784.0,26,2,289.99,3.295836866004329,1.0986122886681098,5.673288902319859,2,Potential Customers,0
14785.0,10,2,77.4,2.3978952727983707,1.0986122886681098,4.361823927356363,2,Potential Customers,0
14788.0,7,2,679.4399999999999,2.0794415416798357,1.0986122886681098,6.522739647741382,2,Potential Customers,1
14789.0,29,1,197.64,3.4011973816621555,0.6931471805599453,5.2914941411999115,2,Potential Customers,0
14790.0,17,4,745.06,2.8903717578961645,1.6094379124341003,6.61480602592395,2,Potential Customers,1
14792.0,64,1,6.2,4.174387269895637,0.6931471805599453,1.9740810260220096,1,At Risk Customers,0
14793.0,21,1,228.99,3.091042453358316,0.6931471805599453,5.438035829717119,2,Potential Customers,0
14794.0,3,7,1319.91,1.3862943611198906,2.0794415416798357,7.186076171996967,0,Champions,1
14795.0,166,1,131.45000000000002,5.117993812416755,0.6931471805599453,4.886205215718078,1,At Risk Customers,0
14796.0,1,17,7975.49,0.6931471805599453,2.8903717578961645,8.984253744057574,0,Champions,1
14798.0,53,3,173.74,3.9889840465642745,1.3862943611198906,5.163299154869948,1,At Risk Customers,0
14799.0,51,1,157.7,3.9512437185814275,0.6931471805599453,5.0670156275323635,1,At Risk Customers,0
14800.0,48,12,4331.79,3.8918202981106265,2.5649493574615367,8.373966955298872,0,Champions,1
14801.0,61,1,189.34,4.127134385045092,0.6931471805599453,5.248811946644198,1,At Risk Customers,0
14803.0,162,3,845.55,5.093750200806762,1.3862943611198906,6.741169266574241,3,Loyal Customers,1
14804.0,9,1,353.27,2.302585092994046,0.6931471805599453,5.8700593342813,2,Potential Customers,0
14805.0,15,4,546.4,2.772588722239781,1.6094379124341003,6.305179796606579,2,Potential Customers,0
14806.0,75,1,193.39000000000001,4.330733340286331,0.6931471805599453,5.269866450374021,1,At Risk Customers,0
14808.0,40,8,2718.6,3.713572066704308,2.1972245773362196,7.908240089652304,3,Loyal Customers,1
14810.0,41,11,2085.33,3.7376696182833684,2.4849066497880004,7.643161820556003,0,Champions,1
14813.0,370,2,152.88,5.916202062607435,1.0986122886681098,5.0361730778840945,1,At Risk Customers,0
14815.0,37,2,778.5,3.6375861597263857,1.0986122886681098,6.658652688497831,2,Potential Customers,1
14816.0,197,1,271.85,5.288267030694535,0.6931471805599453,5.608922193632241,1,At Risk Customers,0
14817.0,200,2,1110.34,5.303304908059076,1.0986122886681098,7.0133217734248765,3,Loyal Customers,1
14818.0,74,3,657.8,4.31748811353631,1.3862943611198906,6.490419998303485,3,Loyal Customers,0
14819.0,64,2,272.07,4.174387269895637,1.0986122886681098,5.609728172573878,1,At Risk Customers,0
14820.0,21,4,507.29,3.091042453358316,1.6094379124341003,6.231052150838124,2,Potential Customers,0
14821.0,367,1,48.800000000000004,5.908082938168931,0.6931471805599453,3.9080149840306073,1,At Risk Customers,0
14823.0,180,3,321.43,5.198497031265826,1.3862943611198906,5.775886058412575,1,At Risk Customers,0
14824.0,10,4,1127.71,2.3978952727983707,1.6094379124341003,7.028830666672488,2,Potential Customers,1
14825.0,4,12,2221.01,1.6094379124341003,2.5649493574615367,7.706167470639493,0,Champions,1
14828.0,197,3,2139.76,5.288267030694535,1.3862943611198906,7.668916185155464,3,Loyal Customers,1
14829.0,29,4,697.55,3.4011973816621555,1.6094379124341003,6.549006758096496,3,Loyal Customers,1
14830.0,53,1,188.88,3.9889840465642745,0.6931471805599453,5.246392293683117,1,At Risk Customers,0
14834.0,18,6,1720.3,2.9444389791664403,1.9459101490553132,7.4508350982774605,3,Loyal Customers,1
14836.0,10,3,102.44999999999999,2.3978952727983707,1.3862943611198906,4.639088404191552,2,Potential Customers,0
14837.0,90,4,1649.5,4.51085950651685,1.6094379124341003,7.408833551293248,3,Loyal Customers,1
14840.0,268,1,62.85,5.594711379601839,0.6931471805599453,4.156536582478548,1,At Risk Customers,0
14841.0,53,6,3295.76,3.9889840465642745,1.9459101490553132,8.10069544697357,3,Loyal Customers,1
14842.0,44,4,2824.69,3.8066624897703196,1.6094379124341003,7.946507861544517,3,Loyal Customers,1
14844.0,64,4,3189.81,4.174387269895637,1.6094379124341003,8.068030082042343,3,Loyal Customers,1
14847.0,149,1,309.4,5.0106352940962555,0.6931471805599453,5.737861788309064,1,At Risk Customers,0
14849.0,22,25,7930.54,3.1354942159291497,3.258096538021482,8.978602495018041,0,Champions,1
14850.0,312,1,325.75,5.746203190540153,0.6931471805599453,5.789195352504331,1,At Risk Customers,0
14851.0,23,2,511.35,3.1780538303479458,1.0986122886681098,6.239007985245727,2,Potential Customers,0
14852.0,58,6,2836.69,4.07753744390572,1.9459101490553132,7.950745619900337,3,Loyal Customers,1
14853.0,24,2,475.8,3.2188758248682006,1.0986122886681098,6.16709711575114,2,Potential Customers,0
14854.0,78,7,2740.03,4.3694478524670215,2.0794415416798357,7.916089041153508,3,Loyal Customers,1
14855.0,119,2,645.65,4.787491742782046,1.0986122886681098,6.471805189861254,1,At Risk Customers,0
14856.0,36,3,1290.53,3.6109179126442243,1.3862943611198906,7.163582841069827,3,Loyal Customers,1
14857.0,60,2,1173.12,4.110873864173311,1.0986122886681098,7.068274209815247,3,Loyal Customers,1
14859.0,13,4,1353.74,2.6390573296152584,1.6094379124341003,7.211364832983292,3,Loyal Customers,1
14860.0,19,1,170.32,2.995732273553991,0.6931471805599453,5.14353315274717,2,Potential Customers,0
14861.0,52,1,125.79,3.970291913552122,0.6931471805599453,4.842532174539857,1,At Risk Customers,0
14862.0,26,2,841.1999999999999,3.295836866004329,1.0986122886681098,6.736017515727827,2,Potential Customers,1
14863.0,29,1,266.76,3.4011973816621555,0.6931471805599453,5.590091056903071,2,Potential Customers,0
14865.0,7,2,52.2,2.0794415416798357,1.0986122886681098,3.9740583963475986,2,Potential Customers,0
14866.0,11,12,14389.9,2.4849066497880004,2.5649493574615367,9.574351341358595,0,Champions,1
14867.0,186,3,710.28,5.231108616854587,1.3862943611198906,6.567066163812884,3,Loyal Customers,1
14868.0,3,8,2953.59,1.3862943611198906,2.1972245773362196,7.99111517232888,0,Champions,1
14869.0,9,2,721.45,2.302585092994046,1.0986122886681098,6.5826482134396205,2,Potential Customers,1
14870.0,262,1,327.25,5.572154032177765,0.6931471805599453,5.793775513182905,1,At Risk Customers,0
14871.0,3,4,501.28000000000003,1.3862943611198906,1.6094379124341003,6.219157733120763,2,Potential Customers,0
14873.0,210,1,519.68,5.351858133476067,0.6931471805599453,6.25513564959826,1,At Risk Customers,0
14875.0,108,2,1465.3200000000002,4.6913478822291435,1.0986122886681098,7.290511139663592,3,Loyal Customers,1
14878.0,13,9,1476.09,2.6390573296152584,2.302585092994046,7.297829215001296,0,Champions,1
14880.0,77,3,690.59,4.356708826689592,1.3862943611198906,6.5389932944796145,3,Loyal Customers,1
14881.0,20,1,255.4,3.044522437723423,0.6931471805599453,5.546738725046515,2,Potential Customers,0
14882.0,27,2,589.7,3.332204510175204,1.0986122886681098,6.38130827431319,2,Potential Customers,0
14883.0,19,6,761.59,2.995732273553991,1.9459101490553132,6.636720534303131,3,Loyal Customers,1
14885.0,132,1,765.3199999999999,4.890349128221754,0.6931471805599453,6.6415998370746365,1,At Risk Customers,1
14886.0,253,1,364.8,5.537334267018537,0.6931471805599453,5.9020867359567655,1,At Risk Customers,0
14887.0,79,1,1862.0,4.382026634673881,0.6931471805599453,7.529943370601589,3,Loyal Customers,1
14888.0,207,1,369.2,5.337538079701318,0.6931471805599453,5.914043400139397,1,At Risk Customers,0
14889.0,336,1,135.9,5.820082930352362,0.6931471805599453,4.919250732294404,1,At Risk Customers,0
14890.0,254,1,125.65,5.541263545158426,0.6931471805599453,4.841427376447684,1,At Risk Customers,0
14891.0,148,2,554.38,5.003946305945459,1.0986122886681098,6.319652564141498,1,At Risk Customers,0
14893.0,10,2,1237.8500000000001,2.3978952727983707,1.0986122886681098,7.121938808924836,2,Potential Customers,1
14894.0,85,1,655.75,4.454347296253507,0.6931471805599453,6.4873034285656495,1,At Risk Customers,0
14895.0,8,20,11138.710000000001,2.1972245773362196,3.044522437723423,9.31827148082645,0,Champions,1
14896.0,205,2,468.77000000000004,5.327876168789581,1.0986122886681098,6.152243213225462,1,At Risk Customers,0
14897.0,8,4,1366.38,2.1972245773362196,1.6094379124341003,7.220651779074644,2,Potential Customers,1
14898.0,23,6,1269.31,3.1780538303479458,1.9459101490553132,7.147016244154614,3,Loyal Customers,1
14901.0,11,9,1421.29,2.4849066497880004,2.302585092994046,7.260023527685966,0,Champions,1
14902.0,26,1,332.66,3.295836866004329,0.6931471805599453,5.810122510427528,2,Potential Customers,0
14903.0,21,5,2795.33,3.091042453358316,1.791759469228055,7.936063122140283,3,Loyal Customers,1
14904.0,2,2,1025.44,1.0986122886681098,1.0986122886681098,6.933851783703411,2,Potential Customers,1
14905.0,158,2,616.15,5.0689042022202315,1.0986122886681098,6.425112106189937,1,At Risk Customers,0
14907.0,3,7,3501.1,1.3862943611198906,2.0794415416798357,8.161118067549472,0,Champions,1
14908.0,74,1,277.8,4.31748811353631,0.6931471805599453,5.630494678886369,1,At Risk Customers,0
14910.0,3,4,434.35,1.3862943611198906,1.6094379124341003,6.076150305274624,2,Potential Customers,0
14911.0,1,201,143711.17,0.6931471805599453,5.308267697401205,11.875567758808163,0,Champions,1
14912.0,17,2,867.85,2.8903717578961645,1.0986122886681098,6.767170498168263,2,Potential Customers,1
14913.0,36,4,1227.43,3.6109179126442243,1.6094379124341003,7.113492210280829,3,Loyal Customers,1
14915.0,91,2,307.48,4.5217885770490405,1.0986122886681098,5.731657011422181,1,At Risk Customers,0
14916.0,71,4,1268.98,4.276666119016055,1.6094379124341003,7.146756431297139,3,Loyal Customers,1
14918.0,116,2,1610.15,4.762173934797756,1.0986122886681098,7.384703488712166,3,Loyal Customers,1
14920.0,213,2,977.77,5.365976015021851,1.0986122886681098,6.886296681323568,1,At Risk Customers,1
14921.0,30,2,1316.07,3.4339872044851463,1.0986122886681098,7.1831648514317985,3,Loyal Customers,1
14923.0,51,1,749.1,3.9512437185814275,0.6931471805599453,6.620206530975591,1,At Risk Customers,1
14924.0,246,1,310.05,5.5093883366279774,0.6931471805599453,5.739953670961029,1,At Risk Customers,0
14929.0,32,1,223.88,3.4965075614664802,0.6931471805599453,5.415566926598276,2,Potential Customers,0
14930.0,109,3,2362.96,4.700480365792417,1.3862943611198906,7.768093457909063,3,Loyal Customers,1
14931.0,5,5,1257.68,1.791759469228055,1.791759469228055,7.137818831761513,0,Champions,1
14932.0,366,1,363.53,5.905361848054571,0.6931471805599453,5.89860885258863,1,At Risk Customers,0
14934.0,82,2,1890.94,4.418840607796598,1.0986122886681098,7.5453580366354,3,Loyal Customers,1
14935.0,297,1,1784.71,5.697093486505405,0.6931471805599453,7.487571374232199,1,At Risk Customers,1
14936.0,34,8,8137.02,3.5553480614894135,2.1972245773362196,9.004302186164907,0,Champions,1
14937.0,57,3,1621.88,4.060443010546419,1.3862943611198906,7.3919576276276855,3,Loyal Customers,1
14944.0,30,12,5900.25,3.4339872044851463,2.5649493574615367,8.682919471860496,0,Champions,1
14946.0,14,1,100.9,2.70805020110221,0.6931471805599453,4.623991940228679,2,Potential Customers,0
14947.0,72,2,290.82,4.290459441148391,1.0986122886681098,5.676137173835876,1,At Risk Customers,0
14948.0,23,6,1101.97,3.1780538303479458,1.9459101490553132,7.005761820334205,3,Loyal Customers,1
14950.0,19,1,371.2,2.995732273553991,0.6931471805599453,5.91943134420815,2,Potential Customers,0
14951.0,79,1,311.69,4.382026634673881,0.6931471805599453,5.745212284419341,1,At Risk Customers,0
14952.0,60,11,8099.49,4.110873864173311,2.4849066497880004,8.999679832658012,0,Champions,1
14953.0,25,1,285.67,3.258096538021482,0.6931471805599453,5.658331728418817,2,Potential Customers,0
14954.0,12,1,294.85,2.5649493574615367,0.6931471805599453,5.689852569122703,2,Potential Customers,0
14957.0,253,1,58.49,5.537334267018537,0.6931471805599453,4.085808231199814,1,At Risk Customers,0
14958.0,147,3,483.72999999999996,4.997212273764115,1.3862943611198906,6.183592034891002,1,At Risk Customers,0
14959.0,64,4,695.42,4.174387269895637,1.6094379124341003,6.545952926608586,3,Loyal Customers,1
14960.0,8,2,221.27,2.1972245773362196,1.0986122886681098,5.4038928590966755,2,Potential Customers,0
14961.0,11,9,7044.68,2.4849066497880004,2.302585092994046,8.860169942031078,0,Champions,1
14962.0,271,1,126.7,5.605802066295998,0.6931471805599453,4.8496837630384935,1,At Risk Customers,0
14963.0,10,5,1472.34,2.3978952727983707,1.791759469228055,7.295287211280274,3,Loyal Customers,1
14964.0,247,1,206.21,5.5134287461649825,0.6931471805599453,5.333732771768991,1,At Risk Customers,0
14965.0,96,2,596.09,4.574710978503383,1.0986122886681098,6.3920678557992385,1,At Risk Customers,0
14966.0,15,1,183.02,2.772588722239781,0.6931471805599453,5.215044447354215,2,Potential Customers,0
14967.0,50,1,463.8,3.9318256327243257,0.6931471805599453,6.141607205537701,1,At Risk Customers,0
14968.0,30,1,147.59,3.4339872044851463,0.6931471805599453,5.001190835268256,2,Potential Customers,0
14970.0,68,4,1592.06,4.23410650459726,1.6094379124341003,7.373411973984176,3,Loyal Customers,1
14971.0,35,3,1097.98,3.58351893845611,1.3862943611198906,7.002137755875882,3,Loyal Customers,1
14972.0,128,1,114.77,4.859812404361672,0.6931471805599453,4.751605464217637,1,At Risk Customers,0
14973.0,107,3,1314.45,4.68213122712422,1.3862943611198906,7.181934091396172,3,Loyal Customers,1
14974.0,37,1,89.94,3.6375861597263857,0.6931471805599453,4.510199948396864,1,At Risk Customers,0
14975.0,57,1,279.94,4.060443010546419,0.6931471805599453,5.638141123402764,1,At Risk Customers,0
14976.0,57,7,790.86,4.060443010546419,2.0794415416798357,6.674384608512411,3,Loyal Customers,1
14978.0,72,5,1921.3700000000001,4.290459441148391,1.791759469228055,7.561314078807358,3,Loyal Customers,1
14981.0,246,1,102.12,5.5093883366279774,0.6931471805599453,4.635893358630932,1,At Risk Customers,0
14984.0,19,2,202.37,2.995732273553991,1.0986122886681098,5.315026980110984,2,Potential Customers,0
14985.0,198,2,292.01,5.293304824724492,1.0986122886681098,5.680206738127495,1,At Risk Customers,0
14987.0,16,2,326.4,2.833213344056216,1.0986122886681098,5.791182664937034,2,Potential Customers,0
14988.0,212,1,334.54,5.3612921657094255,0.6931471805599453,5.8157411743422545,1,At Risk Customers,0
14995.0,39,2,231.98000000000002,3.6888794541139363,1.0986122886681098,5.450952612971631,2,Potential Customers,0
14997.0,46,3,546.1999999999999,3.8501476017100584,1.3862943611198906,6.3048143663083405,3,Loyal Customers,0
14998.0,170,2,414.87,5.14166355650266,1.0986122886681098,6.030372711422963,1,At Risk Customers,0
15000.0,48,1,490.52,3.8918202981106265,0.6931471805599453,6.197502630519253,1,At Risk Customers,0
15002.0,116,4,1641.76,4.762173934797756,1.6094379124341003,7.404133033112973,3,Loyal Customers,1
15004.0,147,1,1220.77,4.997212273764115,0.6931471805599453,7.108055905977399,1,At Risk Customers,1
15005.0,16,28,6295.37,2.833213344056216,3.367295829986474,8.74772855584191,0,Champions,1
15006.0,51,1,480.38,3.9512437185814275,0.6931471805599453,6.17665697899362,1,At Risk Customers,0
15007.0,159,1,156.91,5.075173815233827,0.6931471805599453,5.062025250478552,1,At Risk Customers,0
15009.0,12,3,1259.43,2.5649493574615367,1.3862943611198906,7.139208211567486,2,Potential Customers,1
15010.0,36,1,308.94,3.6109179126442243,0.6931471805599453,5.736378730359189,2,Potential Customers,0
15012.0,54,2,405.04,4.007333185232471,1.0986122886681098,6.00645167691623,1,At Risk Customers,0
15014.0,43,2,257.67,3.784189633918261,1.0986122886681098,5.555553118030016,2,Potential Customers,0
15016.0,173,1,170.04,5.159055299214529,0.6931471805599453,5.141897447276735,1,At Risk Customers,0
15017.0,34,1,125.58,3.5553480614894135,0.6931471805599453,4.840874519347159,1,At Risk Customers,0
15018.0,39,3,496.21000000000004,3.6888794541139363,1.3862943611198906,6.209012472065032,2,Potential Customers,0
15019.0,267,1,252.81,5.5909869805108565,0.6931471805599453,5.536585955607315,1,At Risk Customers,0
15021.0,9,9,1871.77,2.302585092994046,2.302585092994046,7.535173897253012,0,Champions,1
15022.0,12,4,852.39,2.5649493574615367,1.6094379124341003,6.749216652850701,2,Potential Customers,1
15023.0,3,11,6720.41,1.3862943611198906,2.4849066497880004,8.81305323293633,0,Champions,1
15024.0,10,10,1636.43,2.3978952727983707,2.3978952727983707,7.400883218504078,0,Champions,1
15025.0,33,1,361.96,3.5263605246161616,0.6931471805599453,5.894292635355709,2,Potential Customers,0
15026.0,80,3,469.0,4.394449154672439,1.3862943611198906,6.152732694704104,3,Loyal Customers,0
15027.0,31,4,1066.1499999999999,3.4657359027997265,1.6094379124341003,6.972746822489577,3,Loyal Customers,1
15028.0,8,4,627.13,2.1972245773362196,1.6094379124341003,6.442747151414763,2,Potential Customers,0
15030.0,72,2,518.28,4.290459441148391,1.0986122886681098,6.252443236725213,1,At Risk Customers,0
15031.0,4,4,653.19,1.6094379124341003,1.6094379124341003,6.483397829142147,2,Potential Customers,0
15032.0,256,3,4959.1,5.54907608489522,1.3862943611198906,8.50918118080606,3,Loyal Customers,1
15033.0,5,10,2557.18,1.791759469228055,2.3978952727983707,7.847051347137703,0,Champions,1
15034.0,16,8,4274.16,2.833213344056216,2.1972245773362196,8.360576807571077,0,Champions,1
15035.0,90,1,252.73000000000002,4.51085950651685,0.6931471805599453,5.536270709515726,1,At Risk Customers,0
15036.0,72,3,429.56,4.290459441148391,1.3862943611198906,6.065086686978596,3,Loyal Customers,0
15038.0,59,6,685.74,4.0943445622221,1.9459101490553132,6.531955763529723,3,Loyal Customers,1
15039.0,10,47,19766.59,2.3978952727983707,3.871201010907891,9.891799006862502,0,Champions,1
15041.0,170,1,179.93,5.14166355650266,0.6931471805599453,5.198110216131005,1,At Risk Customers,0
15042.0,199,1,135.93,5.298317366548036,0.6931471805599453,4.919469846344143,1,At Risk Customers,0
15043.0,31,1,537.0,3.4657359027997265,0.6931471805599453,6.2878585601617845,2,Potential Customers,0
15044.0,19,17,7634.7300000000005,2.995732273553991,2.8903717578961645,8.94059382539389,0,Champions,1
15045.0,152,2,735.66,5.030437921392435,1.0986122886681098,6.602126456028984,1,At Risk Customers,1
15046.0,9,15,5090.42,2.302585092994046,2.772588722239781,8.535312049026333,0,Champions,1
15047.0,270,1,343.62,5.602118820879701,0.6931471805599453,5.842442360714953,1,At Risk Customers,0
15048.0,65,4,381.0,4.189654742026425,1.6094379124341003,5.945420608606575,3,Loyal Customers,0
15049.0,274,1,121.17000000000002,5.616771097666572,0.6931471805599453,4.8054135174159684,1,At Risk Customers,0
15050.0,25,3,1737.69,3.258096538021482,1.3862943611198906,7.460887235093727,3,Loyal Customers,1
15051.0,23,3,1383.3600000000001,3.1780538303479458,1.3862943611198906,7.232993217960352,3,Loyal Customers,1
15052.0,319,1,207.73000000000002,5.768320995793772,0.6931471805599453,5.341041550757815,1,At Risk Customers,0
15053.0,5,3,693.95,1.791759469228055,1.3862943611198906,6.5438399005307675,2,Potential Customers,1
15054.0,12,2,302.1,2.5649493574615367,1.0986122886681098,5.714062784063757,2,Potential Customers,0
15057.0,275,2,1489.5,5.62040086571715,1.0986122886681098,7.306866913118126,3,Loyal Customers,1
15058.0,25,11,2102.54,3.258096538021482,2.4849066497880004,7.651376918775613,0,Champions,1
15059.0,41,9,1337.72,3.7376696182833684,2.302585092994046,7.199469212547289,3,Loyal Customers,1
15060.0,8,4,294.25,2.1972245773362196,1.6094379124341003,5.687822455077471,2,Potential Customers,0
15061.0,4,48,54534.14,1.6094379124341003,3.8918202981106265,10.906600543518254,0,Champions,1
15062.0,71,4,987.86,4.276666119016055,1.6094379124341003,6.896552764474143,3,Loyal Customers,1
15063.0,213,1,370.79999999999995,5.365976015021851,0.6931471805599453,5.918356075287344,1,At Risk Customers,0
15065.0,38,4,3158.13,3.6635616461296463,1.6094379124341003,8.058051952218728,3,Loyal Customers,1
15066.0,53,1,893.59,3.9889840465642745,0.6931471805599453,6.796365512756079,1,At Risk Customers,1
15067.0,78,3,1744.76,4.3694478524670215,1.3862943611198906,7.464945269906789,3,Loyal Customers,1
15068.0,46,2,553.36,3.8501476017100584,1.0986122886681098,6.317814295200602,2,Potential Customers,0
15069.0,179,1,1109.53,5.19295685089021,0.6931471805599453,7.012592657827759,1,At Risk Customers,1
15070.0,373,1,106.2,5.924255797414532,0.6931471805599453,4.674696248636701,1,At Risk Customers,0
15071.0,94,2,982.07,4.553876891600541,1.0986122886681098,6.890680328191671,3,Loyal Customers,1
15073.0,10,3,1043.41,2.3978952727983707,1.3862943611198906,6.951207411654662,2,Potential Customers,1
15074.0,105,1,735.67,4.663439094112067,0.6931471805599453,6.60214003072033,1,At Risk Customers,1
15075.0,78,1,773.03,4.3694478524670215,0.6931471805599453,6.651610632528512,1,At Risk Customers,1
15076.0,173,1,880.85,5.159055299214529,0.6931471805599453,6.782021973516374,1,At Risk Customers,1
15078.0,7,32,9743.11,2.0794415416798357,3.4965075614664802,9.184418278884316,0,Champions,1
15079.0,213,4,895.61,5.365976015021851,1.6094379124341003,6.798620984904737,3,Loyal Customers,1
15081.0,22,5,504.8,3.1354942159291497,1.791759469228055,6.226141334235865,2,Potential Customers,0
15083.0,257,1,88.2,5.552959584921617,0.6931471805599453,4.490881039585964,1,At Risk Customers,0
15087.0,282,1,306.94,5.645446897643238,0.6931471805599453,5.7299049588017725,1,At Risk Customers,0
15088.0,21,2,1160.07,3.091042453358316,1.0986122886681098,7.057097272731341,2,Potential Customers,1
15089.0,10,6,2420.84,2.3978952727983707,1.9459101490553132,7.7922828608243835,0,Champions,1
15090.0,308,1,381.32,5.733341276897746,0.6931471805599453,5.946257954269902,1,At Risk Customers,0
15091.0,68,1,480.71,4.23410650459726,0.6931471805599453,6.177342273229703,1,At Risk Customers,0
15092.0,215,2,457.81,5.375278407684165,1.0986122886681098,6.1286361810072245,1,At Risk Customers,0
15093.0,18,6,4597.02,2.9444389791664403,1.9459101490553132,8.433381055030935,0,Champions,1
15095.0,104,4,1370.6,4.653960350157523,1.6094379124341003,7.223733220588765,3,Loyal Customers,1
15096.0,43,1,219.39000000000001,3.784189633918261,0.6931471805599453,5.3953987041986,1,At Risk Customers,0
15097.0,4,1,248.08,1.6094379124341003,0.6931471805599453,5.517774130004251,2,Potential Customers,0
15098.0,182,3,39916.5,5.209486152841421,1.3862943611198906,10.594570103213856,3,Loyal Customers,1
15099.0,84,1,410.48,4.442651256490317,0.6931471805599453,6.019760416262829,1,At Risk Customers,0
15100.0,334,3,876.0,5.814130531825066,1.3862943611198906,6.776506992372183,1,At Risk Customers,1
15101.0,9,2,317.53,2.302585092994046,1.0986122886681098,5.763716662099238,2,Potential Customers,0
15103.0,31,2,703.36,3.4657359027997265,1.0986122886681098,6.557289589092577,2,Potential Customers,1
15104.0,197,2,993.54,5.288267030694535,1.0986122886681098,6.902280318701867,1,At Risk Customers,1
15105.0,18,7,2298.93,2.9444389791664403,2.0794415416798357,7.740633966671485,0,Champions,1
15106.0,18,5,1422.52,2.9444389791664403,1.791759469228055,7.2608879564964575,3,Loyal Customers,1
15107.0,311,6,319.5,5.7430031878094825,1.9459101490553132,5.7698822763607245,1,At Risk Customers,0
15108.0,142,4,1300.25,4.962844630259907,1.6094379124341003,7.171080619929179,3,Loyal Customers,1
15109.0,246,1,484.95,5.5093883366279774,0.6931471805599453,6.18610573794948,1,At Risk Customers,0
15110.0,24,4,996.1,3.2188758248682006,1.6094379124341003,6.904851065834747,3,Loyal Customers,1
15111.0,29,3,1567.48,3.4011973816621555,1.3862943611198906,7.357862276513416,3,Loyal Customers,1
15113.0,10,3,3509.43,2.3978952727983707,1.3862943611198906,8.163493816079034,3,Loyal Customers,1
15114.0,30,10,2760.56,3.4339872044851463,2.3978952727983707,7.923551016427315,0,Champions,1
15115.0,18,1,340.11,2.9444389791664403,0.6931471805599453,5.832205005910728,2,Potential Customers,0
15116.0,18,4,1352.75,2.9444389791664403,1.6094379124341003,7.2106337983152,3,Loyal Customers,1
15117.0,15,5,1551.78,2.772588722239781,1.791759469228055,7.347802151813069,3,Loyal Customers,1
15118.0,134,1,244.8,4.90527477843843,0.6931471805599453,5.504518197131935,1,At Risk Customers,0
15119.0,246,1,266.4,5.5093883366279774,0.6931471805599453,5.588745664667843,1,At Risk Customers,0
15120.0,134,1,358.82,4.90527477843843,0.6931471805599453,5.885603906408473,1,At Risk Customers,0
15121.0,50,2,457.72,3.9318256327243257,1.0986122886681098,6.12844000213506,2,Potential Customers,0
15122.0,114,3,1633.78,4.74493212836325,1.3862943611198906,7.399263517702882,3,Loyal Customers,1
15123.0,7,2,2199.31,2.0794415416798357,1.0986122886681098,7.696353538510563,2,Potential Customers,1
15124.0,23,2,184.19,3.1780538303479458,1.0986122886681098,5.221382325073914,2,Potential Customers,0
15125.0,25,15,11528.48,3.258096538021482,2.772588722239781,9.35266251250627,0,Champions,1
15127.0,66,1,406.53,4.204692619390966,0.6931471805599453,6.010114549603027,1,At Risk Customers,0
15128.0,60,4,1471.0,4.110873864173311,1.6094379124341003,7.294377299288821,3,Loyal Customers,1
15129.0,50,11,3447.4,3.9318256327243257,2.4849066497880004,8.14566563433577,0,Champions,1
15130.0,170,1,330.11,5.14166355650266,0.6931471805599453,5.802450646452902,1,At Risk Customers,0
15132.0,18,5,977.9300000000001,2.9444389791664403,1.791759469228055,6.886460138441978,3,Loyal Customers,1
15133.0,128,3,982.42,4.859812404361672,1.3862943611198906,6.891036292375263,3,Loyal Customers,1
15134.0,15,8,1387.99,2.772588722239781,2.1972245773362196,7.236332143304382,0,Champions,1
15135.0,239,1,139.05,5.480638923341991,0.6931471805599453,4.941999501706118,1,At Risk Customers,0
15136.0,3,4,1286.7,1.3862943611198906,1.6094379124341003,7.160612960279738,2,Potential Customers,1
15139.0,240,2,178.96,5.484796933490655,1.0986122886681098,5.192734603972972,1,At Risk Customers,0
15140.0,52,7,2354.25,3.970291913552122,2.0794415416798357,7.764402157928777,3,Loyal Customers,1
15142.0,46,1,498.74,3.8501476017100584,0.6931471805599453,6.214087963175304,1,At Risk Customers,0
15143.0,226,1,259.45,5.424950017481403,0.6931471805599453,5.562410904191201,1,At Risk Customers,0
15144.0,8,17,6580.44,2.1972245773362196,2.8903717578961645,8.792008845361094,0,Champions,1
15145.0,4,4,1194.73,1.6094379124341003,1.6094379124341003,7.0865121565162825,2,Potential Customers,1
15146.0,165,2,1327.16,5.111987788356544,1.0986122886681098,7.1915498047067254,3,Loyal Customers,1
15147.0,240,1,623.5,5.484796933490655,0.6931471805599453,6.436951329565632,1,At Risk Customers,0
15148.0,11,1,301.29,2.4849066497880004,0.6931471805599453,5.711386821516136,2,Potential Customers,0
15149.0,134,1,520.8000000000001,4.90527477843843,0.6931471805599453,6.257284372702628,1,At Risk Customers,0
15150.0,17,10,5291.33,2.8903717578961645,2.3978952727983707,8.574013881567295,0,Champions,1
15152.0,10,13,4745.69,2.3978952727983707,2.6390573296152584,8.465202812016113,0,Champions,1
15153.0,31,1,329.25,3.4657359027997265,0.6931471805599453,5.799849943402434,2,Potential Customers,0
15154.0,75,1,254.28,4.330733340286331,0.6931471805599453,5.542360981969988,1,At Risk Customers,0
15156.0,1,3,961.49,0.6931471805599453,1.3862943611198906,6.869523676497577,2,Potential Customers,1
15157.0,4,3,1936.07,1.6094379124341003,1.3862943611198906,7.568931801112307,2,Potential Customers,1
15158.0,45,1,401.40000000000003,3.828641396489095,0.6931471805599453,5.9974466187855295,1,At Risk Customers,0
15159.0,2,30,18641.010000000002,1.0986122886681098,3.4339872044851463,9.83317291504409,0,Champions,1
15160.0,357,1,158.16,5.8805329864007,0.6931471805599453,5.069909985558728,1,At Risk Customers,0
15163.0,18,2,304.47,2.9444389791664403,1.0986122886681098,5.721851574117079,2,Potential Customers,0
15164.0,69,3,824.58,4.248495242049359,1.3862943611198906,6.716086169627672,3,Loyal Customers,1
15165.0,373,1,487.75,5.924255797414532,0.6931471805599453,6.1918511112995755,1,At Risk Customers,0
15167.0,321,1,158.8,5.7745515455444085,0.6931471805599453,5.073923033332174,1,At Risk Customers,0
15168.0,26,1,106.56,3.295836866004329,0.6931471805599453,4.678048831400664,2,Potential Customers,0
15171.0,331,1,1289.5,5.805134968916488,0.6931471805599453,7.162785019158669,1,At Risk Customers,1
15172.0,9,5,1624.05,2.302585092994046,1.791759469228055,7.393293863521244,0,Champions,1
15174.0,323,1,135.75,5.780743515792329,0.6931471805599453,4.91815444130209,1,At Risk Customers,0
15175.0,72,1,224.14,4.290459441148391,0.6931471805599453,5.416722430926658,1,At Risk Customers,0
15178.0,260,1,40.5,5.564520407322694,0.6931471805599453,3.7256934272366524,1,At Risk Customers,0
15179.0,18,5,2206.95,2.9444389791664403,1.791759469228055,7.69981976221305,3,Loyal Customers,1
15180.0,367,1,87.5,5.908082938168931,0.6931471805599453,4.483002552013883,1,At Risk Customers,0
15181.0,66,3,689.4799999999999,4.204692619390966,1.3862943611198906,6.537387007911402,3,Loyal Customers,1
15182.0,154,2,622.85,5.043425116919247,1.0986122886681098,6.43590995485703,1,At Risk Customers,0
15184.0,29,2,402.2,3.4011973816621555,1.0986122886681098,5.999432716757159,2,Potential Customers,0
15185.0,70,1,310.62,4.2626798770413155,0.6931471805599453,5.741784496789209,1,At Risk Customers,0
15186.0,14,2,411.41,2.70805020110221,1.0986122886681098,6.022018000151438,2,Potential Customers,0
15187.0,2,16,4777.18,1.0986122886681098,2.833213344056216,8.471814999842545,0,Champions,1
15189.0,1,41,16225.39,0.6931471805599453,3.7376696182833684,9.694394208164745,0,Champions,1
15192.0,120,3,1044.32,4.795790545596741,1.3862943611198906,6.952078337618801,3,Loyal Customers,1
15193.0,61,1,499.32,4.127134385045092,0.6931471805599453,6.215247893709531,1,At Risk Customers,0
15194.0,3,15,7616.53,1.3862943611198906,2.772588722239781,8.938207449152076,0,Champions,1
15195.0,3,1,3861.0,1.3862943611198906,0.6931471805599453,8.258940462988459,2,Potential Customers,1
15197.0,11,3,1079.6100000000001,2.4849066497880004,1.3862943611198906,6.985280975485229,2,Potential Customers,1
15198.0,92,2,193.64,4.532599493153256,1.0986122886681098,5.2711516984752675,1,At Risk Customers,0
15199.0,59,4,1268.7,4.0943445622221,1.6094379124341003,7.1465359310757455,3,Loyal Customers,1
15201.0,87,5,1236.54,4.477336814478207,1.791759469228055,7.120880817152784,3,Loyal Customers,1
15203.0,26,6,1827.8,3.295836866004329,1.9459101490553132,7.511415293040546,3,Loyal Customers,1
15204.0,357,1,316.58,5.8805329864007,0.6931471805599453,5.760729755097951,1,At Risk Customers,0
15205.0,85,2,653.24,4.454347296253507,1.0986122886681098,6.483474256616332,1,At Risk Customers,0
15206.0,10,4,420.29999999999995,2.3978952727983707,1.6094379124341003,6.04334516898497,2,Potential Customers,0
15208.0,1,5,870.12,0.6931471805599453,1.791759469228055,6.769779740037806,2,Potential Customers,1
15210.0,225,1,331.18,5.420534999272286,0.6931471805599453,5.805676990670853,1,At Risk Customers,0
15211.0,60,2,894.4100000000001,4.110873864173311,1.0986122886681098,6.797281713937488,3,Loyal Customers,1
15212.0,241,1,101.8,5.488937726156687,0.6931471805599453,4.632785353021065,1,At Risk Customers,0
15213.0,319,2,328.35,5.768320995793772,1.0986122886681098,5.797121015086702,1,At Risk Customers,0
15214.0,2,8,1661.44,1.0986122886681098,2.1972245773362196,7.416041681653177,0,Champions,1
15215.0,47,3,734.94,3.871201010907891,1.3862943611198906,6.601148593666668,3,Loyal Customers,1
15216.0,88,1,96.6,4.48863636973214,0.6931471805599453,4.580877493419047,1,At Risk Customers,0
15218.0,11,11,5756.89,2.4849066497880004,2.4849066497880004,8.658326367134135,0,Champions,1
15219.0,176,1,305.75,5.176149732573829,0.6931471805599453,5.7260330835910205,1,At Risk Customers,0
15220.0,52,6,1778.96,3.970291913552122,1.9459101490553132,7.484346171123521,3,Loyal Customers,1
15221.0,366,1,403.25,5.905361848054571,0.6931471805599453,6.002033498457216,1,At Risk Customers,0
15222.0,319,1,585.0,5.768320995793772,0.6931471805599453,6.373319789577012,1,At Risk Customers,0
15223.0,226,2,755.75,5.424950017481403,1.0986122886681098,6.629032947901828,1,At Risk Customers,1
15224.0,358,2,322.08,5.883322388488279,1.0986122886681098,5.777899970574095,1,At Risk Customers,0
15225.0,234,1,409.40000000000003,5.459585514144159,0.6931471805599453,6.01713229385656,1,At Risk Customers,0
15226.0,311,1,154.41,5.7430031878094825,0.6931471805599453,5.04606678592752,1,At Risk Customers,0
15227.0,37,5,1219.4,3.6375861597263857,1.791759469228055,7.106933952842515,3,Loyal Customers,1
15228.0,66,4,3386.71,4.204692619390966,1.6094379124341003,8.127909455886419,3,Loyal Customers,1
15230.0,239,2,429.6,5.480638923341991,1.0986122886681098,6.065179584930263,1,At Risk Customers,0
15232.0,113,2,612.06,4.736198448394496,1.0986122886681098,6.418462810428566,1,At Risk Customers,0
15234.0,277,1,197.0,5.627621113690637,0.6931471805599453,5.288267030694535,1,At Risk Customers,0
15235.0,218,12,2247.51,5.389071729816501,2.5649493574615367,7.718023053610256,3,Loyal Customers,1
15236.0,299,1,321.05,5.703782474656201,0.6931471805599453,5.7747068129929,1,At Risk Customers,0
15237.0,2,4,1412.32,1.0986122886681098,1.6094379124341003,7.253696825551129,2,Potential Customers,1
15238.0,29,3,1071.99,3.4011973816621555,1.3862943611198906,6.978204422922778,3,Loyal Customers,1
15239.0,10,2,780.59,2.3978952727983707,1.0986122886681098,6.661330306378558,2,Potential Customers,1
15240.0,45,5,1706.57,3.828641396489095,1.791759469228055,7.442826586212262,3,Loyal Customers,1
15241.0,67,8,1756.44,4.219507705176107,2.1972245773362196,7.471613483699497,3,Loyal Customers,1
15243.0,74,1,316.68,4.31748811353631,0.6931471805599453,5.7610445868229965,1,At Risk Customers,0
15244.0,65,2,631.57,4.189654742026425,1.0986122886681098,6.449790886414747,3,Loyal Customers,0
15245.0,134,3,2515.84,4.90527477843843,1.3862943611198906,7.83075942537543,3,Loyal Customers,1
15246.0,238,2,514.15,5.476463551931511,1.0986122886681098,6.244458120391077,1,At Risk Customers,0
15247.0,122,1,356.0,4.812184355372417,0.6931471805599453,5.877735781779639,1,At Risk Customers,0
15249.0,32,13,6688.46,3.4965075614664802,2.6390573296152584,8.808288432375653,0,Champions,1
15251.0,9,11,10484.99,2.302585092994046,2.4849066497880004,9.257795359479534,0,Champions,1
15252.0,36,2,740.78,3.6109179126442243,1.0986122886681098,6.60905270324689,2,Potential Customers,1
15253.0,16,5,918.1999999999999,2.833213344056216,1.791759469228055,6.823503726534546,3,Loyal Customers,1
15254.0,127,1,300.36,4.852030263919617,0.6931471805599453,5.708305563383786,1,At Risk Customers,0
15255.0,67,1,890.85,4.219507705176107,0.6931471805599453,6.793297957004312,1,At Risk Customers,1
15256.0,149,1,98.45,5.0106352940962555,0.6931471805599453,4.599655005299981,1,At Risk Customers,0
15257.0,283,1,317.15,5.648974238161206,0.6931471805599453,5.762522969678801,1,At Risk Customers,0
15258.0,169,2,623.16,5.135798437050262,1.0986122886681098,6.4364067457583465,1,At Risk Customers,0
15260.0,100,7,1810.77,4.61512051684126,2.0794415416798357,7.502059546979103,3,Loyal Customers,1
15261.0,135,1,254.82,4.912654885736052,0.6931471805599453,5.544474072171247,1,At Risk Customers,0
15262.0,324,1,178.95000000000002,5.783825182329737,0.6931471805599453,5.19267903452504,1,At Risk Customers,0
15263.0,107,1,156.51,4.68213122712422,0.6931471805599453,5.059488948313644,1,At Risk Customers,0
15264.0,64,1,393.74,4.174387269895637,0.6931471805599453,5.978227320325962,1,At Risk Customers,0
15265.0,151,2,1506.1200000000001,5.0238805208462765,1.0986122886681098,7.317955823857119,3,Loyal Customers,1
15266.0,338,1,119.3,5.82600010738045,0.6931471805599453,4.789988622980633,1,At Risk Customers,0
15267.0,22,5,1717.36,3.1354942159291497,1.791759469228055,7.449125626576209,3,Loyal Customers,1
15269.0,24,1,408.8,3.2188758248682006,0.6931471805599453,6.0156692358048,2,Potential Customers,0
15270.0,16,7,2379.49,2.833213344056216,2.0794415416798357,7.775061627827598,0,Champions,1
15271.0,7,15,2493.34,2.0794415416798357,2.772588722239781,7.82177944413352,0,Champions,1
15272.0,57,2,721.94,4.060443010546419,1.0986122886681098,6.58332623116324,3,Loyal Customers,1
15274.0,4,2,716.57,1.6094379124341003,1.0986122886681098,6.5758705038506235,2,Potential Customers,1
15275.0,38,1,615.14,3.6635616461296463,0.6931471805599453,6.4234742104382585,2,Potential Customers,0
15276.0,66,1,128.63,4.204692619390966,0.6931471805599453,4.864684238611951,1,At Risk Customers,0
15277.0,47,1,255.89999999999998,3.871201010907891,0.6931471805599453,5.548686904115838,1,At Risk Customers,0
15279.0,355,1,290.51,5.87493073085203,0.6931471805599453,5.675074310519458,1,At Risk Customers,0
15280.0,172,1,113.12,5.153291594497779,0.6931471805599453,4.737250526345299,1,At Risk Customers,0
15281.0,59,9,2332.15,4.0943445622221,2.302585092994046,7.754974564853873,3,Loyal Customers,1
15286.0,50,1,240.55,3.9318256327243257,0.6931471805599453,5.4870764910004155,1,At Risk Customers,0
15287.0,22,2,486.69,3.1354942159291497,1.0986122886681098,6.189679958097341,2,Potential Customers,0
15288.0,43,5,2306.52,3.784189633918261,1.791759469228055,7.743928633728395,3,Loyal Customers,1
15289.0,29,3,939.78,3.4011973816621555,1.3862943611198906,6.846709318414996,3,Loyal Customers,1
15290.0,5,18,7943.22,1.791759469228055,2.9444389791664403,8.98019989919854,0,Champions,1
15291.0,26,15,4668.3,3.295836866004329,2.772588722239781,8.448764446494256,0,Champions,1
15292.0,201,1,178.39,5.308267697401205,0.6931471805599453,5.189562206710999,1,At Risk Customers,0
15296.0,51,6,3672.86,3.9512437185814275,1.9459101490553132,8.208998159442066,3,Loyal Customers,1
15297.0,10,3,641.94,2.3978952727983707,1.3862943611198906,6.466051407286527,2,Potential Customers,0
15298.0,2,12,4799.9,1.0986122886681098,2.5649493574615367,8.476558679320053,0,Champions,1
15299.0,67,7,4507.01,4.219507705176107,2.0794415416798357,8.413611093435822,3,Loyal Customers,1
15300.0,64,1,496.44,4.174387269895637,0.6931471805599453,6.2094749463104435,1,At Risk Customers,0
15301.0,51,12,5049.95,3.9512437185814275,2.5649493574615367,8.527331623389161,0,Champions,1
15303.0,290,1,574.02,5.673323267171493,0.6931471805599453,6.354404822801145,1,At Risk Customers,0
15304.0,61,8,694.4000000000001,4.127134385045092,2.1972245773362196,6.544487219573761,3,Loyal Customers,1
15306.0,64,3,1174.35,4.174387269895637,1.3862943611198906,7.069321254563527,3,Loyal Customers,1
15307.0,96,1,205.3,4.574710978503383,0.6931471805599453,5.329331420077207,1,At Risk Customers,0
15308.0,274,1,310.47,5.616771097666572,0.6931471805599453,5.741303025403381,1,At Risk Customers,0
15311.0,1,91,60632.75,0.6931471805599453,4.5217885770490405,11.012606947722134,0,Champions,1
15312.0,75,4,924.85,4.330733340286331,1.6094379124341003,6.830712234483825,3,Loyal Customers,1
15313.0,110,1,52.0,4.709530201312334,0.6931471805599453,3.970291913552122,1,At Risk Customers,0
15314.0,199,1,327.97,5.298317366548036,0.6931471805599453,5.795966561197395,1,At Risk Customers,0
15315.0,64,2,570.5,4.174387269895637,1.0986122886681098,6.348264483234865,1,At Risk Customers,0
15316.0,327,1,165.0,5.793013608384144,0.6931471805599453,5.111987788356544,1,At Risk Customers,0
15318.0,4,1,312.62,1.6094379124341003,0.6931471805599453,5.748182061952885,2,Potential Customers,0
15319.0,284,1,204.5,5.652489180268651,0.6931471805599453,5.32544603393629,1,At Risk Customers,0
15320.0,44,1,267.13,3.8066624897703196,0.6931471805599453,5.591471937527057,1,At Risk Customers,0
15321.0,71,3,2748.31,4.276666119016055,1.3862943611198906,7.919105250086756,3,Loyal Customers,1
15322.0,86,1,679.68,4.465908118654584,0.6931471805599453,6.523092298503236,1,At Risk Customers,1
15325.0,104,1,161.74,4.653960350157523,0.6931471805599453,5.092153835268511,1,At Risk Customers,0
15326.0,334,1,311.71,5.814130531825066,0.6931471805599453,5.74527624348556,1,At Risk Customers,0
15327.0,53,1,208.75,3.9889840465642745,0.6931471805599453,5.345916345347316,1,At Risk Customers,0
15329.0,39,3,1049.7,3.6888794541139363,1.3862943611198906,6.957211887694729,3,Loyal Customers,1
15330.0,32,2,714.96,3.4965075614664802,1.0986122886681098,6.5736242994783,2,Potential Customers,1
15332.0,366,4,1661.06,5.905361848054571,1.6094379124341003,7.415813075846797,3,Loyal Customers,1
15333.0,208,1,1028.56,5.342334251964811,0.6931471805599453,6.936886805488385,1,At Risk Customers,1
15334.0,157,3,350.82,5.062595033026967,1.3862943611198906,5.863119681170759,1,At Risk Customers,0
15335.0,54,1,170.22,4.007333185232471,0.6931471805599453,5.142949279314339,1,At Risk Customers,0
15339.0,66,2,574.07,4.204692619390966,1.0986122886681098,6.354491772518179,1,At Risk Customers,0
15341.0,81,1,2020.52,4.406719247264253,0.6931471805599453,7.611604982675218,3,Loyal Customers,1
15342.0,130,1,406.09,4.875197323201151,0.6931471805599453,6.0090342912180414,1,At Risk Customers,0
15343.0,87,1,364.5,4.477336814478207,0.6931471805599453,5.901266279189834,1,At Risk Customers,0
15344.0,1,3,563.94,0.6931471805599453,1.3862943611198906,6.3367195308171205,2,Potential Customers,0
15345.0,46,1,393.54,3.8501476017100584,0.6931471805599453,5.9777205293157225,1,At Risk Customers,0
15346.0,333,1,252.42000000000002,5.811140992976701,0.6931471805599453,5.5350481913707625,1,At Risk Customers,0
15347.0,366,1,201.60000000000002,5.905361848054571,0.6931471805599453,5.311233591814583,1,At Risk Customers,0
15348.0,72,1,158.04,4.290459441148391,0.6931471805599453,5.069155742908264,1,At Risk Customers,0
15349.0,158,2,463.90999999999997,5.0689042022202315,1.0986122886681098,6.141843838467353,1,At Risk Customers,0
15350.0,373,1,115.65,5.924255797414532,0.6931471805599453,4.759177998467439,1,At Risk Customers,0
15351.0,12,7,1934.66,2.5649493574615367,2.0794415416798357,7.568203632578843,0,Champions,1
15353.0,255,2,770.12,5.545177444479562,1.0986122886681098,6.647844003475713,1,At Risk Customers,1
15355.0,29,2,277.05,3.4011973816621555,1.0986122886681098,5.627800953633573,2,Potential Customers,0
15356.0,31,10,2718.03,3.4657359027997265,2.3978952727983707,7.908030478039789,0,Champions,1
15358.0,5,22,8347.2,1.791759469228055,3.1354942159291497,9.029801225744318,0,Champions,1
15360.0,40,1,427.93,3.713572066704308,0.6931471805599453,6.061293735451147,2,Potential Customers,0
15361.0,362,1,418.92,5.8944028342648505,0.6931471805599453,6.040064216944044,1,At Risk Customers,0
15363.0,373,1,326.0,5.924255797414532,0.6931471805599453,5.7899601708972535,1,At Risk Customers,0
15364.0,96,2,913.19,4.574710978503383,1.0986122886681098,6.818038427312331,3,Loyal Customers,1
15365.0,26,7,2314.32,3.295836866004329,2.0794415416798357,7.74730318590928,3,Loyal Customers,1
15366.0,75,2,602.51,4.330733340286331,1.0986122886681098,6.40276261040859,1,At Risk Customers,0
15367.0,57,4,1877.59,4.060443010546419,1.6094379124341003,7.538276774433291,3,Loyal Customers,1
15368.0,21,1,446.94000000000005,3.091042453358316,0.6931471805599453,6.104659294874325,2,Potential Customers,0
15370.0,41,7,2386.05,3.7376696182833684,2.0794415416798357,7.77781357291459,3,Loyal Customers,1
15372.0,137,1,2007.3999999999999,4.927253685157205,0.6931471805599453,7.605093664160551,3,Loyal Customers,1
15373.0,8,12,2415.91,2.1972245773362196,2.5649493574615367,7.79024514376692,0,Champions,1
15374.0,129,1,168.0,4.867534450455582,0.6931471805599453,5.1298987149230735,1,At Risk Customers,0
15376.0,40,3,1221.56,3.713572066704308,1.3862943611198906,7.108702299899257,3,Loyal Customers,1
15379.0,169,7,3703.29,5.135798437050262,2.0794415416798357,8.217246886437776,3,Loyal Customers,1
15380.0,9,5,1690.2600000000002,2.302585092994046,1.791759469228055,7.433229092253918,0,Champions,1
15381.0,214,2,596.85,5.3706380281276624,1.0986122886681098,6.393339886365589,1,At Risk Customers,0
15382.0,15,6,5955.71,2.772588722239781,1.9459101490553132,8.692273594221074,0,Champions,1
15384.0,170,2,642.41,5.14166355650266,1.0986122886681098,6.46678215711498,1,At Risk Customers,0
15385.0,40,1,316.88,3.713572066704308,0.6931471805599453,5.761673953071979,1,At Risk Customers,0
15386.0,186,1,394.14,5.231108616854587,0.6931471805599453,5.979240132485259,1,At Risk Customers,0
15388.0,270,1,140.54,5.602118820879701,0.6931471805599453,4.952582362647639,1,At Risk Customers,0
15389.0,172,1,500.0,5.153291594497779,0.6931471805599453,6.2166061010848646,1,At Risk Customers,0
15392.0,5,4,1535.53,1.791759469228055,1.6094379124341003,7.337281906274171,2,Potential Customers,1
15393.0,16,2,231.86,2.833213344056216,1.0986122886681098,5.45043741460887,2,Potential Customers,0
15394.0,10,4,2183.54,2.3978952727983707,1.6094379124341003,7.6891605590501255,3,Loyal Customers,1
15395.0,326,1,107.45,5.7899601708972535,0.6931471805599453,4.6862892372728835,1,At Risk Customers,0
15396.0,113,1,288.18,4.736198448394496,0.6931471805599453,5.66704933159998,1,At Risk Customers,0
15397.0,290,1,94.0,5.673323267171493,0.6931471805599453,4.553876891600541,1,At Risk Customers,0
15398.0,16,2,1345.53,2.833213344056216,1.0986122886681098,7.205286191988605,2,Potential Customers,1
15399.0,1,3,815.77,0.6931471805599453,1.3862943611198906,6.705357537478585,2,Potential Customers,1
15400.0,92,5,716.2,4.532599493153256,1.791759469228055,6.575354741730978,3,Loyal Customers,1
15402.0,149,2,626.77,5.0106352940962555,1.0986122886681098,6.4421738573469876,1,At Risk Customers,0
15405.0,189,1,349.1,5.247024072160486,0.6931471805599453,5.85821882796062,1,At Risk Customers,0
15406.0,31,2,510.71000000000004,3.4657359027997265,1.0986122886681098,6.237758058320892,2,Potential Customers,0
15407.0,34,4,1046.74,3.5553480614894135,1.6094379124341003,6.954390742498122,3,Loyal Customers,1
15408.0,264,1,267.18,5.579729825986222,0.6931471805599453,5.591658396851496,1,At Risk Customers,0
15410.0,84,8,3450.84,4.442651256490317,2.1972245773362196,8.146662701187065,3,Loyal Customers,1
15411.0,26,4,1348.93,3.295836866004329,1.6094379124341003,7.207808018236269,3,Loyal Customers,1
15412.0,171,1,190.53,5.147494476813453,0.6931471805599453,5.25504445431457,1,At Risk Customers,0
15414.0,10,3,774.9000000000001,2.3978952727983707,1.3862943611198906,6.654023645899904,2,Potential Customers,1
15415.0,313,1,559.61,5.749392985908253,0.6931471805599453,6.329025476602274,1,At Risk Customers,0
15416.0,65,4,3984.32,4.189654742026425,1.6094379124341003,8.290372889129587,3,Loyal Customers,1
15417.0,85,1,508.8,4.454347296253507,0.6931471805599453,6.234018491942015,1,At Risk Customers,0
15419.0,25,1,135.86,3.258096538021482,0.6931471805599453,4.918958505524352,2,Potential Customers,0
15421.0,59,4,950.36,4.0943445622221,1.6094379124341003,6.857892539809733,3,Loyal Customers,1
15422.0,323,2,97.7,5.780743515792329,1.0986122886681098,4.592084946439436,1,At Risk Customers,0
15423.0,38,1,43.5,3.6635616461296463,0.6931471805599453,3.7954891891721947,1,At Risk Customers,0
15424.0,254,2,383.34,5.541263545158426,1.0986122886681098,5.951527577504281,1,At Risk Customers,0
15426.0,19,5,1404.07,2.995732273553991,1.791759469228055,7.247842402590825,3,Loyal Customers,1
15427.0,33,3,1430.54,3.5263605246161616,1.3862943611198906,7.266506066865208,3,Loyal Customers,1
15428.0,15,1,93.78,2.772588722239781,0.6931471805599453,4.551558416539442,2,Potential Customers,0
15429.0,27,2,397.35,3.332204510175204,1.0986122886681098,5.987331015826375,2,Potential Customers,0
15432.0,23,1,171.19,3.1780538303479458,0.6931471805599453,5.148598518298095,2,Potential Customers,0
15433.0,214,2,533.3,5.3706380281276624,1.0986122886681098,6.2809574789637255,1,At Risk Customers,0
15434.0,8,5,1041.48,2.1972245773362196,1.791759469228055,6.94935776883665,2,Potential Customers,1
15435.0,22,1,149.29,3.1354942159291497,0.6931471805599453,5.012566760946003,2,Potential Customers,0
15436.0,12,3,1067.75,2.5649493574615367,1.3862943611198906,6.97424502025097,2,Potential Customers,1
15437.0,262,1,200.16,5.572154032177765,0.6931471805599453,5.304100611303764,1,At Risk Customers,0
15438.0,131,1,156.57999999999998,4.882801922586371,0.6931471805599453,5.059933265817542,1,At Risk Customers,0
15440.0,55,3,383.68,4.02535169073515,1.3862943611198906,5.952411819844281,3,Loyal Customers,0
15442.0,249,1,594.0,5.521460917862246,0.6931471805599453,6.38856140554563,1,At Risk Customers,0
15443.0,2,7,3213.59,1.0986122886681098,2.0794415416798357,8.075455101323259,0,Champions,1
15444.0,9,2,1411.21,2.302585092994046,1.0986122886681098,7.252911132207154,2,Potential Customers,1
15445.0,264,1,113.5,5.579729825986222,0.6931471805599453,4.740574822994295,1,At Risk Customers,0
15447.0,331,1,155.17,5.805134968916488,0.6931471805599453,5.050945157499754,1,At Risk Customers,0
15448.0,313,1,494.64,5.749392985908253,0.6931471805599453,6.2058498567482925,1,At Risk Customers,0
15449.0,26,3,974.52,3.295836866004329,1.3862943611198906,6.882970662159506,3,Loyal Customers,1
15450.0,30,1,429.84,3.4339872044851463,0.6931471805599453,6.0657367914825695,2,Potential Customers,0
15452.0,30,3,528.48,3.4339872044851463,1.3862943611198906,6.27189539284557,2,Potential Customers,0
15453.0,2,7,1371.77,1.0986122886681098,2.0794415416798357,7.224585875348061,0,Champions,1
15454.0,362,1,179.1,5.8944028342648505,0.6931471805599453,5.19351225218191,1,At Risk Customers,0
15456.0,283,3,434.59000000000003,5.648974238161206,1.3862943611198906,6.076701433954154,1,At Risk Customers,0
15457.0,262,1,237.07,5.572154032177765,0.6931471805599453,5.472564748074418,1,At Risk Customers,0
15458.0,25,1,161.64,3.258096538021482,0.6931471805599453,5.091539169320091,2,Potential Customers,0
15460.0,354,1,214.26,5.872117789475416,0.6931471805599453,5.371846599836152,1,At Risk Customers,0
15462.0,94,3,234.6,4.553876891600541,1.3862943611198906,5.462135451777431,1,At Risk Customers,0
15463.0,29,1,126.14,3.4011973816621555,0.6931471805599453,4.845288841508263,2,Potential Customers,0
15464.0,338,1,1044.65,5.82600010738045,0.6931471805599453,6.952393980600518,1,At Risk Customers,1
15465.0,20,18,7354.62,3.044522437723423,2.9444389791664403,8.903219925879805,0,Champions,1
15466.0,85,1,334.53,4.454347296253507,0.6931471805599453,5.815711371192059,1,At Risk Customers,0
15467.0,9,3,524.88,2.302585092994046,1.3862943611198906,6.265073049828404,2,Potential Customers,0
15468.0,51,2,467.51,3.9512437185814275,1.0986122886681098,6.149557446167864,2,Potential Customers,0
15469.0,50,2,538.55,3.9318256327243257,1.0986122886681098,6.290735458809743,2,Potential Customers,0
15471.0,2,1,454.48,1.0986122886681098,0.6931471805599453,6.121351807942404,2,Potential Customers,0
15472.0,113,1,371.56,4.736198448394496,0.6931471805599453,5.920398098674122,1,At Risk Customers,0
15473.0,14,7,1771.2,2.70805020110221,2.0794415416798357,7.479976991613202,0,Champions,1
15475.0,77,1,454.10999999999996,4.356708826689592,0.6931471805599453,6.120539147973894,1,At Risk Customers,0
15478.0,40,2,1399.92,3.713572066704308,1.0986122886681098,7.244884442636672,3,Loyal Customers,1
15480.0,116,1,905.5,4.762173934797756,0.6931471805599453,6.809591030194905,1,At Risk Customers,1
15482.0,16,12,10879.76,2.833213344056216,2.5649493574615367,9.294751370911507,0,Champions,1
15483.0,161,4,225.26,5.087596335232384,1.6094379124341003,5.421684780498321,1,At Risk Customers,0
15484.0,1,4,3590.41,0.6931471805599453,1.6094379124341003,8.186300162033392,0,Champions,1
15485.0,30,3,2564.5,3.4339872044851463,1.3862943611198906,7.849908670382019,3,Loyal Customers,1
15488.0,93,1,91.32000000000001,4.543294782270004,0.6931471805599453,4.52526080275979,1,At Risk Customers,0
15489.0,23,3,1134.28,3.1780538303479458,1.3862943611198906,7.034634595526282,3,Loyal Customers,1
15491.0,95,6,3100.09,4.564348191467836,1.9459101490553132,8.039508941575132,3,Loyal Customers,1
15492.0,28,2,659.4599999999999,3.367295829986474,1.0986122886681098,6.492936561946857,2,Potential Customers,0
15493.0,33,5,1953.41,3.5263605246161616,1.791759469228055,7.577843636590285,3,Loyal Customers,1
15494.0,21,2,1280.58,3.091042453358316,1.0986122886681098,7.155848970699195,2,Potential Customers,1
15497.0,18,2,1262.2,2.9444389791664403,1.0986122886681098,7.141403462941432,2,Potential Customers,1
15498.0,3,27,13316.4,1.3862943611198906,3.332204510175204,9.496826729846124,0,Champions,1
15500.0,8,4,1131.56,2.1972245773362196,1.6094379124341003,7.032235836086242,2,Potential Customers,1
15502.0,16,12,10384.93,2.833213344056216,2.5649493574615367,9.248207284539456,0,Champions,1
15503.0,363,1,141.04,5.8971538676367405,0.6931471805599453,4.956108708074887,1,At Risk Customers,0
15504.0,81,1,52.83,4.406719247264253,0.6931471805599453,3.985830932572866,1,At Risk Customers,0
15505.0,53,5,3610.96,3.9889840465642745,1.791759469228055,8.192005840278435,3,Loyal Customers,1
15506.0,23,3,972.08,3.1780538303479458,1.3862943611198906,6.880466298744467,3,Loyal Customers,1
15507.0,172,1,475.86,5.153291594497779,0.6931471805599453,6.167222946760261,1,At Risk Customers,0
15508.0,189,6,1000.27,5.247024072160486,1.9459101490553132,6.909024473214282,3,Loyal Customers,1
15510.0,331,1,250.0,5.805134968916488,0.6931471805599453,5.5254529391317835,1,At Risk Customers,0
15511.0,12,5,900.53,2.5649493574615367,1.791759469228055,6.804093319959892,2,Potential Customers,1
15512.0,156,2,121.0,5.056245805348308,1.0986122886681098,4.804021044733257,1,At Risk Customers,0
15513.0,33,19,14758.220000000001,3.5263605246161616,2.995732273553991,9.599623251229634,0,Champions,1
15514.0,12,11,4023.7200000000003,2.5649493574615367,2.4849066497880004,8.3002106222155,0,Champions,1
15516.0,45,3,62.43,3.828641396489095,1.3862943611198906,4.149936935645806,1,At Risk Customers,0
15517.0,233,1,267.03,5.455321115357702,0.6931471805599453,5.591098914544516,1,At Risk Customers,0
15518.0,64,8,1921.55,4.174387269895637,2.1972245773362196,7.561407708843943,3,Loyal Customers,1
15520.0,2,1,343.5,1.0986122886681098,0.6931471805599453,5.842094090453713,2,Potential Customers,0
15521.0,40,8,3000.2,3.713572066704308,2.1972245773362196,8.006767487671574,3,Loyal Customers,1
15522.0,33,2,397.99,3.5263605246161616,1.0986122886681098,5.988936353919148,2,Potential Customers,0
15523.0,84,1,412.01000000000005,4.442651256490317,0.6931471805599453,6.023471805742962,1,At Risk Customers,0
15524.0,25,1,440.0,3.258096538021482,0.6931471805599453,6.089044875446846,2,Potential Customers,0
15525.0,2,3,734.37,1.0986122886681098,1.3862943611198906,6.600373773909423,2,Potential Customers,1
15526.0,33,2,148.44,3.5263605246161616,1.0986122886681098,5.006894974480533,2,Potential Customers,0
15527.0,19,8,2428.53,2.995732273553991,2.1972245773362196,7.7954531019895175,0,Champions,1
15528.0,254,1,229.33,5.541263545158426,0.6931471805599453,5.4395130632148145,1,At Risk Customers,0
15529.0,23,11,3962.6,3.1780538303479458,2.4849066497880004,8.284907982184745,0,Champions,1
15530.0,22,4,1497.31,3.1354942159291497,1.6094379124341003,7.3120930852576205,3,Loyal Customers,1
15531.0,8,2,1972.39,2.1972245773362196,1.0986122886681098,7.587508155013856,2,Potential Customers,1
15532.0,25,4,1564.73,3.258096538021482,1.6094379124341003,7.356107447892678,3,Loyal Customers,1
15533.0,19,3,807.57,2.995732273553991,1.3862943611198906,6.695267255355902,2,Potential Customers,1
15535.0,173,4,502.9,5.159055299214529,1.6094379124341003,6.222377835686553,3,Loyal Customers,0
15537.0,163,1,110.92,5.099866427824199,0.6931471805599453,4.717784330357226,1,At Risk Customers,0
15539.0,7,1,538.46,2.0794415416798357,0.6931471805599453,6.290568639224737,2,Potential Customers,0
15540.0,11,1,213.3,2.4849066497880004,0.6931471805599453,5.367376902479531,2,Potential Customers,0
15541.0,114,1,85.13000000000001,4.74493212836325,0.6931471805599453,4.455857782801083,1,At Risk Customers,0
15543.0,288,1,127.86,5.666426688112432,0.6931471805599453,4.858726543710496,1,At Risk Customers,0
15544.0,9,9,3546.71,2.302585092994046,2.302585092994046,8.174057603899483,0,Champions,1
15545.0,54,2,288.96999999999997,4.007333185232471,1.0986122886681098,5.669777469353516,1,At Risk Customers,0
15547.0,7,14,4910.6,2.0794415416798357,2.70805020110221,8.499355033286358,0,Champions,1
15549.0,77,3,1681.46,4.356708826689592,1.3862943611198906,7.428012287090657,3,Loyal Customers,1
15550.0,4,4,575.63,1.6094379124341003,1.6094379124341003,6.357200812987149,2,Potential Customers,0
15551.0,37,1,436.06,3.6375861597263857,0.6931471805599453,6.080070485442007,2,Potential Customers,0
15552.0,217,1,90.12,5.384495062789089,0.6931471805599453,4.512177319138927,1,At Risk Customers,0
15553.0,60,1,428.93,4.110873864173311,0.6931471805599453,6.06362240473809,1,At Risk Customers,0
15554.0,278,1,217.2,5.631211781821365,0.6931471805599453,5.38541207339897,1,At Risk Customers,0
15555.0,12,16,4794.86,2.5649493574615367,2.833213344056216,8.475508324728846,0,Champions,1
15556.0,24,1,279.77,3.2188758248682006,0.6931471805599453,5.637535828837275,2,Potential Customers,0
15557.0,29,1,468.91,3.4011973816621555,0.6931471805599453,6.152541187005974,2,Potential Customers,0
15561.0,12,4,800.59,2.5649493574615367,1.6094379124341003,6.686597255202886,2,Potential Customers,1
15562.0,352,1,134.55,5.8664680569332965,0.6931471805599453,4.909340575944674,1,At Risk Customers,0
15563.0,22,4,1400.44,3.1354942159291497,1.6094379124341003,7.245255558414779,3,Loyal Customers,1
15565.0,50,2,173.16,3.9318256327243257,1.0986122886681098,5.159974416926292,1,At Risk Customers,0
15567.0,19,1,186.01,2.995732273553991,0.6931471805599453,5.231162091360629,2,Potential Customers,0
15568.0,3,3,758.29,1.3862943611198906,1.3862943611198906,6.6323837861074395,2,Potential Customers,1
15569.0,104,5,1375.71,4.653960350157523,1.791759469228055,7.227451873789157,3,Loyal Customers,1
15570.0,7,12,4148.82,2.0794415416798357,2.5649493574615367,8.33082023879011,0,Champions,1
15571.0,12,4,650.4300000000001,2.5649493574615367,1.6094379124341003,6.47916994643317,2,Potential Customers,0
15572.0,5,7,2533.42,1.791759469228055,2.0794415416798357,7.837720093003111,0,Champions,1
15573.0,32,2,591.1899999999999,3.4965075614664802,1.0986122886681098,6.383827529337818,2,Potential Customers,0
15574.0,178,4,675.64,5.187385805840755,1.6094379124341003,6.517139373724178,3,Loyal Customers,1
15576.0,38,1,921.37,3.6635616461296463,0.6931471805599453,6.826946444575113,2,Potential Customers,1
15577.0,151,3,258.88,5.0238805208462765,1.3862943611198906,5.5602199860123305,1,At Risk Customers,0
15578.0,162,1,127.1,5.093750200806762,0.6931471805599453,4.852811208902689,1,At Risk Customers,0
15579.0,69,2,327.6,4.248495242049359,1.0986122886681098,5.794841205603168,1,At Risk Customers,0
15581.0,121,13,3675.77,4.804021044733257,2.6390573296152584,8.20978992835222,3,Loyal Customers,1
15582.0,25,3,682.9100000000001,3.258096538021482,1.3862943611198906,6.527826330017913,2,Potential Customers,1
15584.0,24,4,720.86,3.2188758248682006,1.6094379124341003,6.581831214273488,3,Loyal Customers,1
15585.0,177,1,455.3,5.181783550292085,0.6931471805599453,6.123150487933357,1,At Risk Customers,0
15587.0,50,4,913.6800000000001,3.9318256327243257,1.6094379124341003,6.818574277330894,3,Loyal Customers,1
15589.0,256,3,478.53000000000003,5.54907608489522,1.3862943611198906,6.172806457538428,1,At Risk Customers,0
15592.0,47,1,388.58,3.871201010907891,0.6931471805599453,5.965069235748451,1,At Risk Customers,0
15593.0,71,1,199.8,4.276666119016055,0.6931471805599453,5.302309387817574,1,At Risk Customers,0
15594.0,16,5,1771.78,2.833213344056216,1.791759469228055,7.48030421490088,3,Loyal Customers,1
15596.0,101,5,1406.59,4.624972813284271,1.791759469228055,7.249634301131203,3,Loyal Customers,1
15597.0,35,1,324.57,3.58351893845611,0.6931471805599453,5.785577492291319,2,Potential Customers,0
15598.0,53,1,240.68,3.9889840465642745,0.6931471805599453,5.487614537078416,1,At Risk Customers,0
15599.0,27,2,761.74,3.332204510175204,1.0986122886681098,6.636917213055248,2,Potential Customers,1
15601.0,11,14,6776.56,2.4849066497880004,2.70805020110221,8.821372434155471,0,Champions,1
15602.0,8,9,1297.8700000000001,2.1972245773362196,2.302585092994046,7.16924993468027,0,Champions,1
15603.0,79,1,48.480000000000004,4.382026634673881,0.6931471805599453,3.9015685475242874,1,At Risk Customers,0
15604.0,52,1,216.39,3.970291913552122,0.6931471805599453,5.381692975469088,1,At Risk Customers,0
15605.0,36,5,1198.23,3.6109179126442243,1.791759469228055,7.089434963153261,3,Loyal Customers,1
15606.0,61,9,2920.16,4.127134385045092,2.302585092994046,7.9797360766493295,3,Loyal Customers,1
15607.0,337,1,104.76,5.823045895483019,0.6931471805599453,4.6611723761033765,1,At Risk Customers,0
15608.0,28,4,1093.68,3.367295829986474,1.6094379124341003,6.998217362097996,3,Loyal Customers,1
15609.0,184,1,298.48,5.220355825078324,0.6931471805599453,5.702047637362485,1,At Risk Customers,0
15610.0,52,1,112.46000000000001,3.970291913552122,0.6931471805599453,4.731450351898421,1,At Risk Customers,0
15611.0,10,13,1591.45,2.3978952727983707,2.6390573296152584,7.373028989779162,0,Champions,1
15612.0,36,2,195.15,3.6109179126442243,1.0986122886681098,5.278879672655561,2,Potential Customers,0
15615.0,10,23,10399.74,2.3978952727983707,3.1780538303479458,9.249632236444302,0,Champions,1
15618.0,33,4,776.851,3.5263605246161616,1.6094379124341003,6.656534989127213,3,Loyal Customers,1
15619.0,11,1,336.40000000000003,2.4849066497880004,0.6931471805599453,5.821269170111868,2,Potential Customers,0
15620.0,57,3,1553.18,4.060443010546419,1.3862943611198906,7.348703354335633,3,Loyal Customers,1
15621.0,4,4,1293.03,1.6094379124341003,1.6094379124341003,7.165516658717914,2,Potential Customers,1
15622.0,43,9,3709.56,3.784189633918261,2.302585092994046,8.2189380876069,0,Champions,1
15623.0,141,1,301.03,4.955827057601261,0.6931471805599453,5.7105263501895465,1,At Risk Customers,0
15624.0,117,4,588.13,4.770684624465665,1.6094379124341003,6.3786468723710446,3,Loyal Customers,0
15625.0,104,4,1534.26,4.653960350157523,1.6094379124341003,7.336455026785429,3,Loyal Customers,1
15626.0,75,2,675.8,4.330733340286331,1.0986122886681098,6.517375808292013,3,Loyal Customers,1
15628.0,5,9,2870.2400000000002,1.791759469228055,2.302585092994046,7.962499271193586,0,Champions,1
15630.0,45,2,1186.35,3.828641396489095,1.0986122886681098,7.079479212140812,3,Loyal Customers,1
15632.0,16,8,3285.31,2.833213344056216,2.1972245773362196,8.097520633770152,0,Champions,1
15634.0,17,1,243.55,2.8903717578961645,0.6931471805599453,5.499419786985366,2,Potential Customers,0
15636.0,90,2,724.76,4.51085950651685,1.0986122886681098,6.587219381659278,3,Loyal Customers,1
15637.0,53,1,223.36,3.9889840465642745,0.6931471805599453,5.413251904640136,1,At Risk Customers,0
15639.0,134,1,425.32,4.90527477843843,0.6931471805599453,6.055190237988527,1,At Risk Customers,0
15640.0,4,15,12416.11,1.6094379124341003,2.772588722239781,9.426830639200185,0,Champions,1
15641.0,105,4,1887.2,4.663439094112067,1.6094379124341003,7.543379273298417,3,Loyal Customers,1
15643.0,192,3,664.0,5.262690188904886,1.3862943611198906,6.499787040655854,1,At Risk Customers,0
15644.0,166,4,803.54,5.117993812416755,1.6094379124341003,6.6902706855196055,3,Loyal Customers,1
15645.0,19,1,612.01,2.995732273553991,0.6931471805599453,6.418381249016855,2,Potential Customers,0
15646.0,158,3,447.64000000000004,5.0689042022202315,1.3862943611198906,6.106220784406171,1,At Risk Customers,0
15648.0,204,2,639.5,5.3230099791384085,1.0986122886681098,6.4622491213367885,1,At Risk Customers,0
15649.0,336,2,816.0,5.820082930352362,1.0986122886681098,6.705639094860003,1,At Risk Customers,1
15651.0,37,3,646.3,3.6375861597263857,1.3862943611198906,6.472809865551464,3,Loyal Customers,0
15652.0,91,1,337.74,4.5217885770490405,0.6931471805599453,5.825232851462975,1,At Risk Customers,0
15653.0,93,2,877.4399999999999,4.543294782270004,1.0986122886681098,6.7781476070590925,3,Loyal Customers,1
15654.0,9,2,922.53,2.302585092994046,1.0986122886681098,6.828203284222655,2,Potential Customers,1
15655.0,243,1,560.67,5.497168225293202,0.6931471805599453,6.330914488818843,1,At Risk Customers,0
15656.0,45,4,748.5,3.828641396489095,1.6094379124341003,6.619406317542652,3,Loyal Customers,1
15657.0,23,1,30.0,3.1780538303479458,0.6931471805599453,3.4339872044851463,1,At Risk Customers,0
15658.0,190,5,1024.1000000000001,5.25227342804663,1.791759469228055,6.932545447789356,3,Loyal Customers,1
15659.0,44,1,306.45,3.8066624897703196,0.6931471805599453,5.7283124723994785,1,At Risk Customers,0
15660.0,25,9,1600.86,3.258096538021482,2.302585092994046,7.378920733047961,0,Champions,1
15661.0,317,2,309.8,5.762051382780177,1.0986122886681098,5.739149618493492,1,At Risk Customers,0
15663.0,106,1,138.14,4.672828834461906,0.6931471805599453,4.935480620495495,1,At Risk Customers,0
15664.0,51,1,386.43,3.9512437185814275,0.6931471805599453,5.959535187313809,1,At Risk Customers,0
15665.0,168,2,2222.21,5.1298987149230735,1.0986122886681098,7.706707376439049,3,Loyal Customers,1
15667.0,40,1,301.32,3.713572066704308,0.6931471805599453,5.711486059041233,1,At Risk Customers,0
15668.0,218,1,76.32000000000001,5.389071729816501,0.6931471805599453,4.34795265434013,1,At Risk Customers,0
15669.0,40,4,684.34,3.713572066704308,1.6094379124341003,6.529915065486092,3,Loyal Customers,1
15670.0,297,1,173.05,5.697093486505405,0.6931471805599453,5.159342614257448,1,At Risk Customers,0
15671.0,19,7,2657.13,2.995732273553991,2.0794415416798357,7.885378147031288,0,Champions,1
15673.0,88,4,2726.23,4.48863636973214,1.6094379124341003,7.911041721056532,3,Loyal Customers,1
15674.0,73,5,2446.6,4.30406509320417,1.791759469228055,7.802863231588385,3,Loyal Customers,1
15675.0,81,3,323.69,4.406719247264253,1.3862943611198906,5.782870880975165,1,At Risk Customers,0
15676.0,19,3,3435.76,2.995732273553991,1.3862943611198906,8.142284446073054,3,Loyal Customers,1
15677.0,49,1,657.23,3.912023005428146,0.6931471805599453,6.489554414321968,1,At Risk Customers,0
15678.0,53,1,352.7,3.9889840465642745,0.6931471805599453,5.868449096211435,1,At Risk Customers,0
15679.0,24,4,781.28,3.2188758248682006,1.6094379124341003,6.6622127327244485,3,Loyal Customers,1
15680.0,9,3,1333.68,2.302585092994046,1.3862943611198906,7.1964468417270915,2,Potential Customers,1
15681.0,25,5,1426.16,3.258096538021482,1.791759469228055,7.263441734527154,3,Loyal Customers,1
15683.0,117,1,193.75,4.770684624465665,0.6931471805599453,5.271716684750857,1,At Risk Customers,0
15687.0,9,9,2993.1,2.302585092994046,2.302585092994046,8.004398964555403,0,Champions,1
15689.0,120,2,254.1,4.795790545596741,1.0986122886681098,5.541655625147766,1,At Risk Customers,0
15690.0,4,2,239.76,1.6094379124341003,1.0986122886681098,5.48380058667957,2,Potential Customers,0
15691.0,252,1,136.8,5.53338948872752,0.6931471805599453,4.925803358579558,1,At Risk Customers,0
15692.0,28,1,191.04,3.367295829986474,0.6931471805599453,5.25770368366274,2,Potential Customers,0
15694.0,1,14,6479.4,0.6931471805599453,2.70805020110221,8.776537515836264,0,Champions,1
15695.0,267,2,409.98,5.5909869805108565,1.0986122886681098,6.018544551511725,1,At Risk Customers,0
15696.0,33,8,2711.11,3.5263605246161616,2.1972245773362196,7.905482208709709,3,Loyal Customers,1
15699.0,18,1,309.65,2.9444389791664403,0.6931471805599453,5.738666876509702,2,Potential Customers,0
15700.0,172,2,696.68,5.153291594497779,1.0986122886681098,6.54776054491873,1,At Risk Customers,1
15701.0,2,4,1529.0,1.0986122886681098,1.6094379124341003,7.333023014386481,2,Potential Customers,1
15703.0,265,1,211.5,5.583496308781699,0.6931471805599453,5.358941988364472,1,At Risk Customers,0
15704.0,140,4,2293.62,4.948759890378168,1.6094379124341003,7.738322531443156,3,Loyal Customers,1
15705.0,201,1,143.1,5.308267697401205,0.6931471805599453,4.970507503005476,1,At Risk Customers,0
15706.0,64,4,1060.56,4.174387269895637,1.6094379124341003,6.967494803332995,3,Loyal Customers,1
15707.0,35,4,916.98,3.58351893845611,1.6094379124341003,6.822175603890787,3,Loyal Customers,1
15708.0,41,7,3235.25,3.7376696182833684,2.0794415416798357,8.082170531065747,3,Loyal Customers,1
15709.0,284,1,133.25,5.652489180268651,0.6931471805599453,4.899703733388974,1,At Risk Customers,0
15712.0,9,5,1072.3600000000001,2.302585092994046,1.791759469228055,6.978549194282216,2,Potential Customers,1
15713.0,143,2,356.7,4.969813299576001,1.0986122886681098,5.879694646264972,1,At Risk Customers,0
15714.0,12,2,330.03000000000003,2.5649493574615367,1.0986122886681098,5.802209005711098,2,Potential Customers,0
15716.0,146,4,1101.1100000000001,4.990432586778736,1.6094379124341003,7.004981803243121,3,Loyal Customers,1
15717.0,234,1,150.3,5.459585514144159,0.6931471805599453,5.01926462079431,1,At Risk Customers,0
15719.0,33,13,5030.07,3.5263605246161616,2.6390573296152584,8.523387964129368,0,Champions,1
15720.0,24,1,598.73,3.2188758248682006,0.6931471805599453,6.3964795539357615,2,Potential Customers,0
15721.0,12,1,471.40000000000003,2.5649493574615367,0.6931471805599453,6.157826084323207,2,Potential Customers,0
15722.0,36,5,2211.21,3.6109179126442243,1.791759469228055,7.701747294844882,3,Loyal Customers,1
15723.0,365,1,190.7,5.902633333401366,0.6931471805599453,5.255931650051599,1,At Risk Customers,0
15724.0,201,2,218.25,5.308267697401205,1.0986122886681098,5.390212631252292,1,At Risk Customers,0
15725.0,15,1,415.25,2.772588722239781,0.6931471805599453,6.031286041294654,2,Potential Customers,0
15727.0,17,7,5159.06,2.8903717578961645,2.0794415416798357,8.548703486314981,0,Champions,1
15729.0,213,1,85.0,5.365976015021851,0.6931471805599453,4.454347296253507,1,At Risk Customers,0
15730.0,66,3,1120.88,4.204692619390966,1.3862943611198906,7.022761128491225,3,Loyal Customers,1
15732.0,212,2,294.12,5.3612921657094255,1.0986122886681098,5.68738205328842,1,At Risk Customers,0
15733.0,283,1,162.3,5.648974238161206,0.6931471805599453,5.095588999976419,1,At Risk Customers,0
15734.0,115,2,1339.45,4.7535901911063645,1.0986122886681098,7.200760657465263,3,Loyal Customers,1
15737.0,15,8,1188.1200000000001,2.772588722239781,2.1972245773362196,7.080968816745364,0,Champions,1
15738.0,19,16,4812.42,2.995732273553991,2.833213344056216,8.479163129156776,0,Champions,1
15739.0,66,1,449.12,4.204692619390966,0.6931471805599453,6.109514213881797,1,At Risk Customers,0
15740.0,49,1,154.88,3.912023005428146,0.6931471805599453,5.049086480470509,1,At Risk Customers,0
15743.0,16,4,775.96,2.833213344056216,1.6094379124341003,6.655388868991024,2,Potential Customers,1
15744.0,78,1,34.8,4.3694478524670215,0.6931471805599453,3.5779478934066544,1,At Risk Customers,0
15745.0,19,4,1094.59,2.995732273553991,1.6094379124341003,6.999048309928502,3,Loyal Customers,1
15746.0,134,1,196.88,4.90527477843843,0.6931471805599453,5.287660786359508,1,At Risk Customers,0
15747.0,13,3,946.64,2.6390573296152584,1.3862943611198906,6.85397468329749,2,Potential Customers,1
15748.0,40,1,144.36,3.713572066704308,0.6931471805599453,4.979213424087916,1,At Risk Customers,0
15749.0,235,3,44534.3,5.4638318050256105,1.3862943611198906,10.70403741211812,3,Loyal Customers,1
15750.0,3,8,2463.05,1.3862943611198906,2.1972245773362196,7.809561616655318,0,Champions,1
15752.0,40,7,2626.6,3.713572066704308,2.0794415416798357,7.873826161018318,3,Loyal Customers,1
15753.0,305,1,79.2,5.723585101952381,0.6931471805599453,4.384523514872469,1,At Risk Customers,0
15754.0,51,3,458.57,3.9512437185814275,1.3862943611198906,6.130291269692714,3,Loyal Customers,0
15755.0,10,6,2364.25,2.3978952727983707,1.9459101490553132,7.768639003584553,0,Champions,1
15756.0,61,4,528.01,4.127134385045092,1.6094379124341003,6.271007335271311,3,Loyal Customers,0
15757.0,66,2,714.42,4.204692619390966,1.0986122886681098,6.572869782822179,3,Loyal Customers,1
15758.0,25,1,205.25,3.258096538021482,0.6931471805599453,5.32908902521479,2,Potential Customers,0
15759.0,218,3,253.04,5.389071729816501,1.3862943611198906,5.537491734934774,1,At Risk Customers,0
15762.0,65,2,583.75,4.189654742026425,1.0986122886681098,6.371184405464288,1,At Risk Customers,0
15763.0,32,2,1086.92,3.4965075614664802,1.0986122886681098,6.992022895300703,3,Loyal Customers,1
15764.0,88,6,3279.97,4.48863636973214,1.9459101490553132,8.095894389365505,3,Loyal Customers,1
15766.0,64,1,315.06,4.174387269895637,0.6931471805599453,5.755932068980957,1,At Risk Customers,0
15768.0,116,3,621.8299999999999,4.762173934797756,1.3862943611198906,6.434273608356567,3,Loyal Customers,0
15769.0,7,26,56252.72,2.0794415416798357,3.295836866004329,10.937627451213288,0,Champions,1
15773.0,6,1,635.6800000000001,1.9459101490553132,0.6931471805599453,6.4562671745616536,2,Potential Customers,0
15774.0,69,1,270.8,4.248495242049359,0.6931471805599453,5.605066501717044,1,At Risk Customers,0
15775.0,245,1,104.9,5.5053315359323625,0.6931471805599453,4.662495252607361,1,At Risk Customers,0
15776.0,133,1,241.62,4.897839799950911,0.6931471805599453,5.491496433342773,1,At Risk Customers,0
15777.0,241,4,1047.11,5.488937726156687,1.6094379124341003,6.954743821204941,3,Loyal Customers,1
15780.0,184,3,475.28000000000003,5.220355825078324,1.3862943611198906,6.166005916582974,1,At Risk Customers,0
15781.0,25,3,345.46,3.258096538021482,1.3862943611198906,5.847767371850795,2,Potential Customers,0
15782.0,10,3,2614.7400000000002,2.3978952727983707,1.3862943611198906,7.869302319258532,3,Loyal Customers,1
15783.0,11,1,246.3,2.4849066497880004,0.6931471805599453,5.510602174527371,2,Potential Customers,0
15785.0,33,5,2328.9700000000003,3.5263605246161616,1.791759469228055,7.753610670940375,3,Loyal Customers,1
15786.0,46,3,4919.0,3.8501476017100584,1.3862943611198906,8.501063809486354,3,Loyal Customers,1
15787.0,26,3,933.26,3.295836866004329,1.3862943611198906,6.839754772081388,3,Loyal Customers,1
15789.0,358,1,351.3,5.883322388488279,0.6931471805599453,5.864483085347192,1,At Risk Customers,0
15790.0,10,1,218.75,2.3978952727983707,0.6931471805599453,5.392490536565286,2,Potential Customers,0
15791.0,44,2,1612.69,3.8066624897703196,1.0986122886681098,7.386278760989393,3,Loyal Customers,1
15793.0,15,3,965.61,2.772588722239781,1.3862943611198906,6.873795104898541,2,Potential Customers,1
15795.0,150,1,610.01,5.017279836814924,0.6931471805599453,6.415113325649775,1,At Risk Customers,0
15796.0,1,8,2708.61,0.6931471805599453,2.1972245773362196,7.904559992078387,0,Champions,1
15797.0,113,4,2207.4,4.736198448394496,1.6094379124341003,7.70002355040989,3,Loyal Customers,1
15799.0,76,3,884.14,4.343805421853684,1.3862943611198906,6.785745824587275,3,Loyal Customers,1
15800.0,107,2,696.89,4.68213122712422,1.0986122886681098,6.548061497220062,1,At Risk Customers,1
15801.0,46,3,1063.95,3.8501476017100584,1.3862943611198906,6.97068312868461,3,Loyal Customers,1
15802.0,143,1,451.42,4.969813299576001,0.6931471805599453,6.11461095192969,1,At Risk Customers,0
15803.0,51,1,415.82000000000005,3.9512437185814275,0.6931471805599453,6.032654473932845,1,At Risk Customers,0
15804.0,1,13,4206.39,0.6931471805599453,2.6390573296152584,8.344597781932357,0,Champions,1
15805.0,23,17,5488.18,3.1780538303479458,2.8903717578961645,8.61053416087066,0,Champions,1
15806.0,46,3,784.58,3.8501476017100584,1.3862943611198906,6.666422298467717,3,Loyal Customers,1
15807.0,50,3,903.9,3.9318256327243257,1.3862943611198906,6.807824440357088,3,Loyal Customers,1
15808.0,306,4,3651.27,5.726847747587197,1.6094379124341003,8.20310417107402,3,Loyal Customers,1
15809.0,36,5,515.77,3.6109179126442243,1.791759469228055,6.247597901247849,3,Loyal Customers,0
15810.0,79,4,1391.98,4.382026634673881,1.6094379124341003,7.239200616174941,3,Loyal Customers,1
15811.0,22,6,2218.62,3.1354942159291497,1.9459101490553132,7.705091289043697,3,Loyal Customers,1
15812.0,107,5,1801.14,4.68213122712422,1.791759469228055,7.496730126604398,3,Loyal Customers,1
15813.0,208,2,1303.9099999999999,5.342334251964811,1.0986122886681098,7.173889351861321,3,Loyal Customers,1
15814.0,17,4,1945.33,2.8903717578961645,1.6094379124341003,7.573700826991937,3,Loyal Customers,1
15815.0,64,5,2100.6,4.174387269895637,1.791759469228055,7.65045423837133,3,Loyal Customers,1
15819.0,49,4,1905.45,3.912023005428146,1.6094379124341003,7.552998152884997,3,Loyal Customers,1
15820.0,320,1,206.98,5.771441123130016,0.6931471805599453,5.337441921232086,1,At Risk Customers,0
15821.0,44,2,570.96,3.8066624897703196,1.0986122886681098,6.349069058864647,2,Potential Customers,0
15822.0,3,2,885.47,1.3862943611198906,1.0986122886681098,6.787247283994098,2,Potential Customers,1
15823.0,372,1,15.0,5.921578419643816,0.6931471805599453,2.772588722239781,1,At Risk Customers,0
15825.0,172,1,532.94,5.153291594497779,0.6931471805599453,6.2802834730968256,1,At Risk Customers,0
15826.0,56,3,1654.31,4.04305126783455,1.3862943611198906,7.411743581448863,3,Loyal Customers,1
15827.0,73,14,1836.0900000000001,4.30406509320417,2.70805020110221,7.515938076938256,3,Loyal Customers,1
15829.0,99,2,636.14,4.605170185988092,1.0986122886681098,6.456989411643809,1,At Risk Customers,0
15830.0,38,1,576.0,3.6635616461296463,0.6931471805599453,6.3578422665081,2,Potential Customers,0
15831.0,58,3,794.64,4.07753744390572,1.3862943611198906,6.67914682223686,3,Loyal Customers,1
15832.0,254,1,836.79,5.541263545158426,0.6931471805599453,6.7307674724187825,1,At Risk Customers,1
15834.0,70,4,2225.15,4.2626798770413155,1.6094379124341003,7.708028915009937,3,Loyal Customers,1
15835.0,44,4,954.09,3.8066624897703196,1.6094379124341003,6.861805576878038,3,Loyal Customers,1
15836.0,50,1,137.37,3.9318256327243257,0.6931471805599453,4.929931256681293,1,At Risk Customers,0
15837.0,65,1,391.98,4.189654742026425,0.6931471805599453,5.97375871998905,1,At Risk Customers,0
15838.0,11,19,33643.08,2.4849066497880004,2.995732273553991,10.423592390918046,0,Champions,1
15839.0,33,3,1048.49,3.5263605246161616,1.3862943611198906,6.9560596108684605,3,Loyal Customers,1
15840.0,59,2,355.56,4.0943445622221,1.0986122886681098,5.876502528638301,1,At Risk Customers,0
15841.0,73,4,1224.06,4.30406509320417,1.6094379124341003,7.110745101371203,3,Loyal Customers,1
15843.0,304,1,118.95000000000002,5.720311776607412,0.6931471805599453,4.787074989285704,1,At Risk Customers,0
15844.0,46,1,130.73999999999998,3.8501476017100584,0.6931471805599453,4.880830283212546,1,At Risk Customers,0
15845.0,18,8,3711.77,2.9444389791664403,2.1972245773362196,8.219533507739182,0,Champions,1
15847.0,38,2,389.27,3.6635616461296463,1.0986122886681098,5.966838807281578,2,Potential Customers,0
15850.0,19,2,234.88,2.995732273553991,1.0986122886681098,5.463323201132304,2,Potential Customers,0
15852.0,187,2,160.71,5.236441962829949,1.0986122886681098,5.085804607589853,1,At Risk Customers,0
15853.0,52,1,110.8,3.970291913552122,0.6931471805599453,4.716711560720999,1,At Risk Customers,0
15854.0,4,12,2969.12,1.6094379124341003,2.5649493574615367,7.996357635020928,0,Champions,1
15855.0,137,5,712.24,4.927253685157205,1.791759469228055,6.569817969665846,3,Loyal Customers,1
15856.0,4,27,16143.64,1.6094379124341003,3.332204510175204,9.689343385018718,0,Champions,1
15857.0,19,1,297.0,2.995732273553991,0.6931471805599453,5.697093486505405,2,Potential Customers,0
15858.0,16,5,1427.57,2.833213344056216,1.791759469228055,7.264429222920369,3,Loyal Customers,1
15860.0,41,8,965.16,3.7376696182833684,2.1972245773362196,6.87332945196712,3,Loyal Customers,1
15861.0,12,8,3146.92,2.5649493574615367,2.1972245773362196,8.054497196253768,0,Champions,1
15862.0,8,4,832.88,2.1972245773362196,1.6094379124341003,6.726089507114236,2,Potential Customers,1
15863.0,26,2,68.84,3.295836866004329,1.0986122886681098,4.246206911531347,2,Potential Customers,0
15864.0,22,6,1936.3200000000002,3.1354942159291497,1.9459101490553132,7.569060853685924,3,Loyal Customers,1
15865.0,41,3,895.13,3.7376696182833684,1.3862943611198906,6.798085491736212,3,Loyal Customers,1
15866.0,101,1,211.89,4.624972813284271,0.6931471805599453,5.3607756003876466,1,At Risk Customers,0
15867.0,5,15,3810.14,1.791759469228055,2.772588722239781,8.24568363596401,0,Champions,1
15869.0,277,2,149.64,5.627621113690637,1.0986122886681098,5.014892884348897,1,At Risk Customers,0
15870.0,33,1,351.44,3.5263605246161616,0.6931471805599453,5.864880394998529,2,Potential Customers,0
15872.0,15,2,316.25,2.772588722239781,1.0986122886681098,5.759690106594497,2,Potential Customers,0
15874.0,64,7,4405.88,4.174387269895637,2.0794415416798357,8.390922235063499,3,Loyal Customers,1
15877.0,2,2,490.33,1.0986122886681098,1.0986122886681098,6.197115999797643,2,Potential Customers,0
15880.0,369,1,329.03000000000003,5.91350300563827,0.6931471805599453,5.799183559419454,1,At Risk Customers,0
15881.0,312,5,501.39000000000004,5.746203190540153,1.791759469228055,6.219376710497294,3,Loyal Customers,0
15882.0,199,4,516.36,5.298317366548036,1.6094379124341003,6.248738957138337,3,Loyal Customers,0
15883.0,2,2,396.48,1.0986122886681098,1.0986122886681098,5.9851446183631625,2,Potential Customers,0
15885.0,93,3,379.35,4.543294782270004,1.3862943611198906,5.9410918814433105,1,At Risk Customers,0
15886.0,60,1,181.09,4.110873864173311,0.6931471805599453,5.204501070343752,1,At Risk Customers,0
15888.0,81,1,168.31,4.406719247264253,0.6931471805599453,5.131731354140141,1,At Risk Customers,0
15889.0,157,2,420.07,5.062595033026967,1.0986122886681098,6.042799090644775,1,At Risk Customers,0
15891.0,227,1,511.68,5.429345628954441,0.6931471805599453,6.239651868861624,1,At Risk Customers,0
15894.0,253,2,258.25,5.537334267018537,1.0986122886681098,5.557792847109637,1,At Risk Customers,0
15895.0,150,1,179.17,5.017279836814924,0.6931471805599453,5.1939008496276085,1,At Risk Customers,0
15897.0,194,2,208.59,5.272999558563747,1.0986122886681098,5.345153241385068,1,At Risk Customers,0
15898.0,1,5,1383.83,0.6931471805599453,1.791759469228055,7.233332667405506,0,Champions,1
15899.0,369,1,56.25,5.91350300563827,0.6931471805599453,4.047427642434349,1,At Risk Customers,0
15900.0,24,1,337.28,3.2188758248682006,0.6931471805599453,5.8238739549140215,2,Potential Customers,0
15901.0,17,3,351.73,2.8903717578961645,1.3862943611198906,5.86570289174782,2,Potential Customers,0
15903.0,10,7,5126.76,2.3978952727983707,2.0794415416798357,8.54242419563319,0,Champions,1
15904.0,8,1,164.68,2.1972245773362196,0.6931471805599453,5.110058217087329,2,Potential Customers,0
15906.0,20,7,1567.69,3.044522437723423,2.0794415416798357,7.357996155136706,3,Loyal Customers,1
15907.0,4,3,882.72,1.6094379124341003,1.3862943611198906,6.784140270382827,2,Potential Customers,1
15909.0,174,1,191.94,5.1647859739235145,0.6931471805599453,5.262379259742407,1,At Risk Customers,0
15910.0,1,8,1228.88,0.6931471805599453,2.1972245773362196,7.114671882631472,0,Champions,1
15912.0,178,2,264.62,5.187385805840755,1.0986122886681098,5.582066715972105,1,At Risk Customers,0
15916.0,16,8,1502.8600000000001,2.833213344056216,2.1972245773362196,7.3157904150707145,0,Champions,1
15917.0,248,1,123.1,5.517452896464707,0.6931471805599453,4.821087692210561,1,At Risk Customers,0
15918.0,191,2,334.23,5.2574953720277815,1.0986122886681098,5.814816863409831,1,At Risk Customers,0
15919.0,20,2,525.69,3.044522437723423,1.0986122886681098,6.266612140168987,2,Potential Customers,0
15920.0,154,4,167.5,5.043425116919247,1.6094379124341003,5.126935749792416,1,At Risk Customers,0
15921.0,173,1,323.03000000000003,5.159055299214529,0.6931471805599453,5.780836104098492,1,At Risk Customers,0
15922.0,373,1,369.5,5.924255797414532,0.6931471805599453,5.914853444736141,1,At Risk Customers,0
15923.0,373,1,127.08,5.924255797414532,0.6931471805599453,4.852655068688459,1,At Risk Customers,0
15925.0,194,1,207.15,5.272999558563747,0.6931471805599453,5.3382589736409845,1,At Risk Customers,0
15930.0,67,1,426.63,4.219507705176107,0.6931471805599453,6.058258335716989,1,At Risk Customers,0
15932.0,4,8,2495.87,1.6094379124341003,2.1972245773362196,7.822793226449505,0,Champions,1
15933.0,21,3,1107.46,3.091042453358316,1.3862943611198906,7.010726943606016,3,Loyal Customers,1
15935.0,239,2,416.86,5.480638923341991,1.0986122886681098,6.035146448194105,1,At Risk Customers,0
15937.0,64,1,145.35,4.174387269895637,0.6931471805599453,4.986001013137895,1,At Risk Customers,0
15938.0,112,5,404.58,4.727387818712341,1.791759469228055,6.0053181413965175,3,Loyal Customers,0
15939.0,90,15,6115.01,4.51085950651685,2.772588722239781,8.718665202103209,0,Champions,1
15940.0,311,1,35.8,5.7430031878094825,0.6931471805599453,3.6054978451748854,1,At Risk Customers,0
15942.0,134,1,337.44,4.90527477843843,0.6931471805599453,5.8243468240563,1,At Risk Customers,0
15944.0,277,1,325.1,5.627621113690637,0.6931471805599453,5.787204082795274,1,At Risk Customers,0
15945.0,365,1,181.0,5.902633333401366,0.6931471805599453,5.204006687076795,1,At Risk Customers,0
15947.0,83,1,1708.24,4.430816798843313,0.6931471805599453,7.443804106257556,3,Loyal Customers,1
15948.0,8,2,955.24,2.1972245773362196,1.0986122886681098,6.863008927569726,2,Potential Customers,1
15949.0,17,2,364.72,2.8903717578961645,1.0986122886681098,5.901868013296226,2,Potential Customers,0
15950.0,32,4,1744.71,3.4965075614664802,1.6094379124341003,7.464916628675443,3,Loyal Customers,1
15951.0,9,2,708.22,2.302585092994046,1.0986122886681098,6.56416577459204,2,Potential Customers,1
15952.0,34,4,781.91,3.5553480614894135,1.6094379124341003,6.663017746855669,3,Loyal Customers,1
15953.0,15,8,1657.28,2.772588722239781,2.1972245773362196,7.413536199603394,0,Champions,1
15955.0,24,14,4416.26,3.2188758248682006,2.70805020110221,8.393274873346142,0,Champions,1
15957.0,32,1,428.89,3.4965075614664802,0.6931471805599453,6.063529362008149,2,Potential Customers,0
15958.0,74,1,104.35,4.31748811353631,0.6931471805599453,4.6572881402501976,1,At Risk Customers,0
15963.0,20,2,470.76,3.044522437723423,1.0986122886681098,6.156470381692249,2,Potential Customers,0
15965.0,17,4,808.87,2.8903717578961645,1.6094379124341003,6.696873740958812,2,Potential Customers,1
15967.0,23,2,397.68,3.1780538303479458,1.0986122886681098,5.988159090099256,2,Potential Customers,0
15969.0,3,3,666.1,1.3862943611198906,1.3862943611198906,6.502939959715469,2,Potential Customers,0
15970.0,304,1,314.1,5.720311776607412,0.6931471805599453,5.752890048763229,1,At Risk Customers,0
15971.0,18,12,4199.85,2.9444389791664403,2.5649493574615367,8.343042164747578,0,Champions,1
15973.0,367,1,307.82000000000005,5.908082938168931,0.6931471805599453,5.732758582892719,1,At Risk Customers,0
15974.0,39,7,3442.15,3.6888794541139363,2.0794415416798357,8.14414202904651,3,Loyal Customers,1
15975.0,84,1,371.01,4.442651256490317,0.6931471805599453,5.91892073563227,1,At Risk Customers,0
15976.0,165,2,427.64,5.111987788356544,1.0986122886681098,6.0606174057962985,1,At Risk Customers,0
15977.0,17,2,1054.73,2.8903717578961645,1.0986122886681098,6.961987749755856,2,Potential Customers,1
15978.0,77,1,1098.78,4.356708826689592,0.6931471805599453,7.002865438783795,1,At Risk Customers,1
15980.0,89,3,2398.86,4.499809670330265,1.3862943611198906,7.783165681301249,3,Loyal Customers,1
15981.0,25,8,3408.48,3.258096538021482,2.1972245773362196,8.134315065980752,0,Champions,1
15983.0,22,4,1465.12,3.1354942159291497,1.6094379124341003,7.29037473448544,3,Loyal Customers,1
15984.0,3,10,2780.63,1.3862943611198906,2.3978952727983707,7.930792365795113,0,Champions,1
15985.0,123,2,1142.42,4.820281565605037,1.0986122886681098,7.04177905036834,3,Loyal Customers,1
15986.0,30,1,168.12,3.4339872044851463,0.6931471805599453,5.1306085221219275,2,Potential Customers,0
15987.0,12,7,1432.77,2.5649493574615367,2.0794415416798357,7.268062617779592,0,Champions,1
15988.0,19,1,156.78,2.995732273553991,0.6931471805599453,5.061201657666944,2,Potential Customers,0
15990.0,44,2,792.11,3.8066624897703196,1.0986122886681098,6.675961925760257,3,Loyal Customers,1
15992.0,4,1,41.989999999999995,1.6094379124341003,0.6931471805599453,3.76096753050819,2,Potential Customers,0
15993.0,9,7,2777.67,2.302585092994046,2.0794415416798357,7.929727674940442,0,Champions,1
15994.0,55,1,414.27,4.02535169073515,0.6931471805599453,6.028928911090341,1,At Risk Customers,0
15996.0,88,6,1032.58,4.48863636973214,1.9459101490553132,6.940783782995926,3,Loyal Customers,1
15998.0,37,5,3080.22,3.6375861597263857,1.791759469228055,8.033080901435286,3,Loyal Customers,1
16000.0,3,3,12393.7,1.3862943611198906,1.3862943611198906,9.4250242408686,0,Champions,1
16003.0,30,5,2735.37,3.4339872044851463,1.791759469228055,7.914387503517288,3,Loyal Customers,1
16005.0,12,4,578.71,2.5649493574615367,1.6094379124341003,6.3625279784987825,2,Potential Customers,0
16006.0,211,1,101.4,5.356586274672012,0.6931471805599453,4.628886712605407,1,At Risk Customers,0
16007.0,48,4,1693.81,3.8918202981106265,1.6094379124341003,7.435325919136224,3,Loyal Customers,1
16008.0,24,3,478.78,3.2188758248682006,1.3862943611198906,6.173327665501776,2,Potential Customers,0
16009.0,22,4,972.11,3.1354942159291497,1.6094379124341003,6.880497128211273,3,Loyal Customers,1
16010.0,246,3,392.4,5.5093883366279774,1.3862943611198906,5.974826905954958,1,At Risk Customers,0
16011.0,8,16,3352.96,2.1972245773362196,2.833213344056216,8.1178970162536,0,Champions,1
16012.0,35,3,1415.29,3.58351893845611,1.3862943611198906,7.255796055544432,3,Loyal Customers,1
16013.0,4,47,37130.6,1.6094379124341003,3.871201010907891,10.522223638082181,0,Champions,1
16014.0,38,3,646.83,3.6635616461296463,1.3862943611198906,6.473628316254615,3,Loyal Customers,0
16015.0,4,3,704.55,1.6094379124341003,1.3862943611198906,6.55897764050377,2,Potential Customers,1
16016.0,3,8,1465.51,1.3862943611198906,2.1972245773362196,7.290640707350956,0,Champions,1
16017.0,47,1,211.88,3.871201010907891,0.6931471805599453,5.360728626669434,1,At Risk Customers,0
16018.0,39,2,408.90000000000003,3.6888794541139363,1.0986122886681098,6.015913227510292,2,Potential Customers,0
16019.0,47,9,3786.2400000000002,3.871201010907891,2.302585092994046,8.239392800596635,0,Champions,1
16020.0,17,3,851.01,2.8903717578961645,1.3862943611198906,6.747598263849638,2,Potential Customers,1
16022.0,260,1,602.63,5.564520407322694,0.6931471805599453,6.402961427447865,1,At Risk Customers,0
16023.0,46,3,719.81,3.8501476017100584,1.3862943611198906,6.58037557967181,3,Loyal Customers,1
16024.0,12,1,251.03,2.5649493574615367,0.6931471805599453,5.5295481280448655,2,Potential Customers,0
16025.0,30,1,439.65999999999997,3.4339872044851463,0.6931471805599453,6.0882736030360425,2,Potential Customers,0
16026.0,43,1,236.09,3.784189633918261,0.6931471805599453,5.468439815884993,1,At Risk Customers,0
16027.0,92,6,934.62,4.532599493153256,1.9459101490553132,6.841209411138237,3,Loyal Customers,1
16029.0,39,63,80850.84,3.6888794541139363,4.1588830833596715,11.300373622940477,0,Champions,1
16030.0,310,1,331.24,5.739792912179234,0.6931471805599453,5.805857599322498,1,At Risk Customers,0
16031.0,92,2,547.9,4.532599493153256,1.0986122886681098,6.3079162755558436,1,At Risk Customers,0
16033.0,6,20,8778.82,1.9459101490553132,3.044522437723423,9.080211185280058,0,Champions,1
16034.0,196,3,437.7,5.2832037287379885,1.3862943611198906,6.083815808172168,1,At Risk Customers,0
16036.0,87,2,758.92,4.477336814478207,1.0986122886681098,6.633213164581927,3,Loyal Customers,1
16037.0,270,3,855.02,5.602118820879701,1.3862943611198906,6.752293740354778,3,Loyal Customers,1
16038.0,8,3,471.78000000000003,2.1972245773362196,1.3862943611198906,6.158630164012735,2,Potential Customers,0
16040.0,65,3,1313.55,4.189654742026425,1.3862943611198906,7.181249680723068,3,Loyal Customers,1
16041.0,31,3,3166.4,3.4657359027997265,1.3862943611198906,8.060666341057626,3,Loyal Customers,1
16042.0,22,5,1177.47,3.1354942159291497,1.791759469228055,7.071972265963926,3,Loyal Customers,1
16043.0,38,4,773.99,3.6635616461296463,1.6094379124341003,6.652850126044293,3,Loyal Customers,1
16045.0,120,4,1340.7,4.795790545596741,1.6094379124341003,7.201692745596426,3,Loyal Customers,1
16048.0,373,2,256.44,5.924255797414532,1.0986122886681098,5.550786683244073,1,At Risk Customers,0
16049.0,40,3,1074.81,3.713572066704308,1.3862943611198906,6.980829145204009,3,Loyal Customers,1
16050.0,174,1,137.9,5.1647859739235145,0.6931471805599453,4.933754249760298,1,At Risk Customers,0
16052.0,54,1,362.06,4.007333185232471,0.6931471805599453,5.894568109862285,1,At Risk Customers,0
16053.0,33,2,1511.95,3.5263605246161616,1.0986122886681098,7.321816666315659,3,Loyal Customers,1
16054.0,145,1,783.9,4.983606621708336,0.6931471805599453,6.665556321132768,1,At Risk Customers,1
16055.0,221,1,134.8,5.402677381872279,0.6931471805599453,4.911183215124596,1,At Risk Customers,0
16056.0,45,1,650.75,3.828641396489095,0.6931471805599453,6.479661052813611,2,Potential Customers,0
16057.0,16,7,2263.12,2.833213344056216,2.0794415416798357,7.724941441452005,0,Champions,1
16059.0,66,6,1453.16,4.204692619390966,1.9459101490553132,7.282183693304844,3,Loyal Customers,1
16062.0,10,4,1153.62,2.3978952727983707,1.6094379124341003,7.051526564493091,2,Potential Customers,1
16063.0,260,1,335.32,5.564520407322694,0.6931471805599453,5.818063087688587,1,At Risk Customers,0
16065.0,365,1,367.14,5.902633333401366,0.6931471805599453,5.908463300604576,1,At Risk Customers,0
16066.0,17,5,1521.04,2.8903717578961645,1.791759469228055,7.327806819285222,3,Loyal Customers,1
16070.0,22,2,852.15,3.1354942159291497,1.0986122886681098,6.748935381973274,2,Potential Customers,1
16071.0,45,1,326.24,3.828641396489095,0.6931471805599453,5.790693846645498,1,At Risk Customers,0
16072.0,288,1,584.3199999999999,5.666426688112432,0.6931471805599453,6.3721587062242255,1,At Risk Customers,0
16073.0,297,1,122.39999999999999,5.697093486505405,0.6931471805599453,4.8154311114712876,1,At Risk Customers,0
16076.0,3,10,2234.73,1.3862943611198906,2.3978952727983707,7.712323075642278,0,Champions,1
16078.0,284,1,79.2,5.652489180268651,0.6931471805599453,4.384523514872469,1,At Risk Customers,0
16079.0,17,3,1352.0,2.8903717578961645,1.3862943611198906,7.210079628170788,3,Loyal Customers,1
16080.0,82,2,217.16,4.418840607796598,1.0986122886681098,5.385228738537333,1,At Risk Customers,0
16081.0,56,5,2799.42,4.04305126783455,1.791759469228055,7.93752468491442,3,Loyal Customers,1
16083.0,101,2,1317.62,4.624972813284271,1.0986122886681098,7.184341014166175,3,Loyal Customers,1
16084.0,299,1,436.18,5.703782474656201,0.6931471805599453,6.0803450096018565,1,At Risk Customers,0
16085.0,23,5,981.51,3.1780538303479458,1.791759469228055,6.890110521808668,3,Loyal Customers,1
16086.0,59,5,1121.39,4.0943445622221,1.791759469228055,7.023215619268875,3,Loyal Customers,1
16091.0,155,2,315.06,5.049856007249537,1.0986122886681098,5.755932068980957,1,At Risk Customers,0
16092.0,115,3,817.86,4.7535901911063645,1.3862943611198906,6.707913129070193,3,Loyal Customers,1
16093.0,107,1,17.0,4.68213122712422,0.6931471805599453,2.8903717578961645,1,At Risk Customers,0
16094.0,12,4,1078.23,2.5649493574615367,1.6094379124341003,6.984003102876341,2,Potential Customers,1
16096.0,264,1,320.62,5.579729825986222,0.6931471805599453,5.773370724425878,1,At Risk Customers,0
16097.0,240,1,185.04999999999998,5.484796933490655,0.6931471805599453,5.226015454792631,1,At Risk Customers,0
16098.0,88,7,2005.63,4.48863636973214,2.0794415416798357,7.604211977042565,3,Loyal Customers,1
16099.0,50,3,731.9,3.9318256327243257,1.3862943611198906,6.597009266931805,3,Loyal Customers,1
16101.0,71,1,1290.7,4.276666119016055,0.6931471805599453,7.16371445923797,3,Loyal Customers,1
16102.0,42,3,1842.14,3.7612001156935624,1.3862943611198906,7.519225917888408,3,Loyal Customers,1
16103.0,7,6,1429.64,2.0794415416798357,1.9459101490553132,7.265877175579781,0,Champions,1
16104.0,62,1,298.21,4.143134726391533,0.6931471805599453,5.701145668001697,1,At Risk Customers,0
16105.0,249,1,336.96,5.521460917862246,0.6931471805599453,5.822927545284644,1,At Risk Customers,0
16106.0,66,1,108.38,4.204692619390966,0.6931471805599453,4.694828057918627,1,At Risk Customers,0
16107.0,18,7,3204.1600000000003,2.9444389791664403,2.0794415416798357,8.072517290105589,0,Champions,1
16108.0,85,1,842.5,4.454347296253507,0.6931471805599453,6.737559901986023,1,At Risk Customers,1
16109.0,219,2,611.88,5.393627546352362,1.0986122886681098,6.418169158208565,1,At Risk Customers,0
16110.0,45,3,1320.95,3.828641396489095,1.3862943611198906,7.186863198213779,3,Loyal Customers,1
16112.0,143,4,195.73999999999998,4.969813299576001,1.6094379124341003,5.281883060084612,1,At Risk Customers,0
16113.0,183,1,161.38,5.214935757608986,0.6931471805599453,5.089939267434301,1,At Risk Customers,0
16114.0,171,1,135.75000000000003,5.147494476813453,0.6931471805599453,4.918154441302091,1,At Risk Customers,0
16115.0,10,8,1660.8799999999999,2.3978952727983707,2.1972245773362196,7.415704770642627,0,Champions,1
16116.0,212,1,612.78,5.3612921657094255,0.6931471805599453,6.419636557751217,1,At Risk Customers,0
16117.0,190,1,232.21,5.25227342804663,0.6931471805599453,5.451939335203601,1,At Risk Customers,0
16119.0,8,2,423.36,2.1972245773362196,1.0986122886681098,6.050582151591071,2,Potential Customers,0
16120.0,59,4,1309.14,4.0943445622221,1.6094379124341003,7.1778892807139885,3,Loyal Customers,1
16121.0,57,2,854.66,4.060443010546419,1.0986122886681098,6.751873100976731,3,Loyal Customers,1
16122.0,73,4,684.4200000000001,4.30406509320417,1.6094379124341003,6.530031789055632,3,Loyal Customers,1
16123.0,52,1,307.78,3.970291913552122,0.6931471805599453,5.732629049213781,1,At Risk Customers,0
16124.0,317,1,249.0,5.762051382780177,0.6931471805599453,5.521460917862246,1,At Risk Customers,0
16125.0,367,1,289.35,5.908082938168931,0.6931471805599453,5.671087091818059,1,At Risk Customers,0
16126.0,29,4,6287.77,3.4011973816621555,1.6094379124341003,8.74652078208272,3,Loyal Customers,1
16127.0,39,1,656.25,3.6888794541139363,0.6931471805599453,6.488064463609991,2,Potential Customers,0
16128.0,18,5,1880.22,2.9444389791664403,1.791759469228055,7.53967578152618,3,Loyal Customers,1
16131.0,52,6,3506.54,3.970291913552122,1.9459101490553132,8.162670216045587,3,Loyal Customers,1
16133.0,4,33,14589.04,1.6094379124341003,3.5263605246161616,9.588094383116912,0,Champions,1
16134.0,22,2,618.09,3.1354942159291497,1.0986122886681098,6.428250657915328,2,Potential Customers,0
16135.0,263,1,517.55,5.575949103146316,0.6931471805599453,6.251036455035743,1,At Risk Customers,0
16136.0,60,3,709.38,4.110873864173311,1.3862943611198906,6.5658000381285,3,Loyal Customers,1
16139.0,19,3,635.41,2.995732273553991,1.3862943611198906,6.455843009727984,2,Potential Customers,0
16140.0,66,2,725.18,4.204692619390966,1.0986122886681098,6.587797917978567,3,Loyal Customers,1
16141.0,88,1,620.4,4.48863636973214,0.6931471805599453,6.431974996958947,1,At Risk Customers,0
16142.0,250,1,535.34,5.5254529391317835,0.6931471805599453,6.284768288327816,1,At Risk Customers,0
16143.0,3,6,2424.94,1.3862943611198906,1.9459101490553132,7.793974357128903,0,Champions,1
16144.0,247,1,175.2,5.5134287461649825,0.6931471805599453,5.171619713502079,1,At Risk Customers,0
16145.0,9,11,3799.4900000000002,2.302585092994046,2.4849066497880004,8.242885284769901,0,Champions,1
16146.0,157,3,734.13,5.062595033026967,1.3862943611198906,6.600047354321349,3,Loyal Customers,1
16147.0,134,1,375.0,4.90527477843843,0.6931471805599453,5.929589143389895,1,At Risk Customers,0
16148.0,296,1,76.32000000000001,5.6937321388027,0.6931471805599453,4.34795265434013,1,At Risk Customers,0
16149.0,5,2,280.52,1.791759469228055,1.0986122886681098,5.640203493013329,2,Potential Customers,0
16150.0,43,5,2053.02,3.784189633918261,1.791759469228055,7.627554127539443,3,Loyal Customers,1
16152.0,269,1,1829.04,5.598421958998375,0.6931471805599453,7.512093103520083,1,At Risk Customers,1
16153.0,50,5,1824.23,3.9318256327243257,1.791759469228055,7.5094612854730665,3,Loyal Customers,1
16156.0,9,9,3092.04,2.302585092994046,2.302585092994046,8.03690970502951,0,Champions,1
16157.0,16,3,656.69,2.833213344056216,1.3862943611198906,6.488733695691184,2,Potential Customers,0
16159.0,282,1,348.2,5.645446897643238,0.6931471805599453,5.855644823965447,1,At Risk Customers,0
16160.0,65,2,1025.44,4.189654742026425,1.0986122886681098,6.933851783703411,3,Loyal Customers,1
16161.0,2,19,5533.67,1.0986122886681098,2.995732273553991,8.618787222769154,0,Champions,1
16162.0,252,1,37.4,5.53338948872752,0.6931471805599453,3.648057459593681,1,At Risk Customers,0
16163.0,232,2,856.6,5.4510384535657,1.0986122886681098,6.754137790316538,1,At Risk Customers,1
16164.0,17,3,822.48,2.8903717578961645,1.3862943611198906,6.713539262741108,2,Potential Customers,1
16168.0,11,27,3787.6,2.4849066497880004,3.332204510175204,8.239751836694179,0,Champions,1
16169.0,8,4,1822.97,2.1972245773362196,1.6094379124341003,7.5087707231305965,2,Potential Customers,1
16170.0,51,6,1885.05,3.9512437185814275,1.9459101490553132,7.542239973976665,3,Loyal Customers,1
16171.0,59,1,73.2,4.0943445622221,0.6931471805599453,4.3067641501733345,1,At Risk Customers,0
16172.0,95,5,1140.21,4.564348191467836,1.791759469228055,7.039844382006876,3,Loyal Customers,1
16173.0,16,6,1418.32,2.833213344056216,1.9459101490553132,7.257933162659462,3,Loyal Customers,1
16174.0,126,3,1009.5500000000001,4.844187086458591,1.3862943611198906,6.918250016074778,3,Loyal Customers,1
16175.0,94,4,1037.59,4.553876891600541,1.6094379124341003,6.945619303018016,3,Loyal Customers,1
16177.0,50,1,331.95,3.9318256327243257,0.6931471805599453,5.807992328556631,1,At Risk Customers,0
16178.0,138,1,197.9,4.9344739331306915,0.6931471805599453,5.292802185859927,1,At Risk Customers,0
16179.0,61,1,215.83,4.127134385045092,0.6931471805599453,5.379113636376126,1,At Risk Customers,0
16180.0,100,8,10254.18,4.61512051684126,2.1972245773362196,9.235538222765896,3,Loyal Customers,1
16181.0,73,1,305.54,4.30406509320417,0.6931471805599453,5.725348252570762,1,At Risk Customers,0
16182.0,72,4,6617.65,4.290459441148391,1.6094379124341003,8.797646700642568,3,Loyal Customers,1
16183.0,67,1,338.71000000000004,4.219507705176107,0.6931471805599453,5.828092312472438,1,At Risk Customers,0
16184.0,64,6,1158.79,4.174387269895637,1.9459101490553132,7.055994233228931,3,Loyal Customers,1
16185.0,17,2,529.41,2.8903717578961645,1.0986122886681098,6.273650292389248,2,Potential Customers,0
16186.0,23,12,4006.94,3.1780538303479458,2.5649493574615367,8.296032672592768,0,Champions,1
16187.0,32,15,6911.4400000000005,3.4965075614664802,2.772588722239781,8.841077965865253,0,Champions,1
16188.0,45,4,981.86,3.828641396489095,1.6094379124341003,6.890466688844595,3,Loyal Customers,1
16189.0,16,2,215.48,2.833213344056216,1.0986122886681098,5.3774981644224775,2,Potential Customers,0
16190.0,40,1,215.08,3.713572066704308,0.6931471805599453,5.37564870948436,1,At Risk Customers,0
16191.0,3,13,5180.52,1.3862943611198906,2.6390573296152584,8.552853728502956,0,Champions,1
16193.0,237,1,314.45,5.472270673671475,0.6931471805599453,5.754000190816819,1,At Risk Customers,0
16198.0,75,1,400.68100000000004,4.330733340286331,0.6931471805599453,5.995658241267267,1,At Risk Customers,0
16200.0,4,2,1068.8700000000001,1.6094379124341003,1.0986122886681098,6.975292424747694,2,Potential Customers,1
16201.0,3,4,1863.47,1.3862943611198906,1.6094379124341003,7.530732109384843,0,Champions,1
16202.0,361,1,365.27,5.8916442118257715,0.6931471805599453,5.903370766348874,1,At Risk Customers,0
16203.0,59,4,592.9,4.0943445622221,1.6094379124341003,6.386710955021814,3,Loyal Customers,0
16204.0,23,1,384.18,3.1780538303479458,0.6931471805599453,5.953710757496066,2,Potential Customers,0
16205.0,31,4,757.63,3.4657359027997265,1.6094379124341003,6.631514175005942,3,Loyal Customers,1
16206.0,55,4,537.0600000000001,4.02535169073515,1.6094379124341003,6.287970078106996,3,Loyal Customers,0
16207.0,25,1,394.38,3.258096538021482,0.6931471805599453,5.979847327767791,2,Potential Customers,0
16208.0,45,2,664.26,3.828641396489095,1.0986122886681098,6.500177941687698,2,Potential Customers,0
16209.0,89,5,2262.62,4.499809670330265,1.791759469228055,7.724720580712637,3,Loyal Customers,1
16210.0,2,18,21086.3,1.0986122886681098,2.9444389791664403,9.956426242517606,0,Champions,1
16211.0,89,1,547.02,4.499809670330265,0.6931471805599453,6.306311782632405,1,At Risk Customers,0
16212.0,19,2,690.34,2.995732273553991,1.0986122886681098,6.538631743276411,2,Potential Customers,1
16213.0,79,1,159.0,4.382026634673881,0.6931471805599453,5.075173815233827,1,At Risk Customers,0
16214.0,171,3,1062.75,5.147494476813453,1.3862943611198906,6.969555679887584,3,Loyal Customers,1
16215.0,81,1,242.35,4.406719247264253,0.6931471805599453,5.494500736279464,1,At Risk Customers,0
16216.0,267,1,914.9300000000001,5.5909869805108565,0.6931471805599453,6.81993994254006,1,At Risk Customers,1
16217.0,235,2,304.25,5.4638318050256105,1.0986122886681098,5.721131112990814,1,At Risk Customers,0
16218.0,30,7,3084.68,3.4339872044851463,2.0794415416798357,8.034527333444103,3,Loyal Customers,1
16221.0,37,3,860.86,3.6375861597263857,1.3862943611198906,6.759092844480235,3,Loyal Customers,1
16222.0,318,1,773.5500000000001,5.765191102784844,0.6931471805599453,6.652282215552372,1,At Risk Customers,1
16224.0,57,4,1295.3,4.060443010546419,1.6094379124341003,7.167269331605997,3,Loyal Customers,1
16225.0,45,5,1096.32,3.828641396489095,1.791759469228055,7.000626122386744,3,Loyal Customers,1
16226.0,203,3,255.12,5.318119993844216,1.3862943611198906,5.545646084650602,1,At Risk Customers,0
16227.0,225,1,314.22,5.420534999272286,0.6931471805599453,5.753270807747395,1,At Risk Customers,0
16229.0,87,2,1010.6,4.477336814478207,1.0986122886681098,6.91928851479581,3,Loyal Customers,1
16230.0,190,2,542.03,5.25227342804663,1.0986122886681098,6.297164567026571,1,At Risk Customers,0
16232.0,44,4,990.88,3.8066624897703196,1.6094379124341003,6.89960213222575,3,Loyal Customers,1
16233.0,71,3,536.6800000000001,4.276666119016055,1.3862943611198906,6.287263587661711,3,Loyal Customers,0
16235.0,41,5,867.31,3.7376696182833684,1.791759469228055,6.766548793757163,3,Loyal Customers,1
16236.0,78,1,432.2,4.3694478524670215,0.6931471805599453,6.071199515126835,1,At Risk Customers,0
16239.0,57,2,414.2,4.060443010546419,1.0986122886681098,6.028760331851679,1,At Risk Customers,0
16240.0,24,2,3718.8,3.2188758248682006,1.0986122886681098,8.221425182381026,3,Loyal Customers,1
16241.0,10,13,2590.31,2.3978952727983707,2.6390573296152584,7.859918818329966,0,Champions,1
16242.0,8,7,3579.86,2.1972245773362196,2.0794415416798357,8.183358274009397,0,Champions,1
16243.0,34,2,409.1,3.5553480614894135,1.0986122886681098,6.016401032398013,2,Potential Customers,0
16244.0,212,2,1522.75,5.3612921657094255,1.0986122886681098,7.328929680795481,3,Loyal Customers,1
16245.0,24,3,1413.66,3.2188758248682006,1.3862943611198906,7.254644498519316,3,Loyal Customers,1
16247.0,170,1,114.56,5.14166355650266,0.6931471805599453,4.749789875598035,1,At Risk Customers,0
16248.0,62,1,152.94,4.143134726391533,0.6931471805599453,5.036562916106171,1,At Risk Customers,0
16249.0,53,5,1800.07,3.9889840465642745,1.791759469228055,7.496136211716589,3,Loyal Customers,1
16250.0,261,2,389.44,5.568344503761097,1.0986122886681098,5.967274308306765,1,At Risk Customers,0
16253.0,67,2,3683.86,4.219507705176107,1.0986122886681098,8.21198781204284,3,Loyal Customers,1
16255.0,17,8,2619.91,2.8903717578961645,2.1972245773362196,7.871276864694926,0,Champions,1
16256.0,267,1,752.4300000000001,5.5909869805108565,0.6931471805599453,6.624636113950167,1,At Risk Customers,1
16257.0,177,1,46.95,5.181783550292085,0.6931471805599453,3.8701588013294472,1,At Risk Customers,0
16258.0,45,5,5203.51,3.828641396489095,1.791759469228055,8.557280836367838,3,Loyal Customers,1
16260.0,51,1,1035.45,3.9512437185814275,0.6931471805599453,6.9435566914455205,3,Loyal Customers,1
16261.0,17,4,728.54,2.8903717578961645,1.6094379124341003,6.592414198536382,2,Potential Customers,1
16265.0,9,9,5447.0,2.302585092994046,2.302585092994046,8.60300384782935,0,Champions,1
16266.0,74,7,861.89,4.31748811353631,2.0794415416798357,6.760287220618741,3,Loyal Customers,1
16268.0,71,2,667.65,4.276666119016055,1.0986122886681098,6.5052607543188055,3,Loyal Customers,0
16270.0,353,1,1141.24,5.869296913133774,0.6931471805599453,7.040746525754151,1,At Risk Customers,1
16271.0,3,5,1404.64,1.3862943611198906,1.791759469228055,7.248247994066157,0,Champions,1
16272.0,117,1,411.7,4.770684624465665,0.6931471805599453,6.022720936758536,1,At Risk Customers,0
16274.0,373,1,351.75,5.924255797414532,0.6931471805599453,5.865759590732924,1,At Risk Customers,0
16275.0,197,1,559.87,5.288267030694535,0.6931471805599453,6.329489149614112,1,At Risk Customers,0
16276.0,177,1,810.6000000000001,5.181783550292085,0.6931471805599453,6.69900760795166,1,At Risk Customers,1
16278.0,100,1,566.38,4.61512051684126,0.6931471805599453,6.34102927325157,1,At Risk Customers,0
16279.0,21,3,1502.78,3.091042453358316,1.3862943611198906,7.315737217214576,3,Loyal Customers,1
16281.0,72,1,2062.06,4.290459441148391,0.6931471805599453,7.6319455965067835,3,Loyal Customers,1
16282.0,340,1,168.3,5.831882477283517,0.6931471805599453,5.13167228913909,1,At Risk Customers,0
16283.0,6,5,1570.81,1.9459101490553132,1.791759469228055,7.359983100544423,0,Champions,1
16284.0,31,2,812.68,3.4657359027997265,1.0986122886681098,6.70156716831734,2,Potential Customers,1
16287.0,170,1,142.5,5.14166355650266,0.6931471805599453,4.966335035199676,1,At Risk Customers,0
16292.0,122,1,302.25,4.812184355372417,0.6931471805599453,5.7145575478241595,1,At Risk Customers,0
16293.0,22,10,2248.9900000000002,3.1354942159291497,2.3978952727983707,7.718681050744145,0,Champions,1
16295.0,10,4,1328.55,2.3978952727983707,1.6094379124341003,7.192595818099261,2,Potential Customers,1
16297.0,269,1,301.9,5.598421958998375,0.6931471805599453,5.713402718033191,1,At Risk Customers,0
16298.0,23,3,598.2,3.1780538303479458,1.3862943611198906,6.3955954322030095,2,Potential Customers,0
16302.0,127,1,233.22,4.852030263919617,0.6931471805599453,5.4562608446139915,1,At Risk Customers,0
16303.0,26,3,5360.63,3.295836866004329,1.3862943611198906,8.587023312312065,3,Loyal Customers,1
16305.0,139,1,361.21999999999997,4.941642422609304,0.6931471805599453,5.8922517620363895,1,At Risk Customers,0
16306.0,214,6,632.27,5.3706380281276624,1.9459101490553132,6.450896871486089,3,Loyal Customers,0
16308.0,38,4,2560.0,3.6635616461296463,1.6094379124341003,7.848153086199526,3,Loyal Customers,1
16309.0,106,2,706.57,4.672828834461906,1.0986122886681098,6.56183656455249,1,At Risk Customers,1
16311.0,18,2,616.26,2.9444389791664403,1.0986122886681098,6.425290328985104,2,Potential Customers,0
16313.0,3,2,274.15000000000003,1.3862943611198906,1.0986122886681098,5.617316403505768,2,Potential Customers,0
16315.0,331,1,226.37,5.805134968916488,0.6931471805599453,5.426578646492048,1,At Risk Customers,0
16316.0,64,8,2938.91,4.174387269895637,2.1972245773362196,7.986134247619265,3,Loyal Customers,1
16317.0,120,3,1341.65,4.795790545596741,1.3862943611198906,7.202400551985058,3,Loyal Customers,1
16318.0,35,1,328.15,3.58351893845611,0.6931471805599453,5.796513573913885,2,Potential Customers,0
16319.0,218,1,404.40000000000003,5.389071729816501,0.6931471805599453,6.004874234017899,1,At Risk Customers,0
16320.0,172,2,1038.46,5.153291594497779,1.0986122886681098,6.946456626519212,3,Loyal Customers,1
16321.0,72,5,373.65000000000003,4.290459441148391,1.791759469228055,5.92599225681032,3,Loyal Customers,0
16322.0,1,2,326.75,0.6931471805599453,1.0986122886681098,5.792251122643809,2,Potential Customers,0
16323.0,196,1,207.50000000000003,5.2832037287379885,0.6931471805599453,5.339939041238856,1,At Risk Customers,0
16324.0,128,3,408.59000000000003,4.859812404361672,1.3862943611198906,6.01515665936477,1,At Risk Customers,0
16325.0,47,3,594.24,3.871201010907891,1.3862943611198906,6.38896468556185,3,Loyal Customers,0
16326.0,6,14,3039.2200000000003,1.9459101490553132,2.70805020110221,8.019685160202853,0,Champions,1
16327.0,14,6,3820.27,2.70805020110221,1.9459101490553132,8.248338107080782,0,Champions,1
16330.0,18,3,251.91,2.9444389791664403,1.3862943611198906,5.533033694214862,2,Potential Customers,0
16332.0,28,7,1582.8,3.367295829986474,2.0794415416798357,7.367582301776312,3,Loyal Customers,1
16333.0,8,22,26626.8,2.1972245773362196,3.1354942159291497,10.189711061801596,0,Champions,1
16337.0,37,1,151.05,3.6375861597263857,0.6931471805599453,5.024209414123374,1,At Risk Customers,0
16338.0,157,1,214.79999999999998,5.062595033026967,0.6931471805599453,5.374352052824034,1,At Risk Customers,0
16339.0,284,1,94.05,5.652489180268651,0.6931471805599453,4.554403068934438,1,At Risk Customers,0
16340.0,107,1,534.31,4.68213122712422,0.6931471805599453,6.28284601833824,1,At Risk Customers,0
16341.0,25,4,1971.87,3.258096538021482,1.6094379124341003,7.587244614343444,3,Loyal Customers,1
16342.0,75,4,322.41,4.330733340286331,1.6094379124341003,5.778920868124441,3,Loyal Customers,0
16343.0,16,2,328.58,2.833213344056216,1.0986122886681098,5.797819116582584,2,Potential Customers,0
16344.0,158,1,101.10000000000001,5.0689042022202315,0.6931471805599453,4.62595272517062,1,At Risk Customers,0
16345.0,44,1,565.46,3.8066624897703196,0.6931471805599453,6.33940646897248,2,Potential Customers,0
16347.0,11,2,847.45,2.4849066497880004,1.0986122886681098,6.743411155418835,2,Potential Customers,1
16348.0,32,7,1415.65,3.4965075614664802,2.0794415416798357,7.256050208475266,3,Loyal Customers,1
16349.0,291,1,53.5,5.676753802268282,0.6931471805599453,3.9982007016691985,1,At Risk Customers,0
16350.0,21,4,1116.47,3.091042453358316,1.6094379124341003,7.018822480489789,3,Loyal Customers,1
16351.0,333,1,153.9,5.811140992976701,0.6931471805599453,5.042779747422823,1,At Risk Customers,0
16352.0,18,2,494.44,2.9444389791664403,1.0986122886681098,6.205446256629806,2,Potential Customers,0
16353.0,4,23,6675.71,1.6094379124341003,3.1780538303479458,8.806380630235296,0,Champions,1
16354.0,63,2,395.8,4.1588830833596715,1.0986122886681098,5.983432375410718,1,At Risk Customers,0
16356.0,198,3,211.77,5.293304824724492,1.3862943611198906,5.360211770085627,1,At Risk Customers,0
16357.0,33,3,658.88,3.5263605246161616,1.3862943611198906,6.492058000307724,3,Loyal Customers,0
16358.0,1,4,2027.5,0.6931471805599453,1.6094379124341003,7.615051882646502,0,Champions,1
16359.0,7,9,1750.92,2.0794415416798357,2.302585092994046,7.468467608353334,0,Champions,1
16360.0,5,6,3450.41,1.791759469228055,1.9459101490553132,8.146538122184259,0,Champions,1
16361.0,10,4,891.21,2.3978952727983707,1.6094379124341003,6.793701530880624,2,Potential Customers,1
16362.0,32,5,709.99,3.4965075614664802,1.791759469228055,6.566658365006723,3,Loyal Customers,1
16363.0,53,1,109.36000000000001,3.9889840465642745,0.6931471805599453,4.703747749349086,1,At Risk Customers,0
16364.0,12,2,705.79,2.5649493574615367,1.0986122886681098,6.560733592071543,2,Potential Customers,1
16365.0,18,9,1540.42,2.9444389791664403,2.302585092994046,7.340459348477051,0,Champions,1
16366.0,19,1,327.3,2.995732273553991,0.6931471805599453,5.793927824507547,2,Potential Customers,0
16367.0,37,2,800.67,3.6375861597263857,1.0986122886681098,6.686697051867266,2,Potential Customers,1
16368.0,2,2,479.91,1.0986122886681098,1.0986122886681098,6.175680142411356,2,Potential Customers,0
16369.0,18,3,1545.41,2.9444389791664403,1.3862943611198906,7.343691394505391,3,Loyal Customers,1
16370.0,82,4,1301.91,4.418840607796598,1.6094379124341003,7.172355503365555,3,Loyal Customers,1
16372.0,33,2,355.73,3.5263605246161616,1.0986122886681098,5.876979193117597,2,Potential Customers,0
16374.0,66,2,466.73,4.204692619390966,1.0986122886681098,6.14789120635657,1,At Risk Customers,0
16376.0,9,2,974.96,2.302585092994046,1.0986122886681098,6.883421601966684,2,Potential Customers,1
16377.0,267,1,676.2,5.5909869805108565,0.6931471805599453,6.51796665025898,1,At Risk Customers,1
16378.0,247,3,362.95,5.5134287461649825,1.3862943611198906,5.897016495564267,1,At Risk Customers,0
16379.0,4,4,2157.4,1.6094379124341003,1.6094379124341003,7.677122485453491,0,Champions,1
16380.0,61,1,1743.1499999999999,4.127134385045092,0.6931471805599453,7.46402260994466,3,Loyal Customers,1
16383.0,75,2,643.76,4.330733340286331,1.0986122886681098,6.46887815452873,3,Loyal Customers,0
16384.0,90,2,584.5,4.51085950651685,1.0986122886681098,6.372466183037772,1,At Risk Customers,0
16385.0,60,3,554.86,4.110873864173311,1.3862943611198906,6.320516463982851,3,Loyal Customers,0
16386.0,29,2,302.57,3.4011973816621555,1.0986122886681098,5.715612226409778,2,Potential Customers,0
16387.0,323,1,94.36,5.780743515792329,0.6931471805599453,4.55765920331704,1,At Risk Customers,0
16389.0,53,4,1382.07,3.9889840465642745,1.6094379124341003,7.2320609449898114,3,Loyal Customers,1
16392.0,270,1,217.89,5.602118820879701,0.6931471805599453,5.388569320525063,1,At Risk Customers,0
16393.0,2,13,3040.96,1.0986122886681098,2.6390573296152584,8.020257323488867,0,Champions,1
16394.0,57,5,1555.34,4.060443010546419,1.791759469228055,7.350092189866152,3,Loyal Customers,1
16395.0,61,5,1482.06,4.127134385045092,1.791759469228055,7.3018627998495145,3,Loyal Customers,1
16398.0,154,2,1705.8,5.043425116919247,1.0986122886681098,7.4423755513138445,3,Loyal Customers,1
16399.0,19,2,408.02,2.995732273553991,1.0986122886681098,6.013764054602749,2,Potential Customers,0
16400.0,95,1,303.93,4.564348191467836,0.6931471805599453,5.720082242069654,1,At Risk Customers,0
16401.0,1,12,4098.32,0.6931471805599453,2.5649493574615367,8.318576385278623,0,Champions,1
16402.0,265,2,293.45,5.583496308781699,1.0986122886681098,5.685109209390579,1,At Risk Customers,0
16403.0,312,1,177.5,5.746203190540153,0.6931471805599453,5.184588601219693,1,At Risk Customers,0
16404.0,70,1,443.05,4.2626798770413155,0.6931471805599453,6.095937168704513,1,At Risk Customers,0
16405.0,302,2,167.25,5.713732805509369,1.0986122886681098,5.125450968524837,1,At Risk Customers,0
16406.0,19,1,154.35,2.995732273553991,0.6931471805599453,5.045680635839056,2,Potential Customers,0
16407.0,13,10,2079.68,2.6390573296152584,2.3978952727983707,7.640450042344582,0,Champions,1
16409.0,36,5,2022.98,3.6109179126442243,1.791759469228055,7.61282114893561,3,Loyal Customers,1
16411.0,19,2,211.7,2.995732273553991,1.0986122886681098,5.3598827222061916,2,Potential Customers,0
16412.0,54,1,135.99,4.007333185232471,0.6931471805599453,4.919907930463299,1,At Risk Customers,0
16413.0,57,1,262.2,4.060443010546419,0.6931471805599453,5.572914199451162,1,At Risk Customers,0
16414.0,22,2,126.25,3.1354942159291497,1.0986122886681098,4.846153655430632,2,Potential Customers,0
16415.0,44,1,200.27,3.8066624897703196,0.6931471805599453,5.304647290242906,1,At Risk Customers,0
16416.0,27,3,1051.4,3.332204510175204,1.3862943611198906,6.958828549166138,3,Loyal Customers,1
16418.0,45,3,631.12,3.828641396489095,1.3862943611198906,6.449079249540903,3,Loyal Customers,0
16419.0,113,6,958.71,4.736198448394496,1.9459101490553132,6.866631155492188,3,Loyal Customers,1
16422.0,17,51,34684.4,2.8903717578961645,3.9512437185814275,10.454074128115597,0,Champions,1
16423.0,25,1,346.12,3.258096538021482,0.6931471805599453,5.849670541490095,2,Potential Customers,0
16424.0,191,1,133.56,5.2574953720277815,0.6931471805599453,4.902010196224638,1,At Risk Customers,0
16425.0,302,1,302.7,5.713732805509369,0.6931471805599453,5.716040372051703,1,At Risk Customers,0
16426.0,2,10,1863.76,1.0986122886681098,2.3978952727983707,7.530887637470042,0,Champions,1
16427.0,263,2,241.06,5.575949103146316,1.0986122886681098,5.489185629310458,1,At Risk Customers,0
16429.0,106,1,284.55,4.672828834461906,0.6931471805599453,5.654417145110872,1,At Risk Customers,0
16430.0,57,1,300.85,4.060443010546419,0.6931471805599453,5.709930205242435,1,At Risk Customers,0
16431.0,213,3,623.28,5.365976015021851,1.3862943611198906,6.436598985674353,1,At Risk Customers,0
16432.0,64,1,287.4,4.174387269895637,0.6931471805599453,5.664348405410794,1,At Risk Customers,0
16433.0,28,1,184.26,3.367295829986474,0.6931471805599453,5.221760243825881,2,Potential Customers,0
16434.0,29,7,1511.8,3.4011973816621555,2.0794415416798357,7.321717517344248,3,Loyal Customers,1
16438.0,6,5,798.35,1.9459101490553132,1.791759469228055,6.683798897410901,2,Potential Customers,1
16440.0,8,5,3640.67,2.1972245773362196,1.791759469228055,8.20019764662707,0,Champions,1
16441.0,67,2,381.2,4.219507705176107,1.0986122886681098,5.945944031806173,1,At Risk Customers,0
16442.0,2,3,609.3,1.0986122886681098,1.3862943611198906,6.413950639550449,2,Potential Customers,0
16444.0,46,4,654.67,3.8501476017100584,1.6094379124341003,6.485657613592114,3,Loyal Customers,0
16445.0,34,1,230.51,3.5553480614894135,0.6931471805599453,5.444623069137621,2,Potential Customers,0
16446.0,1,2,168472.5,0.6931471805599453,1.0986122886681098,12.034533746376653,0,Champions,1
16447.0,136,1,255.91,4.919980925828125,0.6931471805599453,5.548725829010259,1,At Risk Customers,0
16448.0,198,1,182.99,5.293304824724492,0.6931471805599453,5.214881408306002,1,At Risk Customers,0
16449.0,198,2,707.69,5.293304824724492,1.0986122886681098,6.563418195373777,1,At Risk Customers,1
16450.0,150,1,311.92,5.017279836814924,0.6931471805599453,5.74594756681688,1,At Risk Customers,0
16451.0,88,1,266.97,4.48863636973214,0.6931471805599453,5.590875033946567,1,At Risk Customers,0
16454.0,45,2,6.9,3.828641396489095,1.0986122886681098,2.066862759472976,1,At Risk Customers,0
16455.0,64,7,1841.18,4.174387269895637,2.0794415416798357,7.518704931910683,3,Loyal Customers,1
16456.0,99,5,2158.18,4.605170185988092,1.791759469228055,7.677483798971011,3,Loyal Customers,1
16457.0,218,1,208.36,5.389071729816501,0.6931471805599453,5.34405525822189,1,At Risk Customers,0
16458.0,3,18,3482.7400000000002,1.3862943611198906,2.9444389791664403,8.155861708321998,0,Champions,1
16460.0,28,3,811.23,3.367295829986474,1.3862943611198906,6.699783551285148,3,Loyal Customers,1
16461.0,178,1,142.92,5.187385805840755,0.6931471805599453,4.969257589642278,1,At Risk Customers,0
16462.0,74,3,136.0,4.31748811353631,1.3862943611198906,4.919980925828125,1,At Risk Customers,0
16463.0,21,4,1422.4,3.091042453358316,1.6094379124341003,7.260803654865171,3,Loyal Customers,1
16464.0,20,3,1298.66,3.044522437723423,1.3862943611198906,7.169857970780942,3,Loyal Customers,1
16466.0,34,7,1595.96,3.5553480614894135,2.0794415416798357,7.375857100938276,3,Loyal Customers,1
16468.0,74,1,74.9,4.31748811353631,0.6931471805599453,4.3294166844015844,1,At Risk Customers,0
16469.0,24,4,625.42,3.2188758248682006,1.6094379124341003,6.440021072647094,2,Potential Customers,0
16470.0,52,4,752.77,3.970291913552122,1.6094379124341003,6.625087281686058,3,Loyal Customers,1
16471.0,275,1,223.95000000000002,5.62040086571715,0.6931471805599453,5.4158781552871815,1,At Risk Customers,0
16473.0,165,3,316.11,5.111987788356544,1.3862943611198906,5.759248716840184,1,At Risk Customers,0
16474.0,7,7,1810.65,2.0794415416798357,2.0794415416798357,7.5019933112128685,0,Champions,1
16475.0,88,4,544.3,4.48863636973214,1.6094379124341003,6.301336101932016,3,Loyal Customers,0
16477.0,64,7,2494.46,4.174387269895637,2.0794415416798357,7.822228359929267,3,Loyal Customers,1
16478.0,25,3,331.0,3.258096538021482,1.3862943611198906,5.805134968916488,2,Potential Customers,0
16479.0,10,2,300.83,2.3978952727983707,1.0986122886681098,5.709863944972069,2,Potential Customers,0
16480.0,76,1,769.29,4.343805421853684,0.6931471805599453,6.646767067319571,1,At Risk Customers,1
16482.0,16,1,220.62,2.833213344056216,0.6931471805599453,5.400964203508179,2,Potential Customers,0
16483.0,192,1,139.35,5.262690188904886,0.6931471805599453,4.9441393028078915,1,At Risk Customers,0
16484.0,174,2,404.3,5.1647859739235145,1.0986122886681098,6.004627533634263,1,At Risk Customers,0
16485.0,77,1,363.65,4.356708826689592,0.6931471805599453,5.898937989430242,1,At Risk Customers,0
16488.0,33,3,498.8,3.5263605246161616,1.3862943611198906,6.214208018400852,2,Potential Customers,0
16491.0,47,1,731.5,3.871201010907891,0.6931471805599453,6.596463340891223,2,Potential Customers,1
16493.0,80,4,1351.63,4.394449154672439,1.6094379124341003,7.209806124401014,3,Loyal Customers,1
16494.0,297,1,826.53,5.697093486505405,0.6931471805599453,6.7184453603705006,1,At Risk Customers,1
16495.0,3,3,648.26,1.3862943611198906,1.3862943611198906,6.475833252811612,2,Potential Customers,0
16496.0,9,3,1599.52,2.302585092994046,1.3862943611198906,7.378083855426812,2,Potential Customers,1
16497.0,50,6,2965.69,3.9318256327243257,1.9459101490553132,7.99520213218973,3,Loyal Customers,1
16498.0,161,2,100.97,5.087596335232384,1.0986122886681098,4.624678652376135,1,At Risk Customers,0
16499.0,360,2,365.45,5.8888779583328805,1.0986122886681098,5.903862086371859,1,At Risk Customers,0
16500.0,5,6,400.86,1.791759469228055,1.9459101490553132,5.996103769256407,2,Potential Customers,0
16503.0,107,4,1431.93,4.68213122712422,1.6094379124341003,7.267476578065607,3,Loyal Customers,1
16504.0,25,1,465.88,3.258096538021482,0.6931471805599453,6.14607226533442,2,Potential Customers,0
16505.0,32,1,777.6,3.4965075614664802,0.6931471805599453,6.657497435176356,2,Potential Customers,1
16506.0,20,2,90.30000000000001,3.044522437723423,1.0986122886681098,4.514150787600923,2,Potential Customers,0
16509.0,297,1,363.7,5.697093486505405,0.6931471805599453,5.8990750978146345,1,At Risk Customers,0
16510.0,372,1,248.1,5.921578419643816,0.6931471805599453,5.517854422268135,1,At Risk Customers,0
16511.0,22,3,918.33,3.1354942159291497,1.3862943611198906,6.8236451438627554,2,Potential Customers,1
16513.0,5,4,874.59,1.791759469228055,1.6094379124341003,6.774897944843427,2,Potential Customers,1
16515.0,52,5,1624.14,3.970291913552122,1.791759469228055,7.393349244898962,3,Loyal Customers,1
16516.0,30,1,101.69999999999999,3.4339872044851463,0.6931471805599453,4.631812116934513,1,At Risk Customers,0
16517.0,277,1,162.7,5.627621113690637,0.6931471805599453,5.098035484377089,1,At Risk Customers,0
16518.0,61,2,484.32,4.127134385045092,1.0986122886681098,6.1848084671836725,1,At Risk Customers,0
16519.0,25,2,215.07999999999998,3.258096538021482,1.0986122886681098,5.37564870948436,2,Potential Customers,0
16520.0,186,3,1046.57,5.231108616854587,1.3862943611198906,6.954228475339207,3,Loyal Customers,1
16523.0,2,21,9418.470000000001,1.0986122886681098,3.091042453358316,9.150534102717932,0,Champions,1
16525.0,2,26,13027.45,1.0986122886681098,3.295836866004329,9.474890706788237,0,Champions,1
16526.0,172,1,290.36,5.153291594497779,0.6931471805599453,5.674559615979298,1,At Risk Customers,0
16527.0,81,1,228.06,4.406719247264253,0.6931471805599453,5.43398397796957,1,At Risk Customers,0
16528.0,4,1,244.41,1.6094379124341003,0.6931471805599453,5.502930281242811,2,Potential Customers,0
16529.0,190,1,455.25,5.25227342804663,0.6931471805599453,6.123040904896701,1,At Risk Customers,0
16531.0,22,7,1244.59,3.1354942159291497,2.0794415416798357,7.127364592228089,3,Loyal Customers,1
16532.0,18,3,6748.8,2.9444389791664403,1.3862943611198906,8.81726815379798,3,Loyal Customers,1
16533.0,19,3,1082.81,2.995732273553991,1.3862943611198906,6.988237889884059,3,Loyal Customers,1
16535.0,5,1,593.75,1.791759469228055,0.6931471805599453,6.388141149183067,2,Potential Customers,0
16536.0,110,1,548.12,4.709530201312334,0.6931471805599453,6.308316996859543,1,At Risk Customers,0
16539.0,3,4,1388.81,1.3862943611198906,1.6094379124341003,7.236922326134238,2,Potential Customers,1
16542.0,54,1,119.62,4.007333185232471,0.6931471805599453,4.792645108022841,1,At Risk Customers,0
16545.0,165,1,339.3,5.111987788356544,0.6931471805599453,5.82982758150686,1,At Risk Customers,0
16546.0,291,2,787.15,5.676753802268282,1.0986122886681098,6.669688427072551,1,At Risk Customers,1
16549.0,10,10,4034.9,2.3978952727983707,2.3978952727983707,8.302984604159606,0,Champions,1
16550.0,109,5,2298.97,4.700480365792417,1.791759469228055,7.740651358353913,3,Loyal Customers,1
16551.0,96,3,922.12,4.574710978503383,1.3862943611198906,6.827759236886412,3,Loyal Customers,1
16552.0,243,2,379.73,5.497168225293202,1.0986122886681098,5.9420904624901825,1,At Risk Customers,0
16553.0,163,12,5719.82,5.099866427824199,2.5649493574615367,8.651867430742618,3,Loyal Customers,1
16554.0,42,3,837.1,3.7612001156935624,1.3862943611198906,6.73113742510486,3,Loyal Customers,1
16555.0,35,2,285.89,3.58351893845611,1.0986122886681098,5.659098867029561,2,Potential Customers,0
16556.0,67,7,3313.79,4.219507705176107,2.0794415416798357,8.106149552197078,3,Loyal Customers,1
16557.0,24,2,281.85,3.2188758248682006,1.0986122886681098,5.644916721789165,2,Potential Customers,0
16558.0,1,20,8338.49,0.6931471805599453,3.044522437723423,9.028757342403852,0,Champions,1
16560.0,27,2,841.41,3.332204510175204,1.0986122886681098,6.736266831594512,2,Potential Customers,1
16561.0,6,2,511.12,1.9459101490553132,1.0986122886681098,6.238558972577978,2,Potential Customers,0
16563.0,54,1,1077.74,4.007333185232471,0.6931471805599453,6.9835489723662585,3,Loyal Customers,1
16565.0,364,1,173.7,5.8998973535824915,0.6931471805599453,5.163070217140011,1,At Risk Customers,0
16566.0,15,5,614.66,2.772588722239781,1.791759469228055,6.422694863102173,2,Potential Customers,0
16567.0,194,2,865.6,5.272999558563747,1.0986122886681098,6.764577509305809,1,At Risk Customers,1
16569.0,3,1,124.2,1.3862943611198906,0.6931471805599453,4.829912458665998,2,Potential Customers,0
16570.0,15,10,3738.4,2.772588722239781,2.3978952727983707,8.226680449731173,0,Champions,1
16571.0,27,3,1421.69,3.332204510175204,1.3862943611198906,7.260304724743686,3,Loyal Customers,1
16572.0,127,3,1009.6,4.852030263919617,1.3862943611198906,6.918299492857808,3,Loyal Customers,1
16573.0,85,2,663.61,4.454347296253507,1.0986122886681098,6.499200402451892,1,At Risk Customers,0
16574.0,71,1,451.44,4.276666119016055,0.6931471805599453,6.11465515766318,1,At Risk Customers,0
16581.0,183,1,105.84,5.214935757608986,0.6931471805599453,4.67133238824176,1,At Risk Customers,0
16582.0,113,1,313.62,4.736198448394496,0.6931471805599453,5.751365561394358,1,At Risk Customers,0
16583.0,374,1,233.45,5.926926025970411,0.6931471805599453,5.457242345535596,1,At Risk Customers,0
16584.0,80,2,936.08,4.394449154672439,1.0986122886681098,6.842768657462584,3,Loyal Customers,1
16586.0,249,1,463.95,5.521460917862246,0.6931471805599453,6.141929872924206,1,At Risk Customers,0
16587.0,232,1,225.15,5.4510384535657,0.6931471805599453,5.421198495923853,1,At Risk Customers,0
16589.0,71,3,459.24,4.276666119016055,1.3862943611198906,6.131748092555038,3,Loyal Customers,0
16591.0,69,1,213.5,4.248495242049359,0.6931471805599453,5.368309738368072,1,At Risk Customers,0
16592.0,4,16,4113.68,1.6094379124341003,2.833213344056216,8.322316345810338,0,Champions,1
16593.0,51,3,330.03,3.9512437185814275,1.3862943611198906,5.802209005711098,2,Potential Customers,0
16594.0,75,1,181.09,4.330733340286331,0.6931471805599453,5.204501070343752,1,At Risk Customers,0
16595.0,61,1,360.16,4.127134385045092,0.6931471805599453,5.8893210734392785,1,At Risk Customers,0
16596.0,16,2,250.15,2.833213344056216,1.0986122886681098,5.526050370196054,2,Potential Customers,0
16597.0,4,1,90.04,1.6094379124341003,0.6931471805599453,4.511298970378021,2,Potential Customers,0
16598.0,286,1,145.04999999999998,5.659482215759621,0.6931471805599453,4.98394902883375,1,At Risk Customers,0
16600.0,4,6,813.52,1.6094379124341003,1.9459101490553132,6.702598982682314,2,Potential Customers,1
16601.0,41,1,242.7,3.7376696182833684,0.6931471805599453,5.495937960631161,1,At Risk Customers,0
16602.0,36,1,528.08,3.6109179126442243,0.6931471805599453,6.271139649157846,2,Potential Customers,0
16603.0,75,2,482.47,4.330733340286331,1.0986122886681098,6.180989265398516,1,At Risk Customers,0
16607.0,18,14,3347.71,2.9444389791664403,2.70805020110221,8.116330476031974,0,Champions,1
16609.0,15,7,5493.46,2.772588722239781,2.0794415416798357,8.611495590853199,0,Champions,1
16610.0,219,1,75.66,5.393627546352362,0.6931471805599453,4.339380059952409,1,At Risk Customers,0
16611.0,186,1,129.49,5.231108616854587,0.6931471805599453,4.871296595474155,1,At Risk Customers,0
16612.0,33,4,1187.66,3.5263605246161616,1.6094379124341003,7.08058190121429,3,Loyal Customers,1
16613.0,70,1,618.59,4.2626798770413155,0.6931471805599453,6.429057968967668,1,At Risk Customers,0
16614.0,183,1,506.19,5.214935757608986,0.6931471805599453,6.228885686840323,1,At Risk Customers,0
16616.0,15,2,500.42,2.772588722239781,1.0986122886681098,6.2174440732414,2,Potential Customers,0
16617.0,236,1,151.85,5.4680601411351315,0.6931471805599453,5.029457048336844,1,At Risk Customers,0
16618.0,31,5,2647.59,3.4657359027997265,1.791759469228055,7.881782701906185,3,Loyal Customers,1
16619.0,264,1,226.21,5.579729825986222,0.6931471805599453,5.425874699962912,1,At Risk Customers,0
16620.0,4,2,178.96,1.6094379124341003,1.0986122886681098,5.192734603972972,2,Potential Customers,0
16621.0,52,4,813.48,3.970291913552122,1.6094379124341003,6.70254987279894,3,Loyal Customers,1
16623.0,246,1,129.45,5.5093883366279774,0.6931471805599453,4.870990011582737,1,At Risk Customers,0
16624.0,81,2,810.5699999999999,4.406719247264253,1.0986122886681098,6.6989706432467875,3,Loyal Customers,1
16625.0,275,1,333.08,5.62040086571715,0.6931471805599453,5.811380485254219,1,At Risk Customers,0
16626.0,1,17,4413.1,0.6931471805599453,2.8903717578961645,8.392559241748096,0,Champions,1
16627.0,79,1,322.8,4.382026634673881,0.6931471805599453,5.780126041243535,1,At Risk Customers,0
16628.0,30,5,2188.05,3.4339872044851463,1.791759469228055,7.691222938742128,3,Loyal Customers,1
16629.0,74,2,408.63,4.31748811353631,1.0986122886681098,6.01525431323072,1,At Risk Customers,0
16633.0,17,6,2883.1,2.8903717578961645,1.9459101490553132,7.966968171867508,0,Champions,1
16634.0,223,2,217.9,5.4116460518550396,1.0986122886681098,5.388615004528817,1,At Risk Customers,0
16637.0,32,4,1154.47,3.4965075614664802,1.6094379124341003,7.052262466590724,3,Loyal Customers,1
16638.0,23,10,1680.72,3.1780538303479458,2.3978952727983707,7.427572358185583,0,Champions,1
16639.0,31,3,1257.51,3.4657359027997265,1.3862943611198906,7.137683760511223,3,Loyal Customers,1
16641.0,106,1,231.10000000000002,4.672828834461906,0.6931471805599453,5.447168313280391,1,At Risk Customers,0
16642.0,5,2,688.33,1.791759469228055,1.0986122886681098,6.535720111358577,2,Potential Customers,1
16643.0,246,1,487.51,5.5093883366279774,0.6931471805599453,6.191359942102381,1,At Risk Customers,0
16644.0,178,2,833.78,5.187385805840755,1.0986122886681098,6.72716821708184,1,At Risk Customers,1
16647.0,170,2,214.06,5.14166355650266,1.0986122886681098,5.37091705896238,1,At Risk Customers,0
16648.0,43,1,290.65999999999997,3.784189633918261,0.6931471805599453,5.675588740285419,1,At Risk Customers,0
16650.0,72,1,518.42,4.290459441148391,0.6931471805599453,6.252712804455737,1,At Risk Customers,0
16652.0,59,7,6773.97,4.0943445622221,2.0794415416798357,8.820990217693817,3,Loyal Customers,1
16653.0,16,2,1212.66,2.833213344056216,1.0986122886681098,7.101395866495808,2,Potential Customers,1
16654.0,141,4,601.27,4.955827057601261,1.6094379124341003,6.400705849743913,3,Loyal Customers,0
16655.0,18,6,3789.52,2.9444389791664403,1.9459101490553132,8.240258491831206,0,Champions,1
16656.0,22,15,8625.8,3.1354942159291497,2.772588722239781,9.062628915777825,0,Champions,1
16657.0,10,4,874.43,2.3978952727983707,1.6094379124341003,6.774715194217569,2,Potential Customers,1
16658.0,368,1,123.24,5.910796644040527,0.6931471805599453,4.822215178840431,1,At Risk Customers,0
16659.0,189,1,39.12,5.247024072160486,0.6931471805599453,3.691874963093735,1,At Risk Customers,0
16660.0,16,4,1267.6499999999999,2.833213344056216,1.6094379124341003,7.145708621949827,3,Loyal Customers,1
16665.0,362,1,135.39999999999998,5.8944028342648505,0.6931471805599453,4.915591745409362,1,At Risk Customers,0
16666.0,19,1,118.98,2.995732273553991,0.6931471805599453,4.787325062224947,2,Potential Customers,0
16667.0,68,2,567.1800000000001,4.23410650459726,1.0986122886681098,6.342438269926957,1,At Risk Customers,0
16668.0,15,6,306.71999999999997,2.772588722239781,1.9459101490553132,5.729190278590734,2,Potential Customers,0
16669.0,24,3,1348.88,3.2188758248682006,1.3862943611198906,7.207770978592735,3,Loyal Customers,1
16670.0,17,11,4095.9,2.8903717578961645,2.4849066497880004,8.317985869145499,0,Champions,1
16671.0,28,3,1692.27,3.367295829986474,1.3862943611198906,7.434416849630159,3,Loyal Customers,1
16672.0,2,20,8134.9400000000005,1.0986122886681098,3.044522437723423,9.004046563069934,0,Champions,1
16674.0,55,2,304.24,4.02535169073515,1.0986122886681098,5.721098352421432,1,At Risk Customers,0
16676.0,34,4,1592.1200000000001,3.5553480614894135,1.6094379124341003,7.373449636639775,3,Loyal Customers,1
16678.0,3,12,3109.99,1.3862943611198906,2.5649493574615367,8.042696282491956,0,Champions,1
16679.0,366,1,129.75,5.905361848054571,0.6931471805599453,4.873287102945032,1,At Risk Customers,0
16680.0,43,1,183.7,3.784189633918261,0.6931471805599453,5.218732887205194,1,At Risk Customers,0
16681.0,73,6,1770.34,4.30406509320417,1.9459101490553132,7.479491601287773,3,Loyal Customers,1
16682.0,5,5,1028.0,1.791759469228055,1.791759469228055,6.9363427358340495,2,Potential Customers,1
16684.0,4,28,66653.56,1.6094379124341003,3.367295829986474,11.107278740370788,0,Champions,1
16685.0,61,2,324.24,4.127134385045092,1.0986122886681098,5.784563371339637,1,At Risk Customers,0
16686.0,47,7,2959.88,3.871201010907891,2.0794415416798357,7.993241800431319,3,Loyal Customers,1
16688.0,1,4,1260.86,0.6931471805599453,1.6094379124341003,7.1403421019236415,2,Potential Customers,1
16689.0,76,2,422.59999999999997,4.343805421853684,1.0986122886681098,6.048789613727251,1,At Risk Customers,0
16690.0,72,2,225.57999999999998,4.290459441148391,1.0986122886681098,5.423098083445343,1,At Risk Customers,0
16692.0,256,2,1276.0,5.54907608489522,1.0986122886681098,7.152268856032539,3,Loyal Customers,1
16693.0,69,2,477.86,4.248495242049359,1.0986122886681098,6.171408279115973,1,At Risk Customers,0
16696.0,135,4,657.9000000000001,4.912654885736052,1.6094379124341003,6.490571777919774,3,Loyal Customers,0
16697.0,241,1,112.75,5.488937726156687,0.6931471805599453,4.7340030578310595,1,At Risk Customers,0
16698.0,227,2,1998.0,5.429345628954441,1.0986122886681098,7.6004023345004,3,Loyal Customers,1
16700.0,9,13,5076.55,2.302585092994046,2.6390573296152584,8.532584140771885,0,Champions,1
16701.0,9,13,5398.3,2.302585092994046,2.6390573296152584,8.59402459452009,0,Champions,1
16705.0,1,20,14034.99,0.6931471805599453,3.044522437723423,9.549380024249162,0,Champions,1
16706.0,37,3,531.35,3.6375861597263857,1.3862943611198906,6.277301167760616,2,Potential Customers,0
16708.0,46,1,656.63,3.8501476017100584,0.6931471805599453,6.488642463139346,2,Potential Customers,0
16709.0,85,5,3029.87,4.454347296253507,1.791759469228055,8.016604986002726,3,Loyal Customers,1
16710.0,19,10,2467.99,2.995732273553991,2.3978952727983707,7.811564439114215,0,Champions,1
16711.0,3,5,1651.03,1.3862943611198906,1.791759469228055,7.4097601137223315,0,Champions,1
16712.0,9,11,3611.31,2.302585092994046,2.4849066497880004,8.192102735881804,0,Champions,1
16713.0,19,15,6910.78,2.995732273553991,2.772588722239781,8.840982481273644,0,Champions,1
16714.0,219,3,1129.06,5.393627546352362,1.3862943611198906,7.030026007641905,3,Loyal Customers,1
16715.0,78,1,301.71999999999997,4.3694478524670215,0.6931471805599453,5.712808285863513,1,At Risk Customers,0
16716.0,267,2,901.2,5.5909869805108565,1.0986122886681098,6.804836224974296,1,At Risk Customers,1
16717.0,24,6,3843.08,3.2188758248682006,1.9459101490553132,8.25428958152815,0,Champions,1
16718.0,369,1,606.0500000000001,5.91350300563827,0.6931471805599453,6.408611159989984,1,At Risk Customers,0
16719.0,15,7,1770.22,2.772588722239781,2.0794415416798357,7.479423853670205,0,Champions,1
16720.0,26,1,152.95,3.295836866004329,0.6931471805599453,5.0366278743705095,2,Potential Customers,0
16721.0,262,1,292.47,5.572154032177765,0.6931471805599453,5.681775419393111,1,At Risk Customers,0
16722.0,17,13,4730.81,2.8903717578961645,2.6390573296152584,8.46206307213662,0,Champions,1
16723.0,91,2,576.4,4.5217885770490405,1.0986122886681098,6.358535267228834,1,At Risk Customers,0
16725.0,302,7,758.27,5.713732805509369,2.0794415416798357,6.632357445363575,3,Loyal Customers,1
16726.0,26,5,1358.74,3.295836866004329,1.791759469228055,7.215048783982959,3,Loyal Customers,1
16727.0,364,1,256.32,5.8998973535824915,0.6931471805599453,5.550320446542799,1,At Risk Customers,0
16728.0,46,4,1048.28,3.8501476017100584,1.6094379124341003,6.955859493656283,3,Loyal Customers,1
16729.0,38,21,7205.33,3.6635616461296463,3.091042453358316,8.882715085430164,0,Champions,1
16730.0,52,3,743.11,3.970291913552122,1.3862943611198906,6.612188873366803,3,Loyal Customers,1
16732.0,32,1,603.75,3.4965075614664802,0.6931471805599453,6.404815149490137,2,Potential Customers,0
16734.0,52,3,646.76,3.970291913552122,1.3862943611198906,6.473520257377859,3,Loyal Customers,0
16735.0,79,5,2247.41,4.382026634673881,1.791759469228055,7.717978578725217,3,Loyal Customers,1
16737.0,53,1,417.59999999999997,3.9889840465642745,0.6931471805599453,6.036915810011899,1,At Risk Customers,0
16738.0,298,1,3.75,5.700443573390687,0.6931471805599453,1.55814461804655,1,At Risk Customers,0
16739.0,177,1,323.0,5.181783550292085,0.6931471805599453,5.780743515792329,1,At Risk Customers,0
16742.0,47,1,464.9,3.871201010907891,0.6931471805599453,6.143971018822751,1,At Risk Customers,0
16743.0,29,7,2213.13,3.4011973816621555,2.0794415416798357,7.702614828798631,3,Loyal Customers,1
16744.0,11,7,1291.91,2.4849066497880004,2.0794415416798357,7.164650770780832,0,Champions,1
16745.0,87,17,7180.7,4.477336814478207,2.8903717578961645,8.87929140281919,0,Champions,1
16746.0,5,18,6680.11,1.791759469228055,2.9444389791664403,8.807039420391044,0,Champions,1
16747.0,38,2,836.06,3.6635616461296463,1.0986122886681098,6.729895752508072,3,Loyal Customers,1
16748.0,18,5,1515.9,2.9444389791664403,1.791759469228055,7.324424057597627,3,Loyal Customers,1
16750.0,45,5,623.93,3.828641396489095,1.791759469228055,6.437639643463933,3,Loyal Customers,0
16751.0,31,1,1764.72,3.4657359027997265,0.6931471805599453,7.476313818197086,3,Loyal Customers,1
16752.0,373,1,207.5,5.924255797414532,0.6931471805599453,5.339939041238856,1,At Risk Customers,0
16753.0,58,1,223.92000000000002,4.07753744390572,0.6931471805599453,5.415744783424001,1,At Risk Customers,0
16754.0,372,1,2002.4,5.921578419643816,0.6931471805599453,7.602601016177664,1,At Risk Customers,1
16755.0,114,3,1475.43,4.74493212836325,1.3862943611198906,7.2973822906459604,3,Loyal Customers,1
16756.0,215,1,239.4,5.375278407684165,0.6931471805599453,5.4823042026610525,1,At Risk Customers,0
16757.0,319,1,106.83000000000001,5.768320995793772,0.6931471805599453,4.680555912893981,1,At Risk Customers,0
16758.0,65,1,369.34000000000003,4.189654742026425,0.6931471805599453,5.91442150260967,1,At Risk Customers,0
16759.0,8,3,789.79,2.1972245773362196,1.3862943611198906,6.673032445794151,2,Potential Customers,1
16761.0,97,1,316.62,4.584967478670572,0.6931471805599453,5.760855699682501,1,At Risk Customers,0
16762.0,20,3,1207.24,3.044522437723423,1.3862943611198906,7.096920034258086,3,Loyal Customers,1
16763.0,199,1,611.85,5.298317366548036,0.6931471805599453,6.418120207787174,1,At Risk Customers,0
16764.0,4,13,2790.9500000000003,1.6094379124341003,2.6390573296152584,7.934495555412452,0,Champions,1
16765.0,294,1,34.0,5.68697535633982,0.6931471805599453,3.5553480614894135,1,At Risk Customers,0
16766.0,273,2,1145.6,5.6131281063880705,1.0986122886681098,7.044556320474283,1,At Risk Customers,1
16767.0,31,11,5575.56,3.4657359027997265,2.4849066497880004,8.626327377813633,0,Champions,1
16768.0,48,3,478.09000000000003,3.8918202981106265,1.3862943611198906,6.17188847120203,3,Loyal Customers,0
16769.0,260,1,361.54,5.564520407322694,0.6931471805599453,5.893134813034773,1,At Risk Customers,0
16770.0,58,5,757.1,4.07753744390572,1.791759469228055,6.630815303062258,3,Loyal Customers,1
16771.0,33,5,2242.61,3.5263605246161616,1.791759469228055,7.715841454746731,3,Loyal Customers,1
16773.0,57,1,171.59,4.060443010546419,0.6931471805599453,5.150918839543312,1,At Risk Customers,0
16774.0,68,4,661.52,4.23410650459726,1.6094379124341003,6.496050746083953,3,Loyal Customers,0
16775.0,10,11,1691.51,2.3978952727983707,2.4849066497880004,7.433967913188473,0,Champions,1
16776.0,60,1,371.54,4.110873864173311,0.6931471805599453,5.920344414604856,1,At Risk Customers,0
16777.0,80,2,222.62,4.394449154672439,1.0986122886681098,5.409948182719222,1,At Risk Customers,0
16778.0,74,2,245.94,4.31748811353631,1.0986122886681098,5.509145392139597,1,At Risk Customers,0
16779.0,2,22,10611.720000000001,1.0986122886681098,3.1354942159291497,9.26980856067564,0,Champions,1
16780.0,100,2,422.24,4.61512051684126,1.0986122886681098,6.047939394035961,1,At Risk Customers,0
16781.0,372,1,311.25,5.921578419643816,0.6931471805599453,5.743804149005687,1,At Risk Customers,0
16782.0,10,13,2267.9500000000003,2.3978952727983707,2.6390573296152584,7.727072448397774,0,Champions,1
16784.0,20,1,107.6,3.044522437723423,0.6931471805599453,4.687671407499835,2,Potential Customers,0
16788.0,123,2,594.39,4.820281565605037,1.0986122886681098,6.3892166530089884,1,At Risk Customers,0
16789.0,8,1,80.8,2.1972245773362196,0.6931471805599453,4.404277243608702,2,Potential Customers,0
16790.0,4,6,1545.6200000000001,1.6094379124341003,1.9459101490553132,7.343827183683202,0,Champions,1
16791.0,29,7,1705.78,3.4011973816621555,2.0794415416798357,7.442363833410647,3,Loyal Customers,1
16792.0,282,2,110.38000000000001,5.645446897643238,1.0986122886681098,4.7129477781615225,1,At Risk Customers,0
16793.0,57,1,243.84,4.060443010546419,0.6931471805599453,5.500604935982869,1,At Risk Customers,0
16794.0,1,10,1196.5,0.6931471805599453,2.3978952727983707,7.08799132928507,0,Champions,1
16795.0,365,1,414.88,5.902633333401366,0.6931471805599453,6.030396757109769,1,At Risk Customers,0
16796.0,89,1,305.62,4.499809670330265,0.6931471805599453,5.725609195882308,1,At Risk Customers,0
16800.0,11,1,1162.65,2.4849066497880004,0.6931471805599453,7.0593168957906745,2,Potential Customers,1
16801.0,163,4,1594.23,5.099866427824199,1.6094379124341003,7.374773205449993,3,Loyal Customers,1
16803.0,65,1,332.3,4.189654742026425,0.6931471805599453,5.8090429853136945,1,At Risk Customers,0
16804.0,23,3,536.99,3.1780538303479458,1.3862943611198906,6.287839972628443,2,Potential Customers,0
16805.0,174,2,460.59,5.1647859739235145,1.0986122886681098,6.134677051181064,1,At Risk Customers,0
16806.0,103,4,762.16,4.6443908991413725,1.6094379124341003,6.63746770785911,3,Loyal Customers,1
16807.0,143,3,1121.59,4.969813299576001,1.3862943611198906,7.02339379457603,3,Loyal Customers,1
16808.0,99,2,288.42,4.605170185988092,1.0986122886681098,5.667878920309847,1,At Risk Customers,0
16809.0,23,5,914.69,3.1780538303479458,1.791759469228055,6.81967787944687,3,Loyal Customers,1
16810.0,192,1,309.54,5.262690188904886,0.6931471805599453,5.738312717553024,1,At Risk Customers,0
16811.0,5,2,547.07,1.791759469228055,1.0986122886681098,6.3064030160165885,2,Potential Customers,0
16812.0,361,1,479.35,5.8916442118257715,0.6931471805599453,6.174515004855747,1,At Risk Customers,0
16813.0,8,10,1652.18,2.1972245773362196,2.3978952727983707,7.410455984814581,0,Champions,1
16814.0,14,21,6416.7,2.70805020110221,3.091042453358316,8.766815077043479,0,Champions,1
16816.0,103,4,417.06,4.6443908991413725,1.6094379124341003,6.035624962893636,3,Loyal Customers,0
16817.0,3,9,1604.75,1.3862943611198906,2.302585092994046,7.381346216137902,0,Champions,1
16818.0,11,11,3349.57,2.4849066497880004,2.4849066497880004,8.116885759599102,0,Champions,1
16820.0,96,1,497.61,4.574710978503383,0.6931471805599453,6.211824227045576,1,At Risk Customers,0
16823.0,227,1,358.38,5.429345628954441,0.6931471805599453,5.8843803244983075,1,At Risk Customers,0
16824.0,16,2,460.64,2.833213344056216,1.0986122886681098,6.134785366552204,2,Potential Customers,0
16825.0,39,2,775.1800000000001,3.6888794541139363,1.0986122886681098,6.6543844520478315,3,Loyal Customers,1
16826.0,51,1,341.7,3.9512437185814275,0.6931471805599453,5.836855428880563,1,At Risk Customers,0
16828.0,93,2,128.5,4.543294782270004,1.0986122886681098,4.863680881139593,1,At Risk Customers,0
16829.0,157,1,197.22,5.062595033026967,0.6931471805599453,5.289377524978562,1,At Risk Customers,0
16830.0,39,1,325.91,3.6888794541139363,0.6931471805599453,5.789684903656904,2,Potential Customers,0
16832.0,184,3,199.15,5.220355825078324,1.3862943611198906,5.299067085438582,1,At Risk Customers,0
16833.0,1,4,1106.53,0.6931471805599453,1.6094379124341003,7.0098875895885335,2,Potential Customers,1
16834.0,228,1,413.46,5.43372200355424,0.6931471805599453,6.026976468109342,1,At Risk Customers,0
16835.0,128,2,180.85,4.859812404361672,1.0986122886681098,5.203182171432998,1,At Risk Customers,0
16836.0,40,2,251.87,3.713572066704308,1.0986122886681098,5.5328755226775,2,Potential Customers,0
16837.0,31,11,3170.98,3.4657359027997265,2.4849066497880004,8.062111277564622,0,Champions,1
16838.0,197,2,588.85,5.288267030694535,1.0986122886681098,6.3798682672878515,1,At Risk Customers,0
16839.0,9,34,16594.35,2.302585092994046,3.5553480614894135,9.716877814621636,0,Champions,1
16841.0,37,6,1869.82,3.6375861597263857,1.9459101490553132,7.534132116408228,3,Loyal Customers,1
16842.0,101,3,1264.19,4.624972813284271,1.3862943611198906,7.142977587511544,3,Loyal Customers,1
16843.0,43,16,10196.57,3.784189633918261,2.833213344056216,9.22990473559571,0,Champions,1
16846.0,50,1,214.32,3.9318256327243257,0.6931471805599453,5.372125293692757,1,At Risk Customers,0
16847.0,43,1,193.44,3.784189633918261,0.6931471805599453,5.270123632177254,1,At Risk Customers,0
16848.0,53,1,281.42,3.9889840465642745,0.6931471805599453,5.643395324641106,1,At Risk Customers,0
16849.0,187,1,124.57,5.236441962829949,0.6931471805599453,4.8328633720008725,1,At Risk Customers,0
16850.0,334,1,332.41,5.814130531825066,0.6931471805599453,5.809372963868082,1,At Risk Customers,0
16851.0,4,3,342.45,1.6094379124341003,1.3862943611198906,5.839041540659891,2,Potential Customers,0
16852.0,10,2,144.91000000000003,2.3978952727983707,1.0986122886681098,4.982989993275932,2,Potential Customers,0
16855.0,24,2,328.4,3.2188758248682006,1.0986122886681098,5.79727281774354,2,Potential Customers,0
16856.0,15,1,35.400000000000006,2.772588722239781,0.6931471805599453,3.594568774642695,2,Potential Customers,0
16858.0,369,1,375.69000000000005,5.91350300563827,0.6931471805599453,5.931422568022302,1,At Risk Customers,0
16859.0,145,2,747.81,4.983606621708336,1.0986122886681098,6.618485279775063,1,At Risk Customers,1
16861.0,60,2,173.76,4.110873864173311,1.0986122886681098,5.163413604083235,1,At Risk Customers,0
16863.0,31,2,502.8,3.4657359027997265,1.0986122886681098,6.22217936391851,2,Potential Customers,0
16866.0,141,3,207.73999999999998,4.955827057601261,1.3862943611198906,5.341089458391906,1,At Risk Customers,0
16869.0,23,4,817.12,3.1780538303479458,1.6094379124341003,6.707009025109966,3,Loyal Customers,1
16871.0,22,6,2812.34,3.1354942159291497,1.9459101490553132,7.942127668587332,3,Loyal Customers,1
16872.0,77,3,680.02,4.356708826689592,1.3862943611198906,6.523591674293888,3,Loyal Customers,1
16873.0,5,6,7123.62,1.791759469228055,1.9459101490553132,8.871311670381246,0,Champions,1
16875.0,67,5,2095.53,4.219507705176107,1.791759469228055,7.648038876071995,3,Loyal Customers,1
16877.0,12,6,846.62,2.5649493574615367,1.9459101490553132,6.742432422151628,3,Loyal Customers,1
16878.0,84,1,13.3,4.442651256490317,0.6931471805599453,2.6602595372658615,1,At Risk Customers,0
16880.0,31,7,1491.43,3.4657359027997265,2.0794415416798357,7.308160942994333,3,Loyal Customers,1
16881.0,67,1,432.0,4.219507705176107,0.6931471805599453,6.07073772800249,1,At Risk Customers,0
16882.0,67,3,705.12,4.219507705176107,1.3862943611198906,6.559785194721083,3,Loyal Customers,1
16883.0,187,2,272.48,5.236441962829949,1.0986122886681098,5.611228493045593,1,At Risk Customers,0
16884.0,38,2,429.84000000000003,3.6635616461296463,1.0986122886681098,6.0657367914825695,2,Potential Customers,0
16885.0,15,3,450.41,2.772588722239781,1.3862943611198906,6.112376017438897,2,Potential Customers,0
16887.0,35,1,192.32999999999998,3.58351893845611,0.6931471805599453,5.264398573344411,1,At Risk Customers,0
16889.0,195,3,1578.67,5.278114659230517,1.3862943611198906,7.364971243447073,3,Loyal Customers,1
16891.0,2,5,742.43,1.0986122886681098,1.791759469228055,6.6112746121740065,2,Potential Customers,1
16892.0,1,5,518.19,0.6931471805599453,1.791759469228055,6.25226990480378,2,Potential Customers,0
16893.0,367,1,145.93,5.908082938168931,0.6931471805599453,4.989956282887855,1,At Risk Customers,0
16895.0,65,1,202.27,4.189654742026425,0.6931471805599453,5.31453514457087,1,At Risk Customers,0
16897.0,299,2,289.78,5.703782474656201,1.0986122886681098,5.672566967503279,1,At Risk Customers,0
16898.0,26,3,501.03,3.295836866004329,1.3862943611198906,6.218659878862289,2,Potential Customers,0
16899.0,8,6,1271.06,2.1972245773362196,1.9459101490553132,7.148392912598927,0,Champions,1
16900.0,17,3,887.11,2.8903717578961645,1.3862943611198906,6.789095609194309,2,Potential Customers,1
16902.0,116,1,1706.88,4.762173934797756,0.6931471805599453,7.443008114269093,3,Loyal Customers,1
16903.0,29,1,363.2,3.4011973816621555,0.6931471805599453,5.897703167293508,2,Potential Customers,0
16904.0,4,16,3653.75,1.6094379124341003,2.833213344056216,8.203782970391725,0,Champions,1
16905.0,5,7,3037.6,1.791759469228055,2.0794415416798357,8.019152162009666,0,Champions,1
16906.0,82,4,559.59,4.418840607796598,1.6094379124341003,6.328989800540907,3,Loyal Customers,0
16907.0,29,5,928.76,3.4011973816621555,1.791759469228055,6.834926488326795,3,Loyal Customers,1
16909.0,72,1,379.14,4.290459441148391,0.6931471805599453,5.940539605922692,1,At Risk Customers,0
16910.0,4,8,1508.96,1.6094379124341003,2.1972245773362196,7.3198384393918765,0,Champions,1
16912.0,29,11,2555.58,3.4011973816621555,2.4849066497880004,7.846425706813547,0,Champions,1
16913.0,290,1,113.44,5.673323267171493,0.6931471805599453,4.74005066818191,1,At Risk Customers,0
16914.0,36,1,183.76,3.6109179126442243,0.6931471805599453,5.2190576855624045,1,At Risk Customers,0
16915.0,9,6,621.6800000000001,2.302585092994046,1.9459101490553132,6.4340327431676485,2,Potential Customers,0
16916.0,24,2,562.41,3.2188758248682006,1.0986122886681098,6.334007604663525,2,Potential Customers,0
16917.0,277,1,391.52,5.627621113690637,0.6931471805599453,5.972587491338293,1,At Risk Customers,0
16918.0,50,6,1068.82,3.9318256327243257,1.9459101490553132,6.975245689005592,3,Loyal Customers,1
16919.0,156,11,2592.25,5.056245805348308,2.4849066497880004,7.8606671943119375,3,Loyal Customers,1
16921.0,61,1,154.18,4.127134385045092,0.6931471805599453,5.044585733465803,1,At Risk Customers,0
16923.0,12,19,7069.08,2.5649493574615367,2.995732273553991,8.863627074243855,0,Champions,1
16924.0,21,3,829.89,3.091042453358316,1.3862943611198906,6.722497415455896,2,Potential Customers,1
16926.0,371,1,230.25,5.918893854273146,0.6931471805599453,5.443499376392535,1,At Risk Customers,0
16927.0,116,3,543.05,4.762173934797756,1.3862943611198906,6.299041154397021,3,Loyal Customers,0
16928.0,80,17,2814.7,4.394449154672439,2.8903717578961645,7.942966177511865,0,Champions,1
16929.0,4,7,1295.39,1.6094379124341003,2.0794415416798357,7.167338757569021,0,Champions,1
16930.0,26,3,378.89,3.295836866004329,1.3862943611198906,5.9398817371306265,2,Potential Customers,0
16931.0,5,21,4554.87,1.791759469228055,3.091042453358316,8.424171790358395,0,Champions,1
16932.0,53,1,150.23000000000002,3.9889840465642745,0.6931471805599453,5.018801856762649,1,At Risk Customers,0
16933.0,1,2,563.23,0.6931471805599453,1.0986122886681098,6.335461969788099,2,Potential Customers,0
16934.0,55,2,931.03,4.02535169073515,1.0986122886681098,6.837365003008744,3,Loyal Customers,1
16936.0,26,1,261.9,3.295836866004329,0.6931471805599453,5.571773731735836,2,Potential Customers,0
16938.0,9,4,2711.6800000000003,2.302585092994046,1.6094379124341003,7.905692355094029,0,Champions,1
16940.0,52,3,3049.88,3.970291913552122,1.3862943611198906,8.023185352576407,3,Loyal Customers,1
16942.0,13,9,1904.99,2.6390573296152584,2.302585092994046,7.5527568376106675,0,Champions,1
16943.0,212,3,816.73,5.3612921657094255,1.3862943611198906,6.706532208766916,3,Loyal Customers,1
16945.0,22,19,4345.5,3.1354942159291497,2.995732273553991,8.377126202519118,0,Champions,1
16947.0,236,1,406.48,5.4680601411351315,0.6931471805599453,6.009991851721866,1,At Risk Customers,0
16948.0,139,3,435.02,4.941642422609304,1.3862943611198906,6.0776881138566,1,At Risk Customers,0
16949.0,4,6,1286.27,1.6094379124341003,1.9459101490553132,7.160278975803028,0,Champions,1
16950.0,57,3,1178.56,4.060443010546419,1.3862943611198906,7.072896766566239,3,Loyal Customers,1
16951.0,135,3,1277.75,4.912654885736052,1.3862943611198906,7.153638317265837,3,Loyal Customers,1
16952.0,109,2,167.61,4.700480365792417,1.0986122886681098,5.127588355789889,1,At Risk Customers,0
16953.0,30,1,20.8,3.4339872044851463,0.6931471805599453,3.0819099697950434,1,At Risk Customers,0
16954.0,1,9,2085.08,0.6931471805599453,2.302585092994046,7.643041985736175,0,Champions,1
16955.0,185,4,518.67,5.225746673713202,1.6094379124341003,6.25319399473728,3,Loyal Customers,0
16956.0,18,1,308.74,2.9444389791664403,0.6931471805599453,5.735733235888028,2,Potential Customers,0
16957.0,239,2,416.64,5.480638923341991,1.0986122886681098,6.03461981742191,1,At Risk Customers,0
16959.0,87,1,117.35000000000001,4.477336814478207,0.6931471805599453,4.773646335959993,1,At Risk Customers,0
16960.0,39,3,507.05,3.6888794541139363,1.3862943611198906,6.2305798679318904,2,Potential Customers,0
16961.0,116,1,234.17,4.762173934797756,0.6931471805599453,5.46030865686874,1,At Risk Customers,0
16963.0,187,1,110.55000000000001,5.236441962829949,0.6931471805599453,4.714472920878541,1,At Risk Customers,0
16965.0,227,1,201.19,5.429345628954441,0.6931471805599453,5.309207849379209,1,At Risk Customers,0
16966.0,8,7,2154.97,2.1972245773362196,2.0794415416798357,7.675996017275306,0,Champions,1
16967.0,189,1,319.02,5.247024072160486,0.6931471805599453,5.768383493840728,1,At Risk Customers,0
16968.0,4,2,439.43,1.6094379124341003,1.0986122886681098,6.087751522419478,2,Potential Customers,0
16969.0,39,3,650.41,3.6888794541139363,1.3862943611198906,6.479139244274806,3,Loyal Customers,0
16971.0,38,1,357.21,3.6635616461296463,0.6931471805599453,5.881119406601529,2,Potential Customers,0
16976.0,267,1,251.51999999999998,5.5909869805108565,0.6931471805599453,5.5314904534994245,1,At Risk Customers,0
16978.0,78,1,344.33,4.3694478524670215,0.6931471805599453,5.84450048159508,1,At Risk Customers,0
16979.0,4,6,1852.0,1.6094379124341003,1.9459101490553132,7.52456122628536,0,Champions,1
16980.0,255,2,1028.46,5.545177444479562,1.0986122886681098,6.936789671900485,1,At Risk Customers,1
16982.0,61,1,384.06,4.127134385045092,0.6931471805599453,5.95339916630119,1,At Risk Customers,0
16983.0,13,7,1905.87,2.6390573296152584,2.0794415416798357,7.5532184333763785,0,Champions,1
16984.0,88,2,4459.52,4.48863636973214,1.0986122886681098,8.40302063014605,3,Loyal Customers,1
16985.0,17,10,5464.12,2.8903717578961645,2.3978952727983707,8.606141358283566,0,Champions,1
16986.0,30,2,1873.2,3.4339872044851463,1.0986122886681098,7.535937180689723,3,Loyal Customers,1
16987.0,3,7,1616.8,1.3862943611198906,2.0794415416798357,7.388822480583852,0,Champions,1
16988.0,5,1,126.12,1.791759469228055,0.6931471805599453,4.845131522228461,2,Potential Customers,0
16989.0,7,6,1133.25,2.0794415416798357,1.9459101490553132,7.033726918544073,0,Champions,1
16990.0,219,1,179.0,5.393627546352362,0.6931471805599453,5.19295685089021,1,At Risk Customers,0
16992.0,11,5,1614.31,2.4849066497880004,1.791759469228055,7.38728216770102,3,Loyal Customers,1
16996.0,30,6,1456.96,3.4339872044851463,1.9459101490553132,7.284793477350012,3,Loyal Customers,1
16997.0,288,3,702.0,5.666426688112432,1.3862943611198906,6.555356891810665,1,At Risk Customers,1
16998.0,150,4,295.0,5.017279836814924,1.6094379124341003,5.69035945432406,1,At Risk Customers,0
16999.0,23,2,484.82,3.1780538303479458,1.0986122886681098,6.185838184926078,2,Potential Customers,0
17001.0,1,11,3989.57,0.6931471805599453,2.4849066497880004,8.291689356823657,0,Champions,1
17002.0,86,3,1493.73,4.465908118654584,1.3862943611198906,7.309700867507591,3,Loyal Customers,1
17004.0,46,2,1312.1399999999999,3.8501476017100584,1.0986122886681098,7.180176494665863,3,Loyal Customers,1
17006.0,5,4,781.78,1.791759469228055,1.6094379124341003,6.6628516858853635,2,Potential Customers,1
17007.0,51,6,889.9300000000001,3.9512437185814275,1.9459101490553132,6.7922658609726465,3,Loyal Customers,1
17010.0,18,1,195.36,2.9444389791664403,0.6931471805599453,5.279949709189852,2,Potential Customers,0
17011.0,30,1,270.9,3.4339872044851463,0.6931471805599453,5.605434351638425,2,Potential Customers,0
17014.0,8,3,583.4300000000001,2.1972245773362196,1.3862943611198906,6.370637013261223,2,Potential Customers,0
17015.0,29,3,1838.6100000000001,3.4011973816621555,1.3862943611198906,7.5173088716153345,3,Loyal Customers,1
17017.0,3,20,8694.26,1.3862943611198906,3.044522437723423,9.070533328583988,0,Champions,1
17018.0,41,2,920.1,3.7376696182833684,1.0986122886681098,6.82556860799419,3,Loyal Customers,1
17019.0,11,4,1258.08,2.4849066497880004,1.6094379124341003,7.138136574519652,2,Potential Customers,1
17022.0,31,1,71.0,3.4657359027997265,0.6931471805599453,4.276666119016055,1,At Risk Customers,0
17024.0,45,3,95.85,3.828641396489095,1.3862943611198906,4.573163389853005,1,At Risk Customers,0
17025.0,61,3,357.77,4.127134385045092,1.3862943611198906,5.882681514648826,1,At Risk Customers,0
17026.0,185,2,154.82999999999998,5.225746673713202,1.0986122886681098,5.048765669457523,1,At Risk Customers,0
17027.0,79,6,877.5600000000001,4.382026634673881,1.9459101490553132,6.778284203530562,3,Loyal Customers,1
17029.0,111,2,716.0,4.718498871295094,1.0986122886681098,6.57507584059962,1,At Risk Customers,1
17030.0,64,1,146.87,4.174387269895637,0.6931471805599453,4.996333509385396,1,At Risk Customers,0
17031.0,12,2,380.35,2.5649493574615367,1.0986122886681098,5.943717588610248,2,Potential Customers,0
17033.0,86,3,1030.14,4.465908118654584,1.3862943611198906,6.9384202652929305,3,Loyal Customers,1
17034.0,16,3,745.52,2.833213344056216,1.3862943611198906,6.615422408314929,2,Potential Customers,1
17035.0,246,2,433.53000000000003,5.5093883366279774,1.0986122886681098,6.07426498720113,1,At Risk Customers,0
17037.0,88,1,1267.32,4.48863636973214,0.6931471805599453,7.145448469088846,1,At Risk Customers,1
17038.0,30,1,112.4,3.4339872044851463,0.6931471805599453,4.730921391293652,2,Potential Customers,0
17040.0,138,1,449.73,4.9344739331306915,0.6931471805599453,6.110868490605405,1,At Risk Customers,0
17041.0,27,3,1071.49,3.332204510175204,1.3862943611198906,6.977738326749379,3,Loyal Customers,1
17042.0,3,5,1036.58,1.3862943611198906,1.791759469228055,6.944646357565886,2,Potential Customers,1
17043.0,32,4,1735.18,3.4965075614664802,1.6094379124341003,7.459442576481153,3,Loyal Customers,1
17044.0,25,1,948.48,3.258096538021482,0.6931471805599453,6.855914466312751,2,Potential Customers,1
17045.0,113,3,339.44,4.736198448394496,1.3862943611198906,5.83023889860876,1,At Risk Customers,0
17046.0,157,1,642.02,5.062595033026967,0.6931471805599453,6.466175827952961,1,At Risk Customers,0
17047.0,85,3,1100.9,4.454347296253507,1.3862943611198906,7.004791241493732,3,Loyal Customers,1
17048.0,118,3,925.35,4.77912349311153,1.3862943611198906,6.831252132996021,3,Loyal Customers,1
17049.0,3,9,5655.03,1.3862943611198906,2.302585092994046,8.64047751166418,0,Champions,1
17050.0,96,6,3185.64,4.574710978503383,1.9459101490553132,8.066722349141488,3,Loyal Customers,1
17051.0,194,1,240.89000000000001,5.272999558563747,0.6931471805599453,5.48848307736504,1,At Risk Customers,0
17052.0,28,1,399.09,3.367295829986474,0.6931471805599453,5.9916895217992785,2,Potential Customers,0
17053.0,131,1,498.48,4.882801922586371,0.6931471805599453,6.213567557246944,1,At Risk Customers,0
17054.0,28,5,1356.33,3.367295829986474,1.791759469228055,7.213274813763555,3,Loyal Customers,1
17058.0,82,3,1179.89,4.418840607796598,1.3862943611198906,7.074023670453844,3,Loyal Customers,1
17059.0,30,5,3080.39,3.4339872044851463,1.791759469228055,8.033136072864288,3,Loyal Customers,1
17060.0,266,1,234.24,5.58724865840025,0.6931471805599453,5.460606269591755,1,At Risk Customers,0
17061.0,74,11,5232.2300000000005,4.31748811353631,2.4849066497880004,8.56278395725042,0,Champions,1
17062.0,314,4,533.33,5.752572638825633,1.6094379124341003,6.281013625618804,1,At Risk Customers,0
17063.0,21,7,1461.14,3.091042453358316,2.0794415416798357,7.287656394959027,3,Loyal Customers,1
17064.0,59,3,855.45,4.0943445622221,1.3862943611198906,6.752795938943994,3,Loyal Customers,1
17068.0,12,21,4552.14,2.5649493574615367,3.091042453358316,8.423572383818774,0,Champions,1
17069.0,28,9,2709.7000000000003,3.367295829986474,2.302585092994046,7.904962183102404,0,Champions,1
17070.0,114,1,304.24,4.74493212836325,0.6931471805599453,5.721098352421432,1,At Risk Customers,0
17071.0,28,9,2429.03,3.367295829986474,2.302585092994046,7.795658881937399,0,Champions,1
17073.0,18,4,1446.09,2.9444389791664403,1.6094379124341003,7.277309922347601,3,Loyal Customers,1
17075.0,18,4,834.12,2.9444389791664403,1.6094379124341003,6.727575427100043,2,Potential Customers,1
17076.0,36,3,841.0799999999999,3.6109179126442243,1.3862943611198906,6.735875021605469,3,Loyal Customers,1
17078.0,36,2,378.2,3.6109179126442243,1.0986122886681098,5.938063770380866,2,Potential Customers,0
17079.0,78,1,118.80000000000001,4.3694478524670215,0.6931471805599453,4.785823685681349,1,At Risk Customers,0
17080.0,22,2,287.62,3.1354942159291497,1.0986122886681098,5.665110944007932,2,Potential Customers,0
17081.0,25,2,288.91,3.258096538021482,1.0986122886681098,5.669570529986012,2,Potential Customers,0
17082.0,33,2,2003.85,3.5263605246161616,1.0986122886681098,7.603324523974459,3,Loyal Customers,1
17083.0,109,3,1405.78,4.700480365792417,1.3862943611198906,7.249058683836842,3,Loyal Customers,1
17084.0,35,2,2747.9900000000002,3.58351893845611,1.0986122886681098,7.918988850472198,3,Loyal Customers,1
17085.0,123,5,1562.4,4.820281565605037,1.791759469228055,7.35461821578623,3,Loyal Customers,1
17086.0,7,6,2050.08,2.0794415416798357,1.9459101490553132,7.626121762674929,0,Champions,1
17088.0,28,4,1991.01,3.367295829986474,1.6094379124341003,7.596899458212264,3,Loyal Customers,1
17090.0,4,7,1974.65,1.6094379124341003,2.0794415416798357,7.588652737113165,0,Champions,1
17091.0,3,9,3827.76,1.3862943611198906,2.302585092994046,8.250296269962053,0,Champions,1
17092.0,50,4,1774.03,3.9318256327243257,1.6094379124341003,7.48157260317514,3,Loyal Customers,1
17094.0,322,1,302.0,5.777652323222656,0.6931471805599453,5.713732805509369,1,At Risk Customers,0
17095.0,23,3,1324.16,3.1780538303479458,1.3862943611198906,7.189288485847039,3,Loyal Customers,1
17096.0,15,4,1022.13,2.772588722239781,1.6094379124341003,6.930621835101851,3,Loyal Customers,1
17097.0,2,8,954.42,1.0986122886681098,2.1972245773362196,6.862151034377116,0,Champions,1
17100.0,18,2,971.74,2.9444389791664403,1.0986122886681098,6.880116831678181,2,Potential Customers,1
17101.0,10,4,1621.73,2.3978952727983707,1.6094379124341003,7.391865195080271,3,Loyal Customers,1
17102.0,262,1,25.5,5.572154032177765,0.6931471805599453,3.2771447329921766,1,At Risk Customers,0
17105.0,159,2,665.78,5.075173815233827,1.0986122886681098,6.50246015642561,1,At Risk Customers,0
17107.0,33,6,10797.48,3.5263605246161616,1.9459101490553132,9.287160662466663,0,Champions,1
17109.0,29,6,881.29,3.4011973816621555,1.9459101490553132,6.782520800150454,3,Loyal Customers,1
17110.0,165,1,163.29999999999998,5.111987788356544,0.6931471805599453,5.101694025043222,1,At Risk Customers,0
17111.0,47,1,231.61,3.871201010907891,0.6931471805599453,5.449363231421816,1,At Risk Customers,0
17114.0,6,8,801.12,1.9459101490553132,2.1972245773362196,6.687258222608833,0,Champions,1
17115.0,8,3,837.5,2.1972245773362196,1.3862943611198906,6.731614581263264,2,Potential Customers,1
17117.0,288,1,116.19999999999999,5.666426688112432,0.6931471805599453,4.763881877142913,1,At Risk Customers,0
17118.0,318,1,157.02,5.765191102784844,0.6931471805599453,5.062721607294587,1,At Risk Customers,0
17119.0,3,2,606.91,1.3862943611198906,1.0986122886681098,6.410026844693401,2,Potential Customers,0
17120.0,233,1,307.46,5.455321115357702,0.6931471805599453,5.731592175295468,1,At Risk Customers,0
17122.0,119,1,138.32,4.787491742782046,0.6931471805599453,4.9367734454978,1,At Risk Customers,0
17123.0,162,1,345.29999999999995,5.093750200806762,0.6931471805599453,5.847305451408376,1,At Risk Customers,0
17124.0,185,1,294.24,5.225746673713202,0.6931471805599453,5.687788584901852,1,At Risk Customers,0
17125.0,50,1,230.5,3.9318256327243257,0.6931471805599453,5.444579873526289,1,At Risk Customers,0
17126.0,152,5,989.45,5.030437921392435,1.791759469228055,6.89815938530869,3,Loyal Customers,1
17128.0,335,1,157.09,5.817111159963204,0.6931471805599453,5.063164491108096,1,At Risk Customers,0
17131.0,5,5,2463.17,1.791759469228055,1.791759469228055,7.8096103157799615,0,Champions,1
17133.0,16,7,4892.240000000001,2.833213344056216,2.0794415416798357,8.495609939749011,0,Champions,1
17134.0,107,2,413.2,4.68213122712422,1.0986122886681098,6.026348948961484,1,At Risk Customers,0
17135.0,16,7,1139.73,2.833213344056216,2.0794415416798357,7.039423687328594,3,Loyal Customers,1
17138.0,276,1,380.5,5.6240175061873385,0.6931471805599453,5.9441108507245115,1,At Risk Customers,0
17139.0,16,12,10650.77,2.833213344056216,2.5649493574615367,9.273481354511448,0,Champions,1
17140.0,247,1,454.12,5.5134287461649825,0.6931471805599453,6.1205611204423915,1,At Risk Customers,0
17142.0,239,1,579.0,5.480638923341991,0.6931471805599453,6.363028103540465,1,At Risk Customers,0
17144.0,1,2,984.57,0.6931471805599453,1.0986122886681098,6.893220154004312,2,Potential Customers,1
17146.0,106,3,749.78,4.672828834461906,1.3862943611198906,6.621112666105018,3,Loyal Customers,1
17147.0,23,4,1714.59,3.1780538303479458,1.6094379124341003,7.447512323761201,3,Loyal Customers,1
17148.0,52,1,124.88,3.970291913552122,0.6931471805599453,4.835329072196206,1,At Risk Customers,0
17152.0,195,3,1689.5,5.278114659230517,1.3862943611198906,7.43277962214794,3,Loyal Customers,1
17153.0,24,1,213.78,3.2188758248682006,0.6931471805599453,5.369614248430071,2,Potential Customers,0
17154.0,75,1,329.34,4.330733340286331,0.6931471805599453,5.800122427092944,1,At Risk Customers,0
17155.0,18,2,251.70000000000002,2.9444389791664403,1.0986122886681098,5.532203014394149,2,Potential Customers,0
17157.0,8,2,319.0,2.1972245773362196,1.0986122886681098,5.768320995793772,2,Potential Customers,0
17158.0,32,3,1266.97,3.4965075614664802,1.3862943611198906,7.145172475411292,3,Loyal Customers,1
17159.0,22,3,1538.88,3.1354942159291497,1.3862943611198906,7.33945977029367,3,Loyal Customers,1
17160.0,31,6,3518.03,3.4657359027997265,1.9459101490553132,8.165940662434437,3,Loyal Customers,1
17162.0,29,10,1715.46,3.4011973816621555,2.3978952727983707,7.448019309392898,0,Champions,1
17163.0,22,2,293.1,3.1354942159291497,1.0986122886681098,5.68391984555995,2,Potential Customers,0
17164.0,33,7,2467.35,3.5263605246161616,2.0794415416798357,7.811305190205457,3,Loyal Customers,1
17165.0,284,1,158.68,5.652489180268651,0.6931471805599453,5.073171812563154,1,At Risk Customers,0
17166.0,39,2,206.34,3.6888794541139363,1.0986122886681098,5.334359957894966,2,Potential Customers,0
17169.0,58,2,835.78,4.07753744390572,1.0986122886681098,6.729561192451421,3,Loyal Customers,1
17171.0,289,1,224.91,5.66988092298052,0.6931471805599453,5.420136689869131,1,At Risk Customers,0
17172.0,79,1,317.76,4.382026634673881,0.6931471805599453,5.764438468529548,1,At Risk Customers,0
17173.0,5,8,3766.6,1.791759469228055,2.1972245773362196,8.234193472948663,0,Champions,1
17174.0,218,1,59.9,5.389071729816501,0.6931471805599453,4.109233174715851,1,At Risk Customers,0
17175.0,44,4,1443.69,3.8066624897703196,1.6094379124341003,7.275650044659092,3,Loyal Customers,1
17176.0,202,1,306.13,5.313205979041787,0.6931471805599453,5.7272711107251055,1,At Risk Customers,0
17179.0,178,3,711.79,5.187385805840755,1.3862943611198906,6.569186846877494,3,Loyal Customers,1
17180.0,56,4,783.97,4.04305126783455,1.6094379124341003,6.665645500491627,3,Loyal Customers,1
17181.0,57,2,239.92000000000002,4.060443010546419,1.0986122886681098,5.4844649281755204,1,At Risk Customers,0
17183.0,8,6,3347.31,2.1972245773362196,1.9459101490553132,8.116211019915529,0,Champions,1
17186.0,47,2,144.0,3.871201010907891,1.0986122886681098,4.976733742420574,1,At Risk Customers,0
17187.0,227,1,203.95,5.429345628954441,0.6931471805599453,5.322766046950346,1,At Risk Customers,0
17188.0,11,7,2474.23,2.4849066497880004,2.0794415416798357,7.814088599978061,0,Champions,1
17189.0,106,2,383.75,4.672828834461906,1.0986122886681098,5.952593772718989,1,At Risk Customers,0
17190.0,59,2,444.74,4.0943445622221,1.0986122886681098,6.09973582239177,1,At Risk Customers,0
17191.0,28,7,2093.68,3.367295829986474,2.0794415416798357,7.647156076059518,3,Loyal Customers,1
17193.0,36,7,1699.3000000000002,3.6109179126442243,2.0794415416798357,7.43855998506344,3,Loyal Customers,1
17194.0,274,2,262.62,5.616771097666572,1.0986122886681098,5.57450867228432,1,At Risk Customers,0
17197.0,30,1,1013.01,3.4339872044851463,0.6931471805599453,6.921668046035439,2,Potential Customers,1
17198.0,24,3,692.22,3.2188758248682006,1.3862943611198906,6.541347409127499,2,Potential Customers,1
17201.0,54,1,289.78,4.007333185232471,0.6931471805599453,5.672566967503279,1,At Risk Customers,0
17203.0,36,6,3560.08,3.6109179126442243,1.9459101490553132,8.17781914862498,3,Loyal Customers,1
17204.0,175,4,1564.56,5.170483995038151,1.6094379124341003,7.355998866445309,3,Loyal Customers,1
17205.0,54,1,384.08,4.007333185232471,0.6931471805599453,5.953451104909766,1,At Risk Customers,0
17206.0,53,1,204.24,3.9889840465642745,0.6931471805599453,5.324180026073764,1,At Risk Customers,0
17211.0,27,8,2317.2200000000003,3.332204510175204,2.1972245773362196,7.748554928800743,0,Champions,1
17212.0,253,1,226.85,5.537334267018537,0.6931471805599453,5.428687517709892,1,At Risk Customers,0
17213.0,40,7,2781.23,3.713572066704308,2.0794415416798357,7.931008043401064,3,Loyal Customers,1
17214.0,60,6,1059.1200000000001,4.110873864173311,1.9459101490553132,6.966137388245792,3,Loyal Customers,1
17217.0,234,1,113.5,5.459585514144159,0.6931471805599453,4.740574822994295,1,At Risk Customers,0
17218.0,4,10,1951.97,1.6094379124341003,2.3978952727983707,7.577106569775595,0,Champions,1
17219.0,32,1,114.23,3.4965075614664802,0.6931471805599453,4.746930131025923,1,At Risk Customers,0
17220.0,24,14,3187.55,3.2188758248682006,2.70805020110221,8.067321546987245,0,Champions,1
17221.0,7,2,334.48,2.0794415416798357,1.0986122886681098,5.815562342116211,2,Potential Customers,0
17222.0,65,1,328.65,4.189654742026425,0.6931471805599453,5.798031485559308,1,At Risk Customers,0
17223.0,310,2,416.89,5.739792912179234,1.0986122886681098,6.035218239997905,1,At Risk Customers,0
17226.0,309,1,393.49,5.736572297479192,0.6931471805599453,5.977593791422191,1,At Risk Customers,0
17227.0,19,6,939.32,2.995732273553991,1.9459101490553132,6.84622024286434,3,Loyal Customers,1
17228.0,16,8,1906.09,2.833213344056216,2.1972245773362196,7.553333799033199,0,Champions,1
17229.0,96,2,318.76,4.574710978503383,1.0986122886681098,5.767570714403068,1,At Risk Customers,0
17230.0,264,8,3638.41,5.579729825986222,2.1972245773362196,8.199576859581033,3,Loyal Customers,1
17231.0,12,10,3124.72,2.5649493574615367,2.3978952727983707,8.047419935632497,0,Champions,1
17232.0,3,2,417.77,1.3862943611198906,1.0986122886681098,6.037321843192776,2,Potential Customers,0
17233.0,35,1,190.88,3.58351893845611,0.6931471805599453,5.256870176633863,1,At Risk Customers,0
17234.0,183,1,149.89000000000001,5.214935757608986,0.6931471805599453,5.0165510945255605,1,At Risk Customers,0
17235.0,25,2,550.06,3.258096538021482,1.0986122886681098,6.311843696146471,2,Potential Customers,0
17236.0,13,6,916.13,2.6390573296152584,1.9459101490553132,6.821249228838842,3,Loyal Customers,1
17237.0,11,2,314.69,2.4849066497880004,1.0986122886681098,5.754760719420831,2,Potential Customers,0
17238.0,3,17,3719.1,1.3862943611198906,2.8903717578961645,8.221505828626315,0,Champions,1
17239.0,313,1,382.5,5.749392985908253,0.6931471805599453,5.949339620807311,1,At Risk Customers,0
17242.0,108,2,1135.04,4.6913478822291435,1.0986122886681098,7.0353038099288,3,Loyal Customers,1
17243.0,1,26,8540.05,0.6931471805599453,3.295836866004329,9.052639230044456,0,Champions,1
17244.0,53,1,954.9,3.9889840465642745,0.6931471805599453,6.862653305069717,1,At Risk Customers,1
17245.0,205,1,171.45,5.327876168789581,0.6931471805599453,5.15010733938285,1,At Risk Customers,0
17247.0,15,1,280.09000000000003,2.772588722239781,0.6931471805599453,5.6386749027510605,2,Potential Customers,0
17248.0,120,1,318.65,4.795790545596741,0.6931471805599453,5.767226647212736,1,At Risk Customers,0
17250.0,4,2,381.97,1.6094379124341003,1.0986122886681098,5.947956657131048,2,Potential Customers,0
17251.0,363,1,269.83,5.8971538676367405,0.6931471805599453,5.601491317767735,1,At Risk Customers,0
17252.0,117,2,348.91,4.770684624465665,1.0986122886681098,5.857675978559423,1,At Risk Customers,0
17253.0,18,1,178.26,2.9444389791664403,0.6931471805599453,5.188837265929216,2,Potential Customers,0
17254.0,5,2,271.19,1.791759469228055,1.0986122886681098,5.606500351849647,2,Potential Customers,0
17255.0,41,2,291.48,3.7376696182833684,1.0986122886681098,5.678396288265786,2,Potential Customers,0
17256.0,107,2,240.0,4.68213122712422,1.0986122886681098,5.484796933490655,1,At Risk Customers,0
17259.0,148,2,581.23,5.003946305945459,1.0986122886681098,6.366865558668267,1,At Risk Customers,0
17262.0,52,5,1253.3600000000001,3.970291913552122,1.791759469228055,7.134380761332616,3,Loyal Customers,1
17263.0,208,1,63.440000000000005,5.342334251964811,0.6931471805599453,4.165734558308774,1,At Risk Customers,0
17265.0,139,2,550.01,4.941642422609304,1.0986122886681098,6.311752957808554,1,At Risk Customers,0
17266.0,2,3,296.58,1.0986122886681098,1.3862943611198906,5.695683096399551,2,Potential Customers,0
17267.0,127,2,317.2,4.852030263919617,1.0986122886681098,5.762680115903686,1,At Risk Customers,0
17268.0,108,4,763.64,4.6913478822291435,1.6094379124341003,6.639405134829848,3,Loyal Customers,1
17272.0,42,4,2148.63,3.7612001156935624,1.6094379124341003,7.673051013288749,3,Loyal Customers,1
17274.0,35,1,107.82,3.58351893845611,0.6931471805599453,4.689695141057779,1,At Risk Customers,0
17277.0,228,2,1065.3500000000001,5.43372200355424,1.0986122886681098,6.9719968810436015,1,At Risk Customers,1
17278.0,241,1,246.04,5.488937726156687,0.6931471805599453,5.509550266836412,1,At Risk Customers,0
17279.0,58,1,187.82999999999998,4.07753744390572,0.6931471805599453,5.240847139393487,1,At Risk Customers,0
17282.0,130,3,1685.46,4.875197323201151,1.3862943611198906,7.430386936461763,3,Loyal Customers,1
17284.0,60,6,1647.48,4.110873864173311,1.9459101490553132,7.407608930196758,3,Loyal Customers,1
17286.0,22,1,151.37,3.1354942159291497,0.6931471805599453,5.026311773481264,2,Potential Customers,0
17287.0,26,7,1049.06,3.295836866004329,2.0794415416798357,6.956602584376121,3,Loyal Customers,1
17288.0,9,7,1417.63,2.302585092994046,2.0794415416798357,7.257446896154699,0,Champions,1
17289.0,32,3,931.02,3.4965075614664802,1.3862943611198906,6.837354273682813,3,Loyal Customers,1
17290.0,4,2,513.01,1.6094379124341003,1.0986122886681098,6.242242720518832,2,Potential Customers,0
17291.0,308,1,550.8000000000001,5.733341276897746,0.6931471805599453,6.313185661783185,1,At Risk Customers,0
17293.0,8,9,1854.06,2.1972245773362196,2.302585092994046,7.525672319531924,0,Champions,1
17295.0,29,3,547.0,3.4011973816621555,1.3862943611198906,6.306275286948016,2,Potential Customers,0
17297.0,17,1,128.18,2.8903717578961645,0.6931471805599453,4.861206780604327,2,Potential Customers,0
17298.0,101,2,498.42,4.624972813284271,1.0986122886681098,6.21344742510144,1,At Risk Customers,0
17299.0,12,4,656.61,2.5649493574615367,1.6094379124341003,6.4886120504389995,2,Potential Customers,0
17301.0,21,1,163.24,3.091042453358316,0.6931471805599453,5.101328772710678,2,Potential Customers,0
17302.0,15,5,1135.63,2.772588722239781,1.791759469228055,7.035823023024634,3,Loyal Customers,1
17303.0,361,1,250.04,5.8916442118257715,0.6931471805599453,5.525612288984722,1,At Risk Customers,0
17306.0,11,19,8631.31,2.4849066497880004,2.995732273553991,9.063267419175418,0,Champions,1
17309.0,95,1,82.75,4.564348191467836,0.6931471805599453,4.427836170705175,1,At Risk Customers,0
17311.0,78,2,1384.85,4.3694478524670215,1.0986122886681098,7.234068948784864,3,Loyal Customers,1
17312.0,139,3,644.3,4.941642422609304,1.3862943611198906,6.469715324941794,3,Loyal Customers,0
17313.0,31,1,2328.84,3.4657359027997265,0.6931471805599453,7.7535548746739895,3,Loyal Customers,1
17314.0,25,8,2527.92,3.258096538021482,2.1972245773362196,7.835547613113086,0,Champions,1
17315.0,2,38,6281.23,1.0986122886681098,3.6635616461296463,8.745480291972145,0,Champions,1
17317.0,46,3,2600.34,3.8501476017100584,1.3862943611198906,7.863781975859922,3,Loyal Customers,1
17320.0,100,3,1200.6200000000001,4.61512051684126,1.3862943611198906,7.091425925345387,3,Loyal Customers,1
17321.0,8,2,657.16,2.1972245773362196,1.0986122886681098,6.489448062860675,2,Potential Customers,0
17323.0,15,7,906.52,2.772588722239781,2.0794415416798357,6.810715604463653,3,Loyal Customers,1
17324.0,18,4,986.48,2.9444389791664403,1.6094379124341003,6.895156243405622,3,Loyal Customers,1
17325.0,280,1,96.8,5.638354669333745,0.6931471805599453,4.582924577040772,1,At Risk Customers,0
17329.0,14,2,523.11,2.70805020110221,1.0986122886681098,6.261701585954275,2,Potential Customers,0
17330.0,23,2,363.9,3.1780538303479458,1.0986122886681098,5.899623343442402,2,Potential Customers,0
17331.0,124,1,175.2,4.8283137373023015,0.6931471805599453,5.171619713502079,1,At Risk Customers,0
17333.0,86,1,494.25,4.465908118654584,0.6931471805599453,6.20506268557866,1,At Risk Customers,0
17334.0,302,2,307.02,5.713732805509369,1.0986122886681098,5.73016471593032,1,At Risk Customers,0
17337.0,151,4,1981.06,5.0238805208462765,1.6094379124341003,7.591891986883801,3,Loyal Customers,1
17338.0,17,8,6493.54,2.8903717578961645,2.1972245773362196,8.778717102886036,0,Champions,1
17339.0,94,2,243.36,4.553876891600541,1.0986122886681098,5.498642547781566,1,At Risk Customers,0
17340.0,30,11,12353.29,3.4339872044851463,2.4849066497880004,9.421758650158734,0,Champions,1
17341.0,157,3,682.29,5.062595033026967,1.3862943611198906,6.5269193668194045,3,Loyal Customers,1
17343.0,355,1,193.64,5.87493073085203,0.6931471805599453,5.2711516984752675,1,At Risk Customers,0
17344.0,46,1,157.62,3.8501476017100584,0.6931471805599453,5.066511404655174,1,At Risk Customers,0
17345.0,15,4,519.6899999999999,2.772588722239781,1.6094379124341003,6.255154855067978,2,Potential Customers,0
17346.0,4,15,2622.88,1.6094379124341003,2.772588722239781,7.872409417310936,0,Champions,1
17347.0,86,1,228.96,4.465908118654584,0.6931471805599453,5.43790538075509,1,At Risk Customers,0
17348.0,15,5,1156.6,2.772588722239781,1.791759469228055,7.054104175317274,3,Loyal Customers,1
17349.0,179,1,98.25,5.19295685089021,0.6931471805599453,4.5976419195673,1,At Risk Customers,0
17350.0,8,4,1281.32,2.1972245773362196,1.6094379124341003,7.156426216317626,2,Potential Customers,1
17351.0,36,3,587.15,3.6109179126442243,1.3862943611198906,6.37698201740645,3,Loyal Customers,0
17353.0,129,2,1740.0,4.867534450455582,1.0986122886681098,7.462214939768189,3,Loyal Customers,1
17354.0,51,1,1393.06,3.9512437185814275,0.6931471805599453,7.239975632001093,3,Loyal Customers,1
17356.0,312,1,178.22,5.746203190540153,0.6931471805599453,5.188614101456073,1,At Risk Customers,0
17357.0,24,2,384.39,3.2188758248682006,1.0986122886681098,5.954255808575653,2,Potential Customers,0
17358.0,303,2,360.81,5.717027701406222,1.0986122886681098,5.891119212159107,1,At Risk Customers,0
17359.0,11,1,127.86,2.4849066497880004,0.6931471805599453,4.858726543710496,2,Potential Customers,0
17360.0,17,3,568.24,2.8903717578961645,1.3862943611198906,6.344302137815459,2,Potential Customers,0
17361.0,49,3,488.2,3.912023005428146,1.3862943611198906,6.192771403813017,3,Loyal Customers,0
17362.0,239,2,312.23,5.480638923341991,1.0986122886681098,5.746937744970129,1,At Risk Customers,0
17364.0,1,11,4462.68,0.6931471805599453,2.4849066497880004,8.40372881690387,0,Champions,1
17365.0,13,8,4767.36,2.6390573296152584,2.1972245773362196,8.469757709250656,0,Champions,1
17367.0,238,1,167.55,5.476463551931511,0.6931471805599453,5.12723244168007,1,At Risk Customers,0
17368.0,23,8,1878.87,3.1780538303479458,2.1972245773362196,7.538957904496927,0,Champions,1
17370.0,73,4,446.18,4.30406509320417,1.6094379124341003,6.102961198121657,3,Loyal Customers,0
17371.0,17,3,418.4,2.8903717578961645,1.3862943611198906,6.03882511846782,2,Potential Customers,0
17372.0,41,8,1337.18,3.7376696182833684,2.1972245773362196,7.199065760787922,3,Loyal Customers,1
17373.0,40,4,646.92,3.713572066704308,1.6094379124341003,6.473767231940735,3,Loyal Customers,0
17374.0,219,2,495.77,5.393627546352362,1.0986122886681098,6.208127142322502,1,At Risk Customers,0
17375.0,199,3,400.1,5.298317366548036,1.3862943611198906,5.9942107727760074,1,At Risk Customers,0
17376.0,71,2,203.2,4.276666119016055,1.0986122886681098,5.319099905730565,1,At Risk Customers,0
17377.0,24,20,4058.32,3.2188758248682006,3.044522437723423,8.30877075088342,0,Champions,1
17379.0,11,1,389.71999999999997,2.4849066497880004,0.6931471805599453,5.96799119092234,2,Potential Customers,0
17381.0,9,29,20275.61,2.302585092994046,3.4011973816621555,9.917223283969056,0,Champions,1
17382.0,65,1,65.4,4.189654742026425,0.6931471805599453,4.1956970564823886,1,At Risk Customers,0
17383.0,4,1,193.39000000000001,1.6094379124341003,0.6931471805599453,5.269866450374021,2,Potential Customers,0
17384.0,19,2,336.4,2.995732273553991,1.0986122886681098,5.821269170111868,2,Potential Customers,0
17385.0,15,1,256.11,2.772588722239781,0.6931471805599453,5.549504008886889,2,Potential Customers,0
17386.0,8,6,2686.42,2.1972245773362196,1.9459101490553132,7.896336904550998,0,Champions,1
17387.0,20,2,746.81,3.044522437723423,1.0986122886681098,6.617148935013109,2,Potential Customers,1
17388.0,78,4,1259.56,4.3694478524670215,1.6094379124341003,7.13931134565379,3,Loyal Customers,1
17389.0,1,34,31833.68,0.6931471805599453,3.5553480614894135,10.36831154057086,0,Champions,1
17391.0,164,2,508.8,5.10594547390058,1.0986122886681098,6.234018491942015,1,At Risk Customers,0
17392.0,307,2,417.27,5.730099782973574,1.0986122886681098,6.036127157014171,1,At Risk Customers,0
17394.0,219,1,203.86999999999998,5.393627546352362,0.6931471805599453,5.3223756316411075,1,At Risk Customers,0
17396.0,39,8,7330.8,3.6888794541139363,2.1972245773362196,8.899976330900701,0,Champions,1
17397.0,22,2,681.41,3.1354942159291497,1.0986122886681098,6.52563065023188,2,Potential Customers,1
17398.0,115,3,653.38,4.7535901911063645,1.3862943611198906,6.483688222474311,3,Loyal Customers,0
17400.0,126,5,2097.84,4.844187086458591,1.791759469228055,7.649140090140571,3,Loyal Customers,1
17402.0,5,13,2633.85,1.791759469228055,2.6390573296152584,7.8765815333589115,0,Champions,1
17403.0,36,1,263.92,3.6109179126442243,0.6931471805599453,5.579427893616779,2,Potential Customers,0
17404.0,4,15,31906.82,1.6094379124341003,2.772588722239781,10.370606399796605,0,Champions,1
17405.0,1,3,1031.41,0.6931471805599453,1.3862943611198906,6.9396511539657,2,Potential Customers,1
17406.0,333,3,2184.42,5.811140992976701,1.3862943611198906,7.689563308737489,3,Loyal Customers,1
17408.0,163,1,32.65,5.099866427824199,0.6931471805599453,3.5160130560907366,1,At Risk Customers,0
17409.0,185,2,771.85,5.225746673713202,1.0986122886681098,6.6500849805983275,1,At Risk Customers,1
17410.0,16,5,1214.72,2.833213344056216,1.791759469228055,7.1030917728535865,3,Loyal Customers,1
17411.0,12,3,778.94,2.5649493574615367,1.3862943611198906,6.659216993647982,2,Potential Customers,1
17412.0,3,7,1258.06,1.3862943611198906,2.0794415416798357,7.138120689779327,0,Champions,1
17414.0,44,2,778.0,3.8066624897703196,1.0986122886681098,6.658011045870748,3,Loyal Customers,1
17415.0,80,1,507.84,4.394449154672439,0.6931471805599453,6.23213362528801,1,At Risk Customers,0
17416.0,30,7,6893.42,3.4339872044851463,2.0794415416798357,8.838467667762448,0,Champions,1
17418.0,42,2,463.46000000000004,3.7612001156935624,1.0986122886681098,6.1408754404446775,2,Potential Customers,0
17419.0,11,12,4226.57,2.4849066497880004,2.5649493574615367,8.349382638885205,0,Champions,1
17420.0,50,3,598.83,3.9318256327243257,1.3862943611198906,6.3966462817363405,3,Loyal Customers,0
17422.0,16,6,1979.37,2.833213344056216,1.9459101490553132,7.591038974917671,3,Loyal Customers,1
17423.0,46,2,698.41,3.8501476017100584,1.0986122886681098,6.550237122496749,3,Loyal Customers,1
17425.0,19,2,759.17,2.995732273553991,1.0986122886681098,6.63354209247732,2,Potential Customers,1
17426.0,8,6,5037.26,2.1972245773362196,1.9459101490553132,8.524816063361785,0,Champions,1
17427.0,72,1,100.8,4.290459441148391,0.6931471805599453,4.623010104116422,1,At Risk Customers,0
17428.0,1,28,17256.85,0.6931471805599453,3.367295829986474,9.756022391409203,0,Champions,1
17429.0,128,3,524.9200000000001,4.859812404361672,1.3862943611198906,6.265149109915909,1,At Risk Customers,0
17430.0,33,2,265.76,3.5263605246161616,1.0986122886681098,5.586349377764106,2,Potential Customers,0
17431.0,313,1,403.3,5.749392985908253,0.6931471805599453,6.002157176646725,1,At Risk Customers,0
17432.0,18,2,365.76,2.9444389791664403,1.0986122886681098,5.9047076831817,2,Potential Customers,0
17433.0,88,1,303.15999999999997,4.48863636973214,0.6931471805599453,5.7175538787401186,1,At Risk Customers,0
17434.0,2,7,2373.82,1.0986122886681098,2.0794415416798357,7.77267692412289,0,Champions,1
17436.0,2,2,216.29999999999998,1.0986122886681098,1.0986122886681098,5.381278887262384,2,Potential Customers,0
17438.0,254,1,388.45000000000005,5.541263545158426,0.6931471805599453,5.9647354873659575,1,At Risk Customers,0
17440.0,157,3,186.42000000000002,5.062595033026967,1.3862943611198906,5.233352087695677,1,At Risk Customers,0
17442.0,37,6,2248.56,3.6375861597263857,1.9459101490553132,7.7184899205194295,3,Loyal Customers,1
17443.0,220,1,534.24,5.3981627015177525,0.6931471805599453,6.282715244436788,1,At Risk Customers,0
17444.0,148,3,2940.04,5.003946305945459,1.3862943611198906,7.9865185392775535,3,Loyal Customers,1
17446.0,177,2,120.9,5.181783550292085,1.0986122886681098,4.803201036487226,1,At Risk Customers,0
17447.0,40,2,541.53,3.713572066704308,1.0986122886681098,6.296243383424822,2,Potential Customers,0
17449.0,2,7,2519.21,1.0986122886681098,2.0794415416798357,7.832097510366773,0,Champions,1
17450.0,8,46,194390.79,2.1972245773362196,3.8501476017100584,12.17763093760637,0,Champions,1
17451.0,1,7,1721.4,0.6931471805599453,2.0794415416798357,7.451473946050153,0,Champions,1
17453.0,18,2,486.71999999999997,2.9444389791664403,1.0986122886681098,6.189741470692064,2,Potential Customers,0
17454.0,192,4,517.53,5.262690188904886,1.6094379124341003,6.25099788520506,3,Loyal Customers,0
17455.0,204,1,131.7,5.3230099791384085,0.6931471805599453,4.888090941338162,1,At Risk Customers,0
17456.0,365,1,249.86,5.902633333401366,0.6931471805599453,5.524895014596528,1,At Risk Customers,0
17457.0,127,5,1737.7,4.852030263919617,1.791759469228055,7.460892986533744,3,Loyal Customers,1
17458.0,15,1,316.5,2.772588722239781,0.6931471805599453,5.760477818332746,2,Potential Customers,0
17459.0,43,2,657.3,3.784189633918261,1.0986122886681098,6.489660754473831,2,Potential Customers,0
17460.0,94,6,622.4300000000001,4.553876891600541,1.9459101490553132,6.435236489370733,3,Loyal Customers,0
17461.0,23,3,735.82,3.1780538303479458,1.3862943611198906,6.602343628980946,2,Potential Customers,1
17462.0,60,2,675.69,4.110873864173311,1.0986122886681098,6.517213265531828,3,Loyal Customers,1
17463.0,16,5,1875.86,2.833213344056216,1.791759469228055,7.537355446697666,3,Loyal Customers,1
17464.0,158,1,289.96000000000004,5.0689042022202315,0.6931471805599453,5.673185800678734,1,At Risk Customers,0
17466.0,10,2,763.28,2.3978952727983707,1.0986122886681098,6.638934214171274,2,Potential Customers,1
17468.0,10,2,137.0,2.3978952727983707,1.0986122886681098,4.927253685157205,2,Potential Customers,0
17469.0,16,5,1870.97,2.833213344056216,1.791759469228055,7.5347466312681,3,Loyal Customers,1
17470.0,45,5,1125.07,3.828641396489095,1.791759469228055,7.02648897373005,3,Loyal Customers,1
17472.0,191,3,697.54,5.2574953720277815,1.3862943611198906,6.548992442626483,3,Loyal Customers,1
17475.0,79,1,194.37,4.382026634673881,0.6931471805599453,5.274895196603544,1,At Risk Customers,0
17480.0,78,1,511.82,4.3694478524670215,0.6931471805599453,6.239924906405982,1,At Risk Customers,0
17481.0,4,4,1255.59,1.6094379124341003,1.6094379124341003,7.136156981955326,2,Potential Customers,1
17483.0,65,3,414.04,4.189654742026425,1.3862943611198906,6.028374901128079,3,Loyal Customers,0
17486.0,261,1,396.87,5.568344503761097,0.6931471805599453,5.986125318762377,1,At Risk Customers,0
17489.0,59,2,376.64,4.0943445622221,1.0986122886681098,5.933941360864316,1,At Risk Customers,0
17490.0,1,7,2092.32,0.6931471805599453,2.0794415416798357,7.646506601347098,0,Champions,1
17491.0,1,10,3558.87,0.6931471805599453,2.3978952727983707,8.177479306325386,0,Champions,1
17492.0,248,1,374.57,5.517452896464707,0.6931471805599453,5.92844487193968,1,At Risk Customers,0
17495.0,8,2,497.56,2.1972245773362196,1.0986122886681098,6.211723943242329,2,Potential Customers,0
17496.0,359,1,271.05,5.886104031450156,0.6931471805599453,5.605985872931934,1,At Risk Customers,0
17498.0,76,1,272.22,4.343805421853684,0.6931471805599453,5.610277331459341,1,At Risk Customers,0
17499.0,290,1,622.88,5.673323267171493,0.6931471805599453,6.435958042183625,1,At Risk Customers,0
17500.0,17,3,1138.0,2.8903717578961645,1.3862943611198906,7.037905963447182,2,Potential Customers,1
17501.0,221,2,288.6,5.402677381872279,1.0986122886681098,5.668500660511562,1,At Risk Customers,0
17502.0,9,4,689.1,2.302585092994046,1.6094379124341003,6.536836514626557,2,Potential Customers,1
17503.0,3,2,558.96,1.3862943611198906,1.0986122886681098,6.327865352606625,2,Potential Customers,0
17504.0,206,9,2997.0299999999997,5.332718793265369,2.302585092994046,8.00571068528359,3,Loyal Customers,1
17505.0,162,2,1145.84,5.093750200806762,1.0986122886681098,7.0447656130660885,3,Loyal Customers,1
17506.0,76,1,302.2,4.343805421853684,0.6931471805599453,5.714392653768217,1,At Risk Customers,0
17507.0,262,2,605.58,5.572154032177765,1.0986122886681098,6.407836624054821,1,At Risk Customers,0
17508.0,281,1,387.31,5.641907070938114,0.6931471805599453,5.961803989689555,1,At Risk Customers,0
17509.0,58,8,6083.64,4.07753744390572,2.1972245773362196,8.713522841798035,3,Loyal Customers,1
17510.0,25,1,308.48,3.258096538021482,0.6931471805599453,5.7348934696812535,2,Potential Customers,0
17511.0,3,31,91062.38,1.3862943611198906,3.4657359027997265,11.419311026583387,0,Champions,1
17512.0,29,10,2924.9900000000002,3.4011973816621555,2.3978952727983707,7.981388163939233,0,Champions,1
17513.0,72,1,513.2,4.290459441148391,0.6931471805599453,6.2426122948317895,1,At Risk Customers,0
17514.0,128,1,208.65,4.859812404361672,0.6931471805599453,5.345439473616771,1,At Risk Customers,0
17515.0,31,4,639.02,3.4657359027997265,1.6094379124341003,6.461499425865447,3,Loyal Customers,0
17516.0,15,5,764.88,2.772588722239781,1.791759469228055,6.641025499505004,2,Potential Customers,1
17517.0,309,1,153.94,5.736572297479192,0.6931471805599453,5.043037945203756,1,At Risk Customers,0
17519.0,17,6,1844.02,2.8903717578961645,1.9459101490553132,7.520245396524275,3,Loyal Customers,1
17520.0,54,1,546.81,4.007333185232471,0.6931471805599453,6.305928511499892,1,At Risk Customers,0
17521.0,30,3,723.2099999999999,3.4339872044851463,1.3862943611198906,6.585081405576444,3,Loyal Customers,1
17522.0,2,5,1070.71,1.0986122886681098,1.791759469228055,6.977010782644906,0,Champions,1
17523.0,11,4,652.74,2.4849066497880004,1.6094379124341003,6.48270971889503,2,Potential Customers,0
17524.0,361,1,145.0,5.8916442118257715,0.6931471805599453,4.983606621708336,1,At Risk Customers,0
17525.0,360,1,422.70000000000005,5.8888779583328805,0.6931471805599453,6.049025657632513,1,At Risk Customers,0
17526.0,5,4,1195.8999999999999,1.791759469228055,1.6094379124341003,7.087490159879325,2,Potential Customers,1
17527.0,54,4,939.37,4.007333185232471,1.6094379124341003,6.8462734148384685,3,Loyal Customers,1
17528.0,1,8,3628.5,0.6931471805599453,2.1972245773362196,8.196850176724896,0,Champions,1
17530.0,1,10,2367.12,0.6931471805599453,2.3978952727983707,7.769851670395603,0,Champions,1
17531.0,190,1,296.7,5.25227342804663,0.6931471805599453,5.69608626802173,1,At Risk Customers,0
17534.0,54,1,223.36,4.007333185232471,0.6931471805599453,5.413251904640136,1,At Risk Customers,0
17535.0,280,1,164.4,5.638354669333745,0.6931471805599453,5.108366782589591,1,At Risk Customers,0
17536.0,177,1,76.5,5.181783550292085,0.6931471805599453,4.350277936359301,1,At Risk Customers,0
17537.0,30,2,887.67,3.4339872044851463,1.0986122886681098,6.789725963001244,2,Potential Customers,1
17538.0,26,1,98.42,3.295836866004329,0.6931471805599453,4.599353300666526,2,Potential Customers,0
17540.0,25,2,578.9,3.258096538021482,1.0986122886681098,6.362855674882395,2,Potential Customers,0
17542.0,270,1,170.75,5.602118820879701,0.6931471805599453,5.146039931102459,1,At Risk Customers,0
17545.0,43,3,642.32,3.784189633918261,1.3862943611198906,6.466642267627447,3,Loyal Customers,0
17548.0,234,1,103.3,5.459585514144159,0.6931471805599453,4.647271362006727,1,At Risk Customers,0
17549.0,24,2,148.86,3.2188758248682006,1.0986122886681098,5.0097015249361645,2,Potential Customers,0
17550.0,197,3,267.16,5.288267030694535,1.3862943611198906,5.591583817293718,1,At Risk Customers,0
17551.0,359,1,290.34,5.886104031450156,0.6931471805599453,5.674490970020802,1,At Risk Customers,0
17552.0,60,4,930.41,4.110873864173311,1.6094379124341003,6.836699567016301,3,Loyal Customers,1
17553.0,130,1,1487.6,4.875197323201151,0.6931471805599453,7.305591359925811,1,At Risk Customers,1
17554.0,1,5,1952.45,0.6931471805599453,1.791759469228055,7.577352319081822,0,Champions,1
17555.0,20,2,480.31,3.044522437723423,1.0986122886681098,6.176511553155347,2,Potential Customers,0
17556.0,206,1,157.9,5.332718793265369,0.6931471805599453,5.0682750735426705,1,At Risk Customers,0
17557.0,14,3,541.46,2.70805020110221,1.3862943611198906,6.29611434997733,2,Potential Customers,0
17560.0,95,4,854.95,4.564348191467836,1.6094379124341003,6.7522119632207875,3,Loyal Customers,1
17561.0,19,1,165.12,2.995732273553991,0.6931471805599453,5.1127104187625525,2,Potential Customers,0
17562.0,14,7,1122.38,2.70805020110221,2.0794415416798357,7.024097276842117,3,Loyal Customers,1
17564.0,24,3,454.01,3.2188758248682006,1.3862943611198906,6.120319396731415,2,Potential Customers,0
17566.0,8,2,869.77,2.1972245773362196,1.0986122886681098,6.769377877687473,2,Potential Customers,1
17567.0,7,8,4331.48,2.0794415416798357,2.1972245773362196,8.373895405306746,0,Champions,1
17569.0,332,1,344.14,5.808142489980444,0.6931471805599453,5.843950131819433,1,At Risk Customers,0
17571.0,50,4,1425.67,3.9318256327243257,1.6094379124341003,7.263098336353601,3,Loyal Customers,1
17572.0,71,4,226.75000000000003,4.276666119016055,1.6094379124341003,5.428248536140067,1,At Risk Customers,0
17573.0,29,3,380.6,3.4011973816621555,1.3862943611198906,5.944372939574132,2,Potential Customers,0
17574.0,243,1,185.65,5.497168225293202,0.6931471805599453,5.229235205360593,1,At Risk Customers,0
17576.0,8,19,3564.83,2.1972245773362196,2.995732273553991,8.179152124824576,0,Champions,1
17578.0,218,1,143.45999999999998,5.389071729816501,0.6931471805599453,4.973002652622701,1,At Risk Customers,0
17579.0,5,3,448.90000000000003,1.791759469228055,1.3862943611198906,6.109025335847127,2,Potential Customers,0
17580.0,253,3,215.72,5.537334267018537,1.3862943611198906,5.37860619777684,1,At Risk Customers,0
17581.0,1,25,11025.24,0.6931471805599453,3.258096538021482,9.308033165645913,0,Champions,1
17582.0,236,1,175.27,5.4680601411351315,0.6931471805599453,5.1720169104318625,1,At Risk Customers,0
17584.0,7,2,1242.3,2.0794415416798357,1.0986122886681098,7.125524413958892,2,Potential Customers,1
17585.0,109,4,1116.68,4.700480365792417,1.6094379124341003,7.019010387342232,3,Loyal Customers,1
17588.0,100,3,1240.2,4.61512051684126,1.3862943611198906,7.123833932574225,3,Loyal Customers,1
17589.0,60,4,2404.17,4.110873864173311,1.6094379124341003,7.785375866112405,3,Loyal Customers,1
17590.0,2,3,1468.02,1.0986122886681098,1.3862943611198906,7.292350790785078,2,Potential Customers,1
17591.0,73,7,2203.67,4.30406509320417,2.0794415416798357,7.698333116816846,3,Loyal Customers,1
17593.0,4,5,3923.86,1.6094379124341003,1.791759469228055,8.275085960790554,0,Champions,1
17594.0,85,2,993.18,4.454347296253507,1.0986122886681098,6.901918276781504,3,Loyal Customers,1
17595.0,12,2,386.69,2.5649493574615367,1.0986122886681098,5.960206051205209,2,Potential Customers,0
17596.0,23,7,2806.69,3.1780538303479458,2.0794415416798357,7.9401173601909,0,Champions,1
17597.0,214,1,2044.3700000000001,5.3706380281276624,0.6931471805599453,7.623333981206562,3,Loyal Customers,1
17600.0,18,1,161.67000000000002,2.9444389791664403,0.6931471805599453,5.091723608778362,2,Potential Customers,0
17601.0,239,1,116.00999999999999,5.480638923341991,0.6931471805599453,4.7622594012308666,1,At Risk Customers,0
17602.0,2,6,5054.42,1.0986122886681098,1.9459101490553132,8.52821621405653,0,Champions,1
17603.0,78,1,394.72,4.3694478524670215,0.6931471805599453,5.980706890455022,1,At Risk Customers,0
17604.0,217,2,309.36,5.384495062789089,1.0986122886681098,5.737732914025749,1,At Risk Customers,0
17608.0,33,2,191.99,3.5263605246161616,1.0986122886681098,5.2626383740910185,2,Potential Customers,0
17609.0,41,5,1105.78,3.7376696182833684,1.791759469228055,7.00921017763747,3,Loyal Customers,1
17611.0,7,15,3961.12,2.0794415416798357,2.772588722239781,8.2845345145333,0,Champions,1
17612.0,53,6,2048.45,3.9889840465642745,1.9459101490553132,7.625326743452606,3,Loyal Customers,1
17613.0,23,14,4544.55,3.1780538303479458,2.70805020110221,8.421904011391415,0,Champions,1
17614.0,57,1,386.32,4.060443010546419,0.6931471805599453,5.959251224743331,1,At Risk Customers,0
17615.0,130,3,329.6,4.875197323201151,1.3862943611198906,5.8009091853869235,1,At Risk Customers,0
17616.0,174,3,571.1999999999999,5.1647859739235145,1.3862943611198906,6.3494885806160095,1,At Risk Customers,0
17618.0,6,3,930.28,1.9459101490553132,1.3862943611198906,6.836559983939986,2,Potential Customers,1
17619.0,312,1,214.37,5.746203190540153,0.6931471805599453,5.372357479256501,1,At Risk Customers,0
17620.0,60,1,81.44,4.110873864173311,0.6931471805599453,4.412070756022258,1,At Risk Customers,0
17621.0,21,3,1379.9,3.091042453358316,1.3862943611198906,7.230490739491305,3,Loyal Customers,1
17623.0,33,1,527.0500000000001,3.5263605246161616,0.6931471805599453,6.269190976192483,2,Potential Customers,0
17624.0,15,2,843.48,2.772588722239781,1.0986122886681098,6.7387210533149595,2,Potential Customers,1
17625.0,18,4,2020.4,2.9444389791664403,1.6094379124341003,7.611545619640562,3,Loyal Customers,1
17628.0,81,1,75.75,4.406719247264253,0.6931471805599453,4.340553386467307,1,At Risk Customers,0
17629.0,6,8,1814.12,1.9459101490553132,2.1972245773362196,7.503906860215884,0,Champions,1
17630.0,170,2,503.59999999999997,5.14166355650266,1.0986122886681098,6.223766036206957,1,At Risk Customers,0
17631.0,2,3,528.33,1.0986122886681098,1.3862943611198906,6.271612055889925,2,Potential Customers,0
17633.0,31,4,1324.84,3.4657359027997265,1.6094379124341003,7.189801499815289,3,Loyal Customers,1
17634.0,36,9,2358.59,3.6109179126442243,2.302585092994046,7.766243154113498,3,Loyal Customers,1
17636.0,19,1,285.56,2.995732273553991,0.6931471805599453,5.657947938312402,2,Potential Customers,0
17637.0,31,2,547.0600000000001,3.4657359027997265,1.0986122886681098,6.3063847700056215,2,Potential Customers,0
17639.0,276,1,108.5,5.6240175061873385,0.6931471805599453,4.695924549256556,1,At Risk Customers,0
17640.0,87,1,621.66,4.477336814478207,0.6931471805599453,6.434000623425246,1,At Risk Customers,0
17642.0,120,2,712.29,4.795790545596741,1.0986122886681098,6.569888069839022,1,At Risk Customers,1
17643.0,373,1,101.55,5.924255797414532,0.6931471805599453,4.63035048451839,1,At Risk Customers,0
17644.0,1,11,2895.64,0.6931471805599453,2.4849066497880004,7.971306723565063,0,Champions,1
17646.0,219,3,1008.39,5.393627546352362,1.3862943611198906,6.917101466981717,3,Loyal Customers,1
17647.0,65,1,133.06,4.189654742026425,0.6931471805599453,4.8982874609298115,1,At Risk Customers,0
17648.0,61,4,1797.5,4.127134385045092,1.6094379124341003,7.494708263135679,3,Loyal Customers,1
17649.0,138,1,868.49,4.9344739331306915,0.6931471805599453,6.767906832865638,1,At Risk Customers,1
17650.0,21,1,166.08,3.091042453358316,0.6931471805599453,5.118472739628975,2,Potential Customers,0
17651.0,12,10,3945.0,2.5649493574615367,2.3978952727983707,8.28045768658256,0,Champions,1
17652.0,25,12,4867.72,3.258096538021482,2.5649493574615367,8.490586347854247,0,Champions,1
17653.0,37,4,1207.56,3.6375861597263857,1.6094379124341003,7.09718484723547,3,Loyal Customers,1
17654.0,277,1,117.55,5.627621113690637,0.6931471805599453,4.775334812511415,1,At Risk Customers,0
17655.0,11,7,2638.94,2.4849066497880004,2.0794415416798357,7.878511468609366,0,Champions,1
17656.0,73,5,1674.69,4.30406509320417,1.791759469228055,7.4239802997335635,3,Loyal Customers,1
17658.0,26,2,595.42,3.295836866004329,1.0986122886681098,6.39094511686889,2,Potential Customers,0
17659.0,17,12,2999.46,2.8903717578961645,2.5649493574615367,8.006520889229225,0,Champions,1
17660.0,141,1,178.75,4.955827057601261,0.6931471805599453,5.191566996601156,1,At Risk Customers,0
17663.0,26,7,1802.91,3.295836866004329,2.0794415416798357,7.4977118102428095,3,Loyal Customers,1
17664.0,19,2,604.64,2.995732273553991,1.0986122886681098,6.406285750140171,2,Potential Customers,0
17666.0,4,2,728.16,1.6094379124341003,1.0986122886681098,6.591893186664721,2,Potential Customers,1
17667.0,66,5,2055.51,4.204692619390966,1.791759469228055,7.628765650289339,3,Loyal Customers,1
17668.0,1,2,347.75,0.6931471805599453,1.0986122886681098,5.854355333135575,2,Potential Customers,0
17669.0,43,7,3406.7200000000003,3.784189633918261,2.0794415416798357,8.133798724949507,3,Loyal Customers,1
17670.0,228,1,205.7,5.43372200355424,0.6931471805599453,5.331268466687723,1,At Risk Customers,0
17671.0,16,4,1572.71,2.833213344056216,1.6094379124341003,7.361191168037922,3,Loyal Customers,1
17672.0,50,2,3178.17,3.9318256327243257,1.0986122886681098,8.064375435416844,3,Loyal Customers,1
17673.0,2,6,1594.97,1.0986122886681098,1.9459101490553132,7.375236980840607,0,Champions,1
17674.0,74,2,551.04,4.31748811353631,1.0986122886681098,6.313620507419839,1,At Risk Customers,0
17675.0,1,31,20374.28,0.6931471805599453,3.4657359027997265,9.922077680345927,0,Champions,1
17676.0,4,6,1371.18,1.6094379124341003,1.9459101490553132,7.224155995015752,0,Champions,1
17677.0,2,30,16345.38,1.0986122886681098,3.4339872044851463,9.701761745083482,0,Champions,1
17678.0,264,1,298.11,5.579729825986222,0.6931471805599453,5.700811398711247,1,At Risk Customers,0
17679.0,53,2,1992.1100000000001,3.9889840465642745,1.0986122886681098,7.597451511865824,3,Loyal Customers,1
17680.0,24,1,184.4,3.2188758248682006,0.6931471805599453,5.2225156531317545,2,Potential Customers,0
17682.0,10,6,2474.33,2.3978952727983707,1.9459101490553132,7.814128999448025,0,Champions,1
17684.0,44,1,239.41,3.8066624897703196,0.6931471805599453,5.482345799133678,1,At Risk Customers,0
17685.0,17,7,3155.83,2.8903717578961645,2.0794415416798357,8.057323638517671,0,Champions,1
17686.0,7,7,5739.46,2.0794415416798357,2.0794415416798357,8.655294625475447,0,Champions,1
17690.0,30,15,4726.8,3.4339872044851463,2.772588722239781,8.461215257006781,0,Champions,1
17691.0,358,2,290.40000000000003,5.883322388488279,1.0986122886681098,5.674696893761104,1,At Risk Customers,0
17692.0,127,4,740.9399999999999,4.852030263919617,1.6094379124341003,6.6092683773641365,3,Loyal Customers,1
17693.0,137,1,200.47,4.927253685157205,0.6931471805599453,5.305640486927818,1,At Risk Customers,0
17694.0,142,1,283.12,4.962844630259907,0.6931471805599453,5.649396684129609,1,At Risk Customers,0
17695.0,132,2,765.34,4.890349128221754,1.0986122886681098,6.641625935491769,1,At Risk Customers,1
17696.0,38,8,2285.71,3.6635616461296463,2.1972245773362196,7.734869382309582,3,Loyal Customers,1
17697.0,236,1,338.95,5.4680601411351315,0.6931471805599453,5.828798547972468,1,At Risk Customers,0
17698.0,261,1,154.95,5.568344503761097,0.6931471805599453,5.049535443053812,1,At Risk Customers,0
17700.0,17,4,2534.64,2.8903717578961645,1.6094379124341003,7.838201349644471,3,Loyal Customers,1
17701.0,253,1,417.95,5.537334267018537,0.6931471805599453,6.037751581059295,1,At Risk Customers,0
17702.0,30,4,1824.37,3.4339872044851463,1.6094379124341003,7.509537985193698,3,Loyal Customers,1
17703.0,35,3,798.74,3.58351893845611,1.3862943611198906,6.684286674843982,3,Loyal Customers,1
17704.0,169,2,885.19,5.135798437050262,1.0986122886681098,6.786931374567216,1,At Risk Customers,1
17705.0,3,9,1823.52,1.3862943611198906,2.302585092994046,7.5090722177237925,0,Champions,1
17706.0,4,17,10504.49,1.6094379124341003,2.8903717578961645,9.259653256646303,0,Champions,1
17707.0,185,2,152.4,5.225746673713202,1.0986122886681098,5.0330488889331555,1,At Risk Customers,0
17708.0,188,2,263.33,5.241747015059643,1.0986122886681098,5.577198322546748,1,At Risk Customers,0
17709.0,170,1,137.45,5.14166355650266,0.6931471805599453,4.9305092496169705,1,At Risk Customers,0
17711.0,11,2,385.1,2.4849066497880004,1.0986122886681098,5.956096403270191,2,Potential Customers,0
17712.0,45,1,522.91,3.828641396489095,0.6931471805599453,6.261319913844147,1,At Risk Customers,0
17714.0,321,1,153.0,5.7745515455444085,0.6931471805599453,5.0369526024136295,1,At Risk Customers,0
17715.0,201,1,326.4,5.308267697401205,0.6931471805599453,5.791182664937034,1,At Risk Customers,0
17716.0,23,11,5655.99,3.1780538303479458,2.4849066497880004,8.640647227620185,0,Champions,1
17718.0,232,1,139.35,5.4510384535657,0.6931471805599453,4.9441393028078915,1,At Risk Customers,0
17719.0,38,15,5396.04,3.6635616461296463,2.772588722239781,8.593605934116098,0,Champions,1
17720.0,26,4,1195.94,3.295836866004329,1.6094379124341003,7.087523578988375,3,Loyal Customers,1
17722.0,96,4,2424.04,4.574710978503383,1.6094379124341003,7.793603298080906,3,Loyal Customers,1
17723.0,127,6,3276.4000000000005,4.852030263919617,1.9459101490553132,8.094805704112124,3,Loyal Customers,1
17724.0,71,3,1033.0,4.276666119016055,1.3862943611198906,6.9411900550683745,3,Loyal Customers,1
17725.0,16,11,3439.08,2.833213344056216,2.4849066497880004,8.143250005910986,0,Champions,1
17727.0,15,1,1060.25,2.772588722239781,0.6931471805599453,6.967202737625557,2,Potential Customers,1
17728.0,4,3,2876.01,1.6094379124341003,1.3862943611198906,7.964506839388399,0,Champions,1
17730.0,3,13,5298.4800000000005,1.3862943611198906,2.6390573296152584,8.575363981519251,0,Champions,1
17731.0,79,4,1240.11,4.382026634673881,1.6094379124341003,7.123761419471479,3,Loyal Customers,1
17732.0,373,1,303.97,5.924255797414532,0.6931471805599453,5.7202134111139475,1,At Risk Customers,0
17733.0,39,2,692.19,3.6888794541139363,1.0986122886681098,6.541304131886272,2,Potential Customers,1
17734.0,54,3,700.63,4.007333185232471,1.3862943611198906,6.553406199550886,3,Loyal Customers,1
17735.0,2,19,13110.02,1.0986122886681098,2.995732273553991,9.481208376934894,0,Champions,1
17736.0,9,3,377.44,2.302585092994046,1.3862943611198906,5.936057539836243,2,Potential Customers,0
17737.0,9,2,168.24,2.302585092994046,1.0986122886681098,5.131317825851867,2,Potential Customers,0
17738.0,19,4,1879.05,2.995732273553991,1.6094379124341003,7.539053651215015,3,Loyal Customers,1
17739.0,12,7,2791.35,2.5649493574615367,2.0794415416798357,7.934638814191774,0,Champions,1
17742.0,113,2,355.11,4.736198448394496,1.0986122886681098,5.875239671888878,1,At Risk Customers,0
17744.0,4,6,2322.4,1.6094379124341003,1.9459101490553132,7.750786909079374,0,Champions,1
17746.0,240,1,110.25,5.484796933490655,0.6931471805599453,4.711779921046349,1,At Risk Customers,0
17747.0,113,1,71.4,4.736198448394496,0.6931471805599453,4.282206299391671,1,At Risk Customers,0
17749.0,178,2,674.52,5.187385805840755,1.0986122886681098,6.515482764659955,1,At Risk Customers,1
17750.0,5,9,1710.45,1.791759469228055,2.302585092994046,7.445096243403855,0,Champions,1
17752.0,359,1,80.64,5.886104031450156,0.6931471805599453,4.402319337941644,1,At Risk Customers,0
17754.0,1,5,1664.65,0.6931471805599453,1.791759469228055,7.417970716622433,0,Champions,1
17757.0,1,30,5593.39,0.6931471805599453,3.4339872044851463,8.629519588886271,0,Champions,1
17758.0,19,8,3408.2000000000003,2.995732273553991,2.1972245773362196,8.134232938648143,0,Champions,1
17759.0,17,3,819.96,2.8903717578961645,1.3862943611198906,6.7104743871936545,2,Potential Customers,1
17760.0,22,2,287.59,3.1354942159291497,1.0986122886681098,5.665006995704794,2,Potential Customers,0
17761.0,33,1,712.78,3.5263605246161616,0.6931471805599453,6.570574791610563,2,Potential Customers,1
17763.0,263,1,15.0,5.575949103146316,0.6931471805599453,2.772588722239781,1,At Risk Customers,0
17764.0,51,2,772.55,3.9512437185814275,1.0986122886681098,6.650990309165078,3,Loyal Customers,1
17765.0,159,3,367.63,5.075173815233827,1.3862943611198906,5.909793430963424,1,At Risk Customers,0
17767.0,15,1,271.2,2.772588722239781,0.6931471805599453,5.6065370902173655,2,Potential Customers,0
17768.0,8,3,2081.9,2.1972245773362196,1.3862943611198906,7.641516432427338,2,Potential Customers,1
17769.0,13,10,3957.43,2.6390573296152584,2.3978952727983707,8.283602760989174,0,Champions,1
17770.0,199,5,1143.27,5.298317366548036,1.791759469228055,7.042522158078838,3,Loyal Customers,1
17771.0,57,2,245.81,4.060443010546419,1.0986122886681098,5.508618809848949,1,At Risk Customers,0
17772.0,11,2,173.45,2.4849066497880004,1.0986122886681098,5.161638167632783,2,Potential Customers,0
17774.0,97,4,1213.73,4.584967478670572,1.6094379124341003,7.10227710885741,3,Loyal Customers,1
17775.0,255,1,56.4,5.545177444479562,0.6931471805599453,4.050044303325521,1,At Risk Customers,0
17777.0,25,3,647.56,3.258096538021482,1.3862943611198906,6.4747545206794515,2,Potential Customers,0
17779.0,21,3,650.32,3.091042453358316,1.3862943611198906,6.479001072896019,2,Potential Customers,0
17781.0,159,2,188.02,5.075173815233827,1.0986122886681098,5.24185282956691,1,At Risk Customers,0
17783.0,72,2,283.47,4.290459441148391,1.0986122886681098,5.650627799851681,1,At Risk Customers,0
17785.0,53,1,131.94,3.9889840465642745,0.6931471805599453,4.889897898613436,1,At Risk Customers,0
17786.0,85,2,266.85,4.454347296253507,1.0986122886681098,5.590427122326969,1,At Risk Customers,0
17787.0,153,4,1817.54,5.0369526024136295,1.6094379124341003,7.505789260335805,3,Loyal Customers,1
17788.0,74,2,1117.9,4.31748811353631,1.0986122886681098,7.020101338813675,3,Loyal Customers,1
17789.0,281,1,225.9,5.641907070938114,0.6931471805599453,5.424509391785796,1,At Risk Customers,0
17790.0,27,14,1964.3,3.332204510175204,2.70805020110221,7.58340018440594,0,Champions,1
17791.0,30,1,106.1,3.4339872044851463,0.6931471805599453,4.673762977453703,1,At Risk Customers,0
17793.0,25,1,300.34,3.258096538021482,0.6931471805599453,5.708239195373142,2,Potential Customers,0
17795.0,180,2,342.83,5.198497031265826,1.0986122886681098,5.840147349176718,1,At Risk Customers,0
17796.0,40,4,690.0,3.713572066704308,1.6094379124341003,6.53813982376767,3,Loyal Customers,1
17797.0,22,3,780.43,3.1354942159291497,1.3862943611198906,6.6611255745126075,2,Potential Customers,1
17799.0,22,10,3039.17,3.1354942159291497,2.3978952727983707,8.019668713889375,0,Champions,1
17800.0,37,9,1187.21,3.6375861597263857,2.302585092994046,7.080203251977793,3,Loyal Customers,1
17802.0,82,3,1285.04,4.418840607796598,1.3862943611198906,7.159323008512906,3,Loyal Customers,1
17805.0,74,1,512.31,4.31748811353631,0.6931471805599453,6.240879951161022,1,At Risk Customers,0
17806.0,11,1,546.04,2.4849066497880004,0.6931471805599453,6.304521925890991,2,Potential Customers,0
17809.0,16,12,5411.91,2.833213344056216,2.5649493574615367,8.596542120019182,0,Champions,1
17811.0,4,39,7761.82,1.6094379124341003,3.6888794541139363,8.957100949224584,0,Champions,1
17812.0,13,4,699.81,2.6390573296152584,1.6094379124341003,6.552236808926767,2,Potential Customers,1
17813.0,14,5,1698.07,2.70805020110221,1.791759469228055,7.437836321529504,3,Loyal Customers,1
17816.0,37,4,36.56,3.6375861597263857,1.6094379124341003,3.6259396543400624,1,At Risk Customers,0
17817.0,4,3,387.68,1.6094379124341003,1.3862943611198906,5.9627563829712384,2,Potential Customers,0
17819.0,72,7,3704.87,4.290459441148391,2.0794415416798357,8.217673327978565,3,Loyal Customers,1
17824.0,51,1,298.4,3.9512437185814275,0.6931471805599453,5.701780471985528,1,At Risk Customers,0
17827.0,5,5,1987.33,1.791759469228055,1.791759469228055,7.595050369416567,0,Champions,1
17828.0,23,4,1820.09,3.1780538303479458,1.6094379124341003,7.507190501900052,3,Loyal Customers,1
17829.0,299,1,889.24,5.703782474656201,0.6931471805599453,6.7914910892950235,1,At Risk Customers,1
17830.0,2,3,398.7,1.0986122886681098,1.3862943611198906,5.990714265717278,2,Potential Customers,0
17831.0,33,1,35.400000000000006,3.5263605246161616,0.6931471805599453,3.594568774642695,1,At Risk Customers,0
17832.0,50,1,155.37,3.9318256327243257,0.6931471805599453,5.052224993855419,1,At Risk Customers,0
17835.0,3,3,342.24,1.3862943611198906,1.3862943611198906,5.83842991093892,2,Potential Customers,0
17836.0,47,1,110.21000000000001,3.871201010907891,0.6931471805599453,4.71142030583075,1,At Risk Customers,0
17837.0,42,8,1541.23,3.7612001156935624,2.1972245773362196,7.340984699939525,3,Loyal Customers,1
17838.0,27,5,2720.8,3.332204510175204,1.791759469228055,7.909048705126217,3,Loyal Customers,1
17839.0,42,1,318.15,3.7612001156935624,0.6931471805599453,5.765661211702066,1,At Risk Customers,0
17841.0,2,124,40519.84,1.0986122886681098,4.8283137373023015,10.6095716886512,0,Champions,1
17843.0,303,1,205.48,5.717027701406222,0.6931471805599453,5.330203555410359,1,At Risk Customers,0
17844.0,107,1,51.559999999999995,4.68213122712422,0.6931471805599453,3.961955374176355,1,At Risk Customers,0
17846.0,85,1,2033.1,4.454347296253507,0.6931471805599453,7.617808739608441,3,Loyal Customers,1
17848.0,81,9,901.1999999999999,4.406719247264253,2.302585092994046,6.804836224974295,3,Loyal Customers,1
17849.0,218,4,605.8000000000001,5.389071729816501,1.6094379124341003,6.408199247474378,3,Loyal Customers,0
17850.0,372,34,5391.21,5.921578419643816,3.5553480614894135,8.59271059842128,0,Champions,1
17852.0,12,2,114.34,2.5649493574615367,1.0986122886681098,4.747884288187267,2,Potential Customers,0
17854.0,185,2,311.26,5.225746673713202,1.0986122886681098,5.743836174113374,1,At Risk Customers,0
17855.0,373,1,208.97,5.924255797414532,0.6931471805599453,5.346964663369558,1,At Risk Customers,0
17856.0,2,4,1418.03,1.0986122886681098,1.6094379124341003,7.25772881858561,2,Potential Customers,1
17857.0,4,23,26879.04,1.6094379124341003,3.1780538303479458,10.199139282731217,0,Champions,1
17858.0,6,12,5140.66,1.9459101490553132,2.5649493574615367,8.545131263508203,0,Champions,1
17859.0,305,1,141.92000000000002,5.723585101952381,0.6931471805599453,4.962285033155209,1,At Risk Customers,0
17860.0,369,1,226.45000000000002,5.91350300563827,0.6931471805599453,5.426930434016013,1,At Risk Customers,0
17861.0,3,8,2097.88,1.3862943611198906,2.1972245773362196,7.649159148105371,0,Champions,1
17862.0,324,1,330.9,5.783825182329737,0.6931471805599453,5.804833718725929,1,At Risk Customers,0
17863.0,59,6,3160.0,4.0943445622221,1.9459101490553132,8.058643712215618,3,Loyal Customers,1
17864.0,13,3,554.85,2.6390573296152584,1.3862943611198906,6.320498473679624,2,Potential Customers,0
17865.0,31,20,10526.32,3.4657359027997265,3.044522437723423,9.261729061813442,0,Champions,1
17866.0,143,1,329.65,4.969813299576001,0.6931471805599453,5.801060414120672,1,At Risk Customers,0
17867.0,30,6,1157.8700000000001,3.4339872044851463,1.9459101490553132,7.055200671388662,3,Loyal Customers,1
17869.0,107,5,428.18,4.68213122712422,1.791759469228055,6.061876411348347,3,Loyal Customers,0
17870.0,2,12,1865.89,1.0986122886681098,2.5649493574615367,7.532029223755638,0,Champions,1
17871.0,205,1,155.9,5.327876168789581,0.6931471805599453,5.055608659738987,1,At Risk Customers,0
17873.0,80,5,1848.96,4.394449154672439,1.791759469228055,7.522919296216998,3,Loyal Customers,1
17874.0,185,6,683.46,5.225746673713202,1.9459101490553132,6.528630206205813,3,Loyal Customers,1
17877.0,170,1,237.61,5.14166355650266,0.6931471805599453,5.474830419933934,1,At Risk Customers,0
17878.0,44,1,379.45,3.8066624897703196,0.6931471805599453,5.941354762622532,1,At Risk Customers,0
17879.0,174,1,178.51999999999998,5.1647859739235145,0.6931471805599453,5.190286622334331,1,At Risk Customers,0
17880.0,365,1,458.92,5.902633333401366,0.6931471805599453,6.131052561315036,1,At Risk Customers,0
17881.0,304,1,133.35000000000002,5.720311776607412,0.6931471805599453,4.9004483350615,1,At Risk Customers,0
17883.0,3,4,664.34,1.3862943611198906,1.6094379124341003,6.500298188193179,2,Potential Customers,0
17884.0,4,4,695.0699999999999,1.6094379124341003,1.6094379124341003,6.545450229989766,2,Potential Customers,1
17885.0,12,1,156.34,2.5649493574615367,0.6931471805599453,5.0584090689010965,2,Potential Customers,0
17886.0,32,3,869.28,3.4965075614664802,1.3862943611198906,6.768814998950002,3,Loyal Customers,1
17887.0,129,1,111.35,4.867534450455582,0.6931471805599453,4.721618998631338,1,At Risk Customers,0
17888.0,21,8,716.0,3.091042453358316,2.1972245773362196,6.57507584059962,3,Loyal Customers,1
17889.0,212,2,201.37,5.3612921657094255,1.0986122886681098,5.310097705083568,1,At Risk Customers,0
17890.0,323,2,586.89,5.780743515792329,1.0986122886681098,6.376539855568017,1,At Risk Customers,0
17891.0,162,1,203.85999999999999,5.093750200806762,0.6931471805599453,5.3223268190083886,1,At Risk Customers,0
17892.0,56,3,244.1,4.04305126783455,1.3862943611198906,5.501666290534067,1,At Risk Customers,0
17893.0,225,1,107.21,5.420534999272286,0.6931471805599453,4.684073783583557,1,At Risk Customers,0
17894.0,72,8,1118.96,4.290459441148391,2.1972245773362196,7.021048249365656,3,Loyal Customers,1
17895.0,44,1,95.45,3.8066624897703196,0.6931471805599453,4.569024739351738,1,At Risk Customers,0
17896.0,23,1,256.32,3.1780538303479458,0.6931471805599453,5.550320446542799,2,Potential Customers,0
17897.0,173,3,541.8100000000001,5.159055299214529,1.3862943611198906,6.2967593507829065,1,At Risk Customers,0
17898.0,85,2,152.06,4.454347296253507,1.0986122886681098,5.030830001381775,1,At Risk Customers,0
17899.0,159,1,154.55,5.075173815233827,0.6931471805599453,5.046967223343646,1,At Risk Customers,0
17900.0,190,2,112.19999999999999,5.25227342804663,1.0986122886681098,4.729156165769083,1,At Risk Customers,0
17901.0,29,1,110.38,3.4011973816621555,0.6931471805599453,4.7129477781615225,2,Potential Customers,0
17904.0,21,1,181.07,3.091042453358316,0.6931471805599453,5.204391228515873,2,Potential Customers,0
17905.0,71,4,798.99,4.276666119016055,1.6094379124341003,6.684599227589802,3,Loyal Customers,1
17906.0,247,1,72.9,5.5134287461649825,0.6931471805599453,4.302712827954156,1,At Risk Customers,0
17908.0,374,1,232.03,5.926926025970411,0.6931471805599453,5.451167200642247,1,At Risk Customers,0
17911.0,9,1,366.23,2.302585092994046,0.6931471805599453,5.9059883547555305,2,Potential Customers,0
17912.0,310,5,310.06,5.739792912179234,1.791759469228055,5.739985819616414,1,At Risk Customers,0
17913.0,59,2,408.65,4.0943445622221,1.0986122886681098,6.015303136587824,1,At Risk Customers,0
17914.0,4,1,329.36,1.6094379124341003,0.6931471805599453,5.800182968942516,2,Potential Customers,0
17917.0,45,3,335.03,3.828641396489095,1.3862943611198906,5.8172004416917575,2,Potential Customers,0
17919.0,88,1,1304.04,4.48863636973214,0.6931471805599453,7.173988970628047,3,Loyal Customers,1
17920.0,4,17,4119.5,1.6094379124341003,2.8903717578961645,8.323729794203437,0,Champions,1
17921.0,64,4,820.23,4.174387269895637,1.6094379124341003,6.710803216382034,3,Loyal Customers,1
17923.0,282,1,207.50000000000003,5.645446897643238,0.6931471805599453,5.339939041238856,1,At Risk Customers,0
17924.0,12,7,2962.5,2.5649493574615367,2.0794415416798357,7.994126281227893,0,Champions,1
17925.0,373,1,244.08,5.924255797414532,0.6931471805599453,5.501584687857454,1,At Risk Customers,0
17926.0,133,2,397.29,4.897839799950911,1.0986122886681098,5.98718038316893,1,At Risk Customers,0
17928.0,45,2,212.54,3.828641396489095,1.0986122886681098,5.363824168750156,1,At Risk Customers,0
17929.0,11,4,843.0,2.4849066497880004,1.6094379124341003,6.738152494595957,2,Potential Customers,1
17930.0,36,5,1740.48,3.6109179126442243,1.791759469228055,7.462490605387541,3,Loyal Customers,1
17931.0,134,2,408.36,4.90527477843843,1.0986122886681098,6.014594964496837,1,At Risk Customers,0
17932.0,29,3,1331.57,3.4011973816621555,1.3862943611198906,7.19486468749322,3,Loyal Customers,1
17934.0,52,2,704.25,3.970291913552122,1.0986122886681098,6.558552349882105,3,Loyal Customers,1
17935.0,138,2,145.79,4.9344739331306915,1.0986122886681098,4.989002993969142,1,At Risk Customers,0
17936.0,5,1,380.13,1.791759469228055,0.6931471805599453,5.943140524277792,2,Potential Customers,0
17937.0,9,7,4301.22,2.302585092994046,2.0794415416798357,8.366886447525236,0,Champions,1
17939.0,160,1,99.14,5.081404364984463,0.6931471805599453,4.606569206901798,1,At Risk Customers,0
17940.0,49,10,4020.04,3.912023005428146,2.3978952727983707,8.299295854621981,0,Champions,1
17941.0,131,1,304.56,4.882801922586371,0.6931471805599453,5.722146158673159,1,At Risk Customers,0
17942.0,8,1,77.50000000000001,2.1972245773362196,0.6931471805599453,4.363098624788363,2,Potential Customers,0
17946.0,233,2,149.57999999999998,5.455321115357702,1.0986122886681098,5.014494504421976,1,At Risk Customers,0
17947.0,37,1,176.68,3.6375861597263857,0.6931471805599453,5.179984179586172,1,At Risk Customers,0
17948.0,147,1,358.56000000000006,4.997212273764115,0.6931471805599453,5.884881061705198,1,At Risk Customers,0
17949.0,1,45,58510.48,0.6931471805599453,3.828641396489095,10.976978253283772,0,Champions,1
17950.0,72,3,482.2,4.290459441148391,1.3862943611198906,6.180430646620605,3,Loyal Customers,0
17951.0,40,3,1008.5400000000001,3.713572066704308,1.3862943611198906,6.917250060543926,3,Loyal Customers,1
17954.0,5,12,2314.13,1.791759469228055,2.5649493574615367,7.747221120451233,0,Champions,1
17955.0,199,4,557.3,5.298317366548036,1.6094379124341003,6.324896452316315,3,Loyal Customers,0
17956.0,249,1,12.75,5.521460917862246,0.6931471805599453,2.6210388241125804,1,At Risk Customers,0
17957.0,66,1,111.68,4.204692619390966,0.6931471805599453,4.724551943008172,1,At Risk Customers,0
17958.0,117,1,508.4599999999999,4.770684624465665,0.6931471805599453,6.233351341239327,1,At Risk Customers,0
17960.0,171,1,73.78,5.147494476813453,0.6931471805599453,4.314550469548967,1,At Risk Customers,0
17961.0,21,39,1296.44,3.091042453358316,3.6888794541139363,7.1681483711962475,0,Champions,1
17962.0,142,1,102.41,4.962844630259907,0.6931471805599453,4.638701669196884,1,At Risk Customers,0
17964.0,32,2,463.21,3.4965075614664802,1.0986122886681098,6.140337036046906,2,Potential Customers,0
17965.0,38,14,2599.19,3.6635616461296463,2.70805020110221,7.863339798262662,0,Champions,1
17966.0,38,5,1098.43,3.6635616461296463,1.791759469228055,7.0025471426656845,3,Loyal Customers,1
17967.0,372,1,112.27,5.921578419643816,0.6931471805599453,4.729774349212622,1,At Risk Customers,0
17968.0,374,1,265.1,5.926926025970411,0.6931471805599453,5.583872177983643,1,At Risk Customers,0
17969.0,166,2,228.2,5.117993812416755,1.0986122886681098,5.434594984840585,1,At Risk Customers,0
17970.0,211,1,562.79,5.356586274672012,0.6931471805599453,6.334681841736619,1,At Risk Customers,0
17972.0,242,1,135.19,5.493061443340548,0.6931471805599453,4.914050969580866,1,At Risk Customers,0
17973.0,52,1,337.04,3.970291913552122,0.6931471805599453,5.823164231676282,1,At Risk Customers,0
17974.0,25,3,703.99,3.258096538021482,1.3862943611198906,6.558183618314506,2,Potential Customers,1
17975.0,15,13,4483.26,2.772588722239781,2.6390573296152584,8.408328766453955,0,Champions,1
17976.0,372,1,321.79,5.921578419643816,0.6931471805599453,5.7770019569816125,1,At Risk Customers,0
17977.0,29,1,288.14,3.4011973816621555,0.6931471805599453,5.6669109998802965,2,Potential Customers,0
17978.0,365,1,300.91999999999996,5.902633333401366,0.6931471805599453,5.71016208162024,1,At Risk Customers,0
17979.0,36,4,732.41,3.6109179126442243,1.6094379124341003,6.597704890668348,3,Loyal Customers,1
17980.0,166,3,811.45,5.117993812416755,1.3862943611198906,6.700054373848785,3,Loyal Customers,1
17984.0,145,1,152.68,4.983606621708336,0.6931471805599453,5.034872518460301,1,At Risk Customers,0
17985.0,22,1,631.35,3.1354942159291497,0.6931471805599453,6.4494430383259855,2,Potential Customers,0
17986.0,56,1,20.8,4.04305126783455,0.6931471805599453,3.0819099697950434,1,At Risk Customers,0
17987.0,185,1,198.57,5.225746673713202,0.6931471805599453,5.2961650519798935,1,At Risk Customers,0
17988.0,12,7,201.12,2.5649493574615367,2.0794415416798357,5.308861580423708,2,Potential Customers,0
17990.0,237,3,630.84,5.472270673671475,1.3862943611198906,6.448636197538339,1,At Risk Customers,0
17991.0,225,2,93.35,5.420534999272286,1.0986122886681098,4.547011271814559,1,At Risk Customers,0
17994.0,122,4,674.89,4.812184355372417,1.6094379124341003,6.516030340908829,3,Loyal Customers,1
17995.0,282,1,76.1,5.645446897643238,0.6931471805599453,4.345103280569283,1,At Risk Customers,0
17997.0,74,8,1962.46,4.31748811353631,2.1972245773362196,7.582463502025479,3,Loyal Customers,1
17999.0,37,2,380.39,3.6375861597263857,1.0986122886681098,5.94382247363014,2,Potential Customers,0
18001.0,12,2,415.13,2.5649493574615367,1.0986122886681098,6.030997711443308,2,Potential Customers,0
18004.0,362,1,157.92,5.8944028342648505,0.6931471805599453,5.068400930946398,1,At Risk Customers,0
18005.0,4,2,226.47,1.6094379124341003,1.0986122886681098,5.42701836156377,2,Potential Customers,0
18006.0,23,1,444.68,3.1780538303479458,0.6931471805599453,6.09960120571256,2,Potential Customers,0
18008.0,70,9,2116.19,4.2626798770413155,2.302585092994046,7.657845016753332,3,Loyal Customers,1
18009.0,235,1,247.39,5.4638318050256105,0.6931471805599453,5.515000091600009,1,At Risk Customers,0
18010.0,257,1,174.8,5.552959584921617,0.6931471805599453,5.169346985251076,1,At Risk Customers,0
18011.0,373,1,102.78999999999999,5.924255797414532,0.6931471805599453,4.642369626977198,1,At Risk Customers,0
18013.0,155,2,187.29,5.049856007249537,1.0986122886681098,5.237983327508337,1,At Risk Customers,0
18014.0,28,1,162.22,3.367295829986474,0.6931471805599453,5.095098984041097,2,Potential Customers,0
18015.0,4,1,120.03,1.6094379124341003,0.6931471805599453,4.7960384487505126,2,Potential Customers,0
18016.0,32,5,1477.66,3.4965075614664802,1.791759469228055,7.298891551225709,3,Loyal Customers,1
18017.0,81,3,523.0,4.406719247264253,1.3862943611198906,6.261491684321042,3,Loyal Customers,0
18018.0,108,2,122.14,4.6913478822291435,1.0986122886681098,4.813321919483064,1,At Risk Customers,0
18019.0,52,1,38.45,3.970291913552122,0.6931471805599453,3.6750340472918834,1,At Risk Customers,0
18022.0,36,1,612.72,3.6109179126442243,0.6931471805599453,6.419538798077005,2,Potential Customers,0
18024.0,153,2,389.78,5.0369526024136295,1.0986122886681098,5.968144741786365,1,At Risk Customers,0
18027.0,99,1,115.31,4.605170185988092,0.6931471805599453,4.7562590403509475,1,At Risk Customers,0
18030.0,4,2,230.64999999999998,1.6094379124341003,1.0986122886681098,5.4452276118626575,2,Potential Customers,0
18032.0,334,1,73.5,5.814130531825066,0.6931471805599453,4.310799125385514,1,At Risk Customers,0
18033.0,65,1,93.82000000000001,4.189654742026425,0.6931471805599453,4.551980357473973,1,At Risk Customers,0
18034.0,22,2,418.68,3.1354942159291497,1.0986122886681098,6.039492516118564,2,Potential Customers,0
18035.0,36,3,713.89,3.6109179126442243,1.3862943611198906,6.572128684704628,3,Loyal Customers,1
18036.0,32,3,403.12,3.4965075614664802,1.3862943611198906,6.001711863559532,2,Potential Customers,0
18037.0,154,6,70.02,5.043425116919247,1.9459101490553132,4.262961527514942,1,At Risk Customers,0
18040.0,19,2,357.20000000000005,2.995732273553991,1.0986122886681098,5.881091489626612,2,Potential Customers,0
18041.0,12,21,4097.37,2.5649493574615367,3.091042453358316,8.318344612668472,0,Champions,1
18042.0,54,1,165.04999999999998,4.007333185232471,0.6931471805599453,5.112288947822756,1,At Risk Customers,0
18043.0,25,3,529.29,3.258096538021482,1.3862943611198906,6.273424026714671,2,Potential Customers,0
18044.0,4,10,2088.6,1.6094379124341003,2.3978952727983707,7.644727939082112,0,Champions,1
18045.0,45,1,178.34,3.828641396489095,0.6931471805599453,5.189283445523902,1,At Risk Customers,0
18048.0,203,2,172.29000000000002,5.318119993844216,1.0986122886681098,5.1549664916521545,1,At Risk Customers,0
18050.0,359,1,74.4,5.886104031450156,0.6931471805599453,4.32280727501391,1,At Risk Customers,0
18053.0,71,1,300.02,4.276666119016055,0.6931471805599453,5.707176707724217,1,At Risk Customers,0
18055.0,7,10,6761.34,2.0794415416798357,2.3978952727983707,8.819124262985744,0,Champions,1
18056.0,288,1,363.65,5.666426688112432,0.6931471805599453,5.898937989430242,1,At Risk Customers,0
18058.0,10,1,170.16,2.3978952727983707,0.6931471805599453,5.142598791548616,2,Potential Customers,0
18059.0,23,3,306.46,3.1780538303479458,1.3862943611198906,5.728344997484453,2,Potential Customers,0
18061.0,22,10,2119.41,3.1354942159291497,2.3978952727983707,7.659364745193834,0,Champions,1
18062.0,173,3,720.52,5.159055299214529,1.3862943611198906,6.581360097857453,3,Loyal Customers,1
18064.0,133,2,814.0,4.897839799950911,1.0986122886681098,6.703188113240863,1,At Risk Customers,1
18065.0,6,14,2392.83,1.9459101490553132,2.70805020110221,7.780649872736044,0,Champions,1
18066.0,75,1,318.0,4.330733340286331,0.6931471805599453,5.765191102784844,1,At Risk Customers,0
18067.0,40,1,396.33,3.713572066704308,0.6931471805599453,5.98476716966025,2,Potential Customers,0
18068.0,289,1,101.69999999999999,5.66988092298052,0.6931471805599453,4.631812116934513,1,At Risk Customers,0
18069.0,26,5,2009.24,3.295836866004329,1.791759469228055,7.606009396910227,3,Loyal Customers,1
18071.0,258,2,453.0,5.556828061699537,1.0986122886681098,6.118097198041348,1,At Risk Customers,0
18072.0,186,1,247.44,5.231108616854587,0.6931471805599453,5.515201367691102,1,At Risk Customers,0
18073.0,114,12,3859.82,4.74493212836325,2.5649493574615367,8.258634875130868,3,Loyal Customers,1
18074.0,374,1,489.6,5.926926025970411,0.6931471805599453,6.195629131824389,1,At Risk Customers,0
18075.0,23,10,2611.75,3.1780538303479458,2.3978952727983707,7.868158585474613,0,Champions,1
18077.0,8,11,2584.41,2.1972245773362196,2.4849066497880004,7.85763938171581,0,Champions,1
18078.0,217,2,336.13,5.384495062789089,1.0986122886681098,5.820468612643942,1,At Risk Customers,0
18079.0,45,4,3613.15,3.828641396489095,1.6094379124341003,8.192611975548187,3,Loyal Customers,1
18080.0,19,2,1231.5,2.995732273553991,1.0986122886681098,7.116799905916845,2,Potential Customers,1
18081.0,36,3,343.45,3.6109179126442243,1.3862943611198906,5.841948942039205,2,Potential Customers,0
18082.0,26,1,680.84,3.295836866004329,0.6931471805599453,6.524795026214043,2,Potential Customers,1
18084.0,16,1,90.47999999999999,2.833213344056216,0.6931471805599453,4.516120369154581,2,Potential Customers,0
18085.0,330,2,689.95,5.802118375377063,1.0986122886681098,6.538067462249494,1,At Risk Customers,1
18086.0,274,1,101.34,5.616771097666572,0.6931471805599453,4.628300603376946,1,At Risk Customers,0
18087.0,98,2,4055.7199999999993,4.59511985013459,1.0986122886681098,8.308130044310031,3,Loyal Customers,1
18088.0,61,1,166.03,4.127134385045092,0.6931471805599453,5.118173437001857,1,At Risk Customers,0
18092.0,2,11,9068.26,1.0986122886681098,2.4849066497880004,9.11264595212913,0,Champions,1
18093.0,93,4,2106.52,4.543294782270004,1.6094379124341003,7.653267179747945,3,Loyal Customers,1
18094.0,82,7,3017.3,4.418840607796598,2.0794415416798357,8.012449037966114,3,Loyal Customers,1
18095.0,313,2,580.0500000000001,5.749392985908253,1.0986122886681098,6.364836811668883,1,At Risk Customers,0
18096.0,12,3,849.06,2.5649493574615367,1.3862943611198906,6.745306935228424,2,Potential Customers,1
18097.0,8,6,2662.4,2.1972245773362196,1.9459101490553132,7.887358781068045,0,Champions,1
18099.0,127,1,168.31,4.852030263919617,0.6931471805599453,5.131731354140141,1,At Risk Customers,0
18101.0,11,2,222.4,2.4849066497880004,1.0986122886681098,5.4089638866351,2,Potential Customers,0
18102.0,1,60,259657.3,0.6931471805599453,4.110873864173311,12.467121814869783,0,Champions,1
18104.0,37,1,754.64,3.6375861597263857,0.6931471805599453,6.627565072288651,2,Potential Customers,1
18105.0,38,1,113.48000000000002,3.6635616461296463,0.6931471805599453,4.740400135248196,1,At Risk Customers,0
18106.0,330,1,421.9,5.802118375377063,0.6931471805599453,6.047135744478443,1,At Risk Customers,0
18108.0,254,1,271.0,5.541263545158426,0.6931471805599453,5.605802066295998,1,At Risk Customers,0
18109.0,2,26,8004.92,1.0986122886681098,3.295836866004329,8.987936546996973,0,Champions,1
18110.0,20,1,198.8,3.044522437723423,0.6931471805599453,5.297316866214453,2,Potential Customers,0
18112.0,12,2,352.69,2.5649493574615367,1.0986122886681098,5.868420823264403,2,Potential Customers,0
18113.0,369,1,76.32000000000001,5.91350300563827,0.6931471805599453,4.34795265434013,1,At Risk Customers,0
18114.0,290,1,220.1,5.673323267171493,0.6931471805599453,5.3986150878634005,1,At Risk Customers,0
18116.0,68,8,1403.1100000000001,4.23410650459726,2.1972245773362196,7.247158929095093,3,Loyal Customers,1
18117.0,26,1,315.65,3.295836866004329,0.6931471805599453,5.757797062962439,2,Potential Customers,0
18118.0,11,26,5625.08,2.4849066497880004,3.295836866004329,8.63516820864298,0,Champions,1
18119.0,368,1,180.7,5.910796644040527,0.6931471805599453,5.202356975402125,1,At Risk Customers,0
18120.0,214,1,111.15,5.3706380281276624,0.6931471805599453,4.719837260966218,1,At Risk Customers,0
18121.0,149,2,653.3,5.0106352940962555,1.0986122886681098,6.483565961875693,1,At Risk Customers,0
18122.0,8,6,1793.06,2.1972245773362196,1.9459101490553132,7.492236486875529,0,Champions,1
18123.0,24,2,574.4399999999999,3.2188758248682006,1.0986122886681098,6.355134965559101,2,Potential Customers,0
18125.0,30,4,1131.75,3.4339872044851463,1.6094379124341003,7.032403583547247,3,Loyal Customers,1
18126.0,61,1,200.92000000000002,4.127134385045092,0.6931471805599453,5.307871579352849,1,At Risk Customers,0
18127.0,19,3,347.08,2.995732273553991,1.3862943611198906,5.852432338412425,2,Potential Customers,0
18129.0,243,1,112.55000000000001,5.497168225293202,0.6931471805599453,4.732243268551567,1,At Risk Customers,0
18130.0,15,3,1059.39,2.772588722239781,1.3862943611198906,6.966392043966783,2,Potential Customers,1
18133.0,212,1,931.4999999999999,5.3612921657094255,0.6931471805599453,6.83786915151797,1,At Risk Customers,1
18135.0,29,5,681.9100000000001,3.4011973816621555,1.791759469228055,6.52636307929225,3,Loyal Customers,1
18136.0,63,3,784.33,4.1588830833596715,1.3862943611198906,6.666104011612187,3,Loyal Customers,1
18138.0,295,1,152.65,5.69035945432406,0.6931471805599453,5.034677288576494,1,At Risk Customers,0
18139.0,18,6,8438.34,2.9444389791664403,1.9459101490553132,9.040659385480165,0,Champions,1
18142.0,157,2,1019.52,5.062595033026967,1.0986122886681098,6.928067580294015,3,Loyal Customers,1
18143.0,117,2,1000.16,4.770684624465665,1.0986122886681098,6.908914606701983,3,Loyal Customers,1
18144.0,8,12,2888.75,2.1972245773362196,2.5649493574615367,7.968925272174377,0,Champions,1
18145.0,13,4,2861.55,2.6390573296152584,1.6094379124341003,7.959468114958852,3,Loyal Customers,1
18146.0,141,2,160.35000000000002,4.955827057601261,1.0986122886681098,5.083575918497971,1,At Risk Customers,0
18147.0,46,2,179.33999999999997,3.8501476017100584,1.0986122886681098,5.19484395807176,1,At Risk Customers,0
18149.0,51,3,612.0799999999999,3.9512437185814275,1.3862943611198906,6.4184954331307065,3,Loyal Customers,0
18150.0,32,3,566.58,3.4965075614664802,1.3862943611198906,6.341381708583334,2,Potential Customers,0
18151.0,135,2,653.35,4.912654885736052,1.0986122886681098,6.483642376501489,1,At Risk Customers,0
18154.0,3,2,399.19,1.3862943611198906,1.0986122886681098,5.991939434331194,2,Potential Customers,0
18155.0,75,3,371.62,4.330733340286331,1.3862943611198906,5.920559133592207,1,At Risk Customers,0
18156.0,13,2,675.64,2.6390573296152584,1.0986122886681098,6.517139373724178,2,Potential Customers,1
18158.0,9,2,453.4,2.302585092994046,1.0986122886681098,6.118977867406942,2,Potential Customers,0
18159.0,301,1,530.15,5.71042701737487,0.6931471805599453,6.275044467226023,1,At Risk Customers,0
18160.0,57,2,638.0600000000001,4.060443010546419,1.0986122886681098,6.459998346683129,3,Loyal Customers,0
18161.0,15,5,1618.69,2.772588722239781,1.791759469228055,7.3899900518904555,3,Loyal Customers,1
18164.0,37,1,399.65000000000003,3.6375861597263857,0.6931471805599453,5.99308822822408,2,Potential Customers,0
18165.0,177,1,302.46000000000004,5.181783550292085,0.6931471805599453,5.715249806097095,1,At Risk Customers,0
18167.0,23,3,1384.8600000000001,3.1780538303479458,1.3862943611198906,7.234076164546975,3,Loyal Customers,1
18168.0,176,6,1160.04,5.176149732573829,1.9459101490553132,7.057071434162108,3,Loyal Customers,1
18169.0,61,1,202.65,4.127134385045092,0.6931471805599453,5.316402834094422,1,At Risk Customers,0
18170.0,33,3,980.31,3.5263605246161616,1.3862943611198906,6.888888413724063,3,Loyal Customers,1
18171.0,59,5,1231.31,4.0943445622221,1.791759469228055,7.116645735818236,3,Loyal Customers,1
18172.0,15,20,7561.68,2.772588722239781,3.044522437723423,8.930980903708734,0,Champions,1
18173.0,87,4,2106.84,4.477336814478207,1.6094379124341003,7.653419005452328,3,Loyal Customers,1
18174.0,7,1,104.0,2.0794415416798357,0.6931471805599453,4.653960350157523,2,Potential Customers,0
18176.0,358,1,476.35,5.883322388488279,0.6931471805599453,6.168249974444042,1,At Risk Customers,0
18177.0,31,6,1340.8700000000001,3.4657359027997265,1.9459101490553132,7.20181944249662,3,Loyal Customers,1
18178.0,129,4,1590.81,4.867534450455582,1.6094379124341003,7.372627012548272,3,Loyal Customers,1
18179.0,9,6,1793.17,2.302585092994046,1.9459101490553132,7.4922977984414185,0,Champions,1
18180.0,5,6,1843.75,1.791759469228055,1.9459101490553132,7.520099045938476,0,Champions,1
18181.0,24,1,366.85,3.2188758248682006,0.6931471805599453,5.907675246378274,2,Potential Customers,0
18183.0,227,2,632.07,5.429345628954441,1.0986122886681098,6.450581000548326,1,At Risk Customers,0
18184.0,15,1,49.8,2.772588722239781,0.6931471805599453,3.927896354584436,2,Potential Customers,0
18185.0,249,1,304.25,5.521460917862246,0.6931471805599453,5.721131112990814,1,At Risk Customers,0
18188.0,15,3,2001.04,2.772588722239781,1.3862943611198906,7.601921939695548,3,Loyal Customers,1
18189.0,78,2,1090.24,4.3694478524670215,1.0986122886681098,6.995069943308846,3,Loyal Customers,1
18190.0,192,2,284.46000000000004,5.262690188904886,1.0986122886681098,5.654101914201623,1,At Risk Customers,0
18191.0,262,1,207.79999999999998,5.572154032177765,0.6931471805599453,5.341376856008484,1,At Risk Customers,0
18192.0,72,1,957.97,4.290459441148391,0.6931471805599453,6.865859791808101,1,At Risk Customers,1
18193.0,165,1,243.76,5.111987788356544,0.6931471805599453,5.500278138594339,1,At Risk Customers,0
18194.0,82,1,973.8399999999999,4.418840607796598,0.6931471805599453,6.882273354967445,1,At Risk Customers,1
18196.0,95,2,686.63,4.564348191467836,1.0986122886681098,6.533250902574385,1,At Risk Customers,1
18198.0,4,17,5425.56,1.6094379124341003,2.8903717578961645,8.599060694675584,0,Champions,1
18200.0,106,1,150.35,4.672828834461906,0.6931471805599453,5.019595035467727,1,At Risk Customers,0
18202.0,200,3,1396.99,5.303304908059076,1.3862943611198906,7.242790769692349,3,Loyal Customers,1
18203.0,157,1,160.42000000000002,5.062595033026967,0.6931471805599453,5.084009663896226,1,At Risk Customers,0
18204.0,71,3,1975.35,4.276666119016055,1.3862943611198906,7.589006988129015,3,Loyal Customers,1
18205.0,36,2,517.36,3.6109179126442243,1.0986122886681098,6.2506699815672135,2,Potential Customers,0
18209.0,29,1,139.10000000000002,3.4011973816621555,0.6931471805599453,4.942356453342962,2,Potential Customers,0
18210.0,2,6,2621.38,1.0986122886681098,1.9459101490553132,7.871837581358896,0,Champions,1
18211.0,26,5,600.07,3.295836866004329,1.791759469228055,6.3987114002985646,3,Loyal Customers,0
18212.0,326,1,216.07,5.7899601708972535,0.6931471805599453,5.380219882167671,1,At Risk Customers,0
18213.0,237,1,232.48000000000002,5.472270673671475,0.6931471805599453,5.453096420335591,1,At Risk Customers,0
18215.0,89,1,299.34000000000003,4.499809670330265,0.6931471805599453,5.7049151662521345,1,At Risk Customers,0
18216.0,31,1,481.75,3.4657359027997265,0.6931471805599453,6.179498921308624,2,Potential Customers,0
18217.0,29,2,621.75,3.4011973816621555,1.0986122886681098,6.43414515414229,2,Potential Customers,0
18218.0,211,2,641.92,5.356586274672012,1.0986122886681098,6.46602029970094,1,At Risk Customers,0
18219.0,3,10,2069.77,1.3862943611198906,2.3978952727983707,7.635675797768084,0,Champions,1
18220.0,227,1,305.28000000000003,5.429345628954441,0.6931471805599453,5.724499716244923,1,At Risk Customers,0
18221.0,22,5,1041.61,3.1354942159291497,1.791759469228055,6.949482463694109,3,Loyal Customers,1
18222.0,93,1,443.0,4.543294782270004,0.6931471805599453,6.095824562432225,1,At Risk Customers,0
18223.0,5,14,6484.54,1.791759469228055,2.70805020110221,8.777330362366365,0,Champions,1
18224.0,264,1,158.95000000000002,5.579729825986222,0.6931471805599453,5.074861266395527,1,At Risk Customers,0
18225.0,3,12,5504.96,1.3862943611198906,2.5649493574615367,8.61358642087413,0,Champions,1
18226.0,44,11,5228.05,3.8066624897703196,2.4849066497880004,8.561984896200169,0,Champions,1
18227.0,218,1,93.75,5.389071729816501,0.6931471805599453,4.5512418439625355,1,At Risk Customers,0
18228.0,57,2,779.9,4.060443010546419,1.0986122886681098,6.660447100668629,3,Loyal Customers,1
18229.0,12,20,7276.900000000001,2.5649493574615367,3.044522437723423,8.892597638039238,0,Champions,1
18230.0,9,7,2810.2000000000003,2.302585092994046,2.0794415416798357,7.941366717432833,0,Champions,1
18231.0,192,5,2071.77,5.262690188904886,1.791759469228055,7.636641155966783,3,Loyal Customers,1
18232.0,82,4,592.97,4.418840607796598,1.6094379124341003,6.386828813036717,3,Loyal Customers,0
18233.0,326,1,440.0,5.7899601708972535,0.6931471805599453,6.089044875446846,1,At Risk Customers,0
18235.0,72,3,1796.48,4.290459441148391,1.3862943611198906,7.494140962968628,3,Loyal Customers,1
18236.0,30,6,882.24,3.4339872044851463,1.9459101490553132,6.783596964352348,3,Loyal Customers,1
18237.0,3,5,987.1,1.3862943611198906,1.791759469228055,6.895783907200917,2,Potential Customers,1
18239.0,219,5,1561.6100000000001,5.393627546352362,1.791759469228055,7.354112779132593,3,Loyal Customers,1
18240.0,46,1,422.58,3.8501476017100584,0.6931471805599453,6.0487423982594555,1,At Risk Customers,0
18241.0,10,17,2073.09,2.3978952727983707,2.8903717578961645,7.637277782254905,0,Champions,1
18242.0,72,4,2232.4900000000002,4.290459441148391,1.6094379124341003,7.711320663504336,3,Loyal Customers,1
18245.0,7,7,2567.06,2.0794415416798357,2.0794415416798357,7.850906029022887,0,Champions,1
18246.0,24,2,596.1,3.2188758248682006,1.0986122886681098,6.392084603552947,2,Potential Customers,0
18248.0,123,2,804.02,4.820281565605037,1.0986122886681098,6.690867121830435,1,At Risk Customers,1
18249.0,17,1,95.34,2.8903717578961645,0.6931471805599453,4.567883601202075,2,Potential Customers,0
18250.0,310,1,349.27,5.739792912179234,0.6931471805599453,5.858704285656805,1,At Risk Customers,0
18251.0,87,1,4314.72,4.477336814478207,0.6931471805599453,8.370019449389407,3,Loyal Customers,1
18252.0,51,2,518.27,3.9512437185814275,1.0986122886681098,6.252423979106417,2,Potential Customers,0
18255.0,89,1,103.3,4.499809670330265,0.6931471805599453,4.647271362006727,1,At Risk Customers,0
18257.0,39,8,2337.63,3.6888794541139363,2.1972245773362196,7.757320566811742,3,Loyal Customers,1
18259.0,25,3,2338.6000000000004,3.258096538021482,1.3862943611198906,7.757735253568871,3,Loyal Customers,1
18260.0,173,6,2628.35,5.159055299214529,1.9459101490553132,7.874491946336666,3,Loyal Customers,1
18261.0,43,2,324.24,3.784189633918261,1.0986122886681098,5.784563371339637,2,Potential Customers,0
18262.0,140,1,149.48,4.948759890378168,0.6931471805599453,5.013830184992774,1,At Risk Customers,0
18263.0,26,3,1213.1599999999999,3.295836866004329,1.3862943611198906,7.10180775865179,3,Loyal Customers,1
18265.0,72,2,801.51,4.290459441148391,1.0986122886681098,6.687744315985722,3,Loyal Customers,1
18268.0,134,1,25.5,4.90527477843843,0.6931471805599453,3.2771447329921766,1,At Risk Customers,0
18269.0,366,1,168.6,5.905361848054571,0.6931471805599453,5.133442723357803,1,At Risk Customers,0
18270.0,38,2,283.15,3.6635616461296463,1.0986122886681098,5.649502267743131,2,Potential Customers,0
18272.0,3,6,3078.58,1.3862943611198906,1.9459101490553132,8.03254850303289,0,Champions,1
18273.0,2,3,204.0,1.0986122886681098,1.3862943611198906,5.3230099791384085,2,Potential Customers,0
18274.0,30,1,175.92,3.4339872044851463,0.6931471805599453,5.1756976530001255,2,Potential Customers,0
18276.0,44,1,335.86,3.8066624897703196,0.6931471805599453,5.81966741377024,1,At Risk Customers,0
18277.0,58,1,110.38,4.07753744390572,0.6931471805599453,4.7129477781615225,1,At Risk Customers,0
18278.0,74,1,173.9,4.31748811353631,0.6931471805599453,5.164214382024556,1,At Risk Customers,0
18280.0,278,1,180.60000000000002,5.631211781821365,0.6931471805599453,5.201806466167193,1,At Risk Customers,0
18281.0,181,1,80.82,5.204006687076795,0.6931471805599453,4.404521712501253,1,At Risk Customers,0
18282.0,8,2,178.05,2.1972245773362196,1.0986122886681098,5.187665096444442,2,Potential Customers,0
18283.0,4,16,2045.53,1.6094379124341003,2.833213344056216,7.623900954999213,0,Champions,1
18287.0,43,3,1837.28,3.784189633918261,1.3862943611198906,7.516585630812605,3,Loyal Customers,1
